<?xml version="1.0" encoding="UTF-8"?>
<treaty>
  <meta>
    <name>Central European Free Trade Agreement (CEFTA)</name>
    <type>Free Trade Agreement</type>
    <wto_rta_id>215</wto_rta_id>
    <treaty_identifier>189</treaty_identifier>
    <status>Inactive</status>
    <notification>GATT Art. XXIV</notification>
    <date_signed>1992-12-21</date_signed>
    <date_into_force>1993-03-01</date_into_force>
    <date_notification>1994-06-30</date_notification>
    <end_implementation/>
    <date_inactive>2004-05-01</date_inactive>
    <parties_original>
      <partyisocode n="1">CZE</partyisocode>
      <partyisocode n="2">HUN</partyisocode>
      <partyisocode n="3">POL</partyisocode>
      <partyisocode n="4">SVK</partyisocode>
    </parties_original>
    <parties>
      <partyisocode n="1"/>
    </parties>
    <composition>Plurilateral</composition>
    <region>Europe</region>
    <parties_wto>Yes</parties_wto>
    <crossregional>No</crossregional>
    <language>en</language>
    <source lang="en" type="full text">http://docsonline.wto.org/imrd/gen_redirectsearchdirect.asp?RN=0&amp;searchtype=browse&amp;query=@meta_Symbol"WT/REG11/3"&amp;language=1&amp;ct=DDFEnglish</source>
    <source lang="es" type="full text">http://docsonline.wto.org/imrd/gen_redirectsearchdirect.asp?RN=0&amp;searchtype=browse&amp;query=@meta_Symbol"WT/REG11/3"&amp;language=3&amp;ct=DDFSpanish</source>
    <source lang="fr" type="full text">http://docsonline.wto.org/imrd/gen_redirectsearchdirect.asp?RN=0&amp;searchtype=browse&amp;query=@meta_Symbol"WT/REG11/3"&amp;language=2&amp;ct=DDFFrench</source>
  </meta>
  <body>
    <chapter name="Preamble" chapter_identifier="2029">
      <article number="ARTICLE I" name="Objectives" article_identifier="17079">1. The Parties shall gradually establish a free-trade area in accordance with the provisions of the 
present Agreement and in conformity with Article XXIV of the General Agreement on Tariffs and 
Trade in a transitional period ending on 1 January 2001, at the latest. 



2. 	The objectives of the present Agreement are: 



(a) 	topromotethroughtheexpansionoftradetheharmoniousdevelopmentoftheeconomic 
relationsbetween thePartiesandthus to foster inthe Parties theadvanceofeconomic 
activity, the improvement of living and employment conditions, and increased 
productivity and financial stability, 



(b) 	to provide fair conditions of competition for trade between the Parties, 



(c) 	to contribute in this way, by the removal of barriers to trade, to the harmonious 
development and expansion of world trade.</article>
    </chapter>
    <chapter number="CHAPTER I" name="Industrial Products" chapter_identifier="2030">
      <article number="ARTICLE 2" name="Scope" article_identifier="17080">The provisions of this Chapter shall apply to industrial products originating in the Parties. 
The term "industrial products" means for the purpose of this Agreement the products falling within 
Chapters 25 to 97 of the Harmonized Commodity Description and Coding System, with the exception of the products listed in Annex I.</article>
      <article number="ARTICLE 3" name="Customs Duties On Imports" article_identifier="17081">1. 	No new customs duty on imports shall be introduced in trade between the Parties. 



2. CustomsdutiesonimportsshallbeabolishedinaccordancewiththeprovisionsinProtocols 1,2 
and 3. 
Provisions for the abolition of customs duties on imports between: 
-the Czech Republic and the Slovak Republic on the one side and the Republic of 
Hungary on the other side are laid down in Protocol 1; 
-theCzechRepublicandtheSlovakRepublicontheonesideandtheRepublicofPoland 
on the other side are laid down in Protocol 2; 
-the Republic of Hungary and the Republic of Poland are laid down in Protocol 3.</article>
      <article number="ARTICLE 4" name="Basic Duties" article_identifier="17082">1. For each product the basic duty to which the successive reductions set out in this Agreement 
are to be applied shall be the most-favoured-nation rate of duty applicable on 29 February 1992. 



2. If, after entry into force of the Agreement, any tariff reduction is applied on an erga omnes 
basis, inparticularreductionresultingfromthetariffagreementconcludedasaresultoftheUruguay 
Round of multilateral trade negotiations, such reduced duties shall replace the basic duties referred 
to in paragraph 1 as from that date when such reductions are applied. 



3. The reduced duties calculated in accordance with Article 2 shall be applied rounded to the first 
decimal place. 



4. 	The Parties shall communicate to each other their respective customs duties.</article>
      <article number="ARTICLE 5" name="Charges Equivalent To Duties" article_identifier="17083">1. No new charge having an effect equivalent to a customs duty on imports shall be introduced 
in trade between the Parties. 



2. All charges having an effect equivalent to customs duties on imports shall be abolished on the 
date of the entry into force of this Agreement, except as provided for in Annex Il.</article>
      <article number="ARTICLE 6" name="Fiscal Duties" article_identifier="17084">The provisions of Article 3 shall also apply to customs duties of a fiscal nature.</article>
      <article number="ARTICLE 7" name="Customs Duties On Exports And Charges Having Equivalent Effect" article_identifier="17085">1. No customs duty on exports or charge having equivalent effect shall be introduced in trade 
between the Parties. 



2. ThePartiesshallprogressivelyabolishamongthematthelatestby 1January1997anycustoms 
duties on exports and charges having equivalent effect.</article>
      <article number="ARTICLE 8" name="Quantitative Restrictions On Imports And Rneasures Having Equivalent Effect" article_identifier="17086">1. No new quantitative restrictions on imports or measures having equivalent effect shall be 
introduced in trade between the Parties. 



2. All quantitative restrictions and measures having equivalent effect on imports of products 
originating in the Parties shall be abolished on the date of entry into force of the Agreement, except 
as provided for in Annexes III/a, III/b and 111/c</article>
      <article number="ARTICLE 9" name="Quantitative Restrictions On Exports And Measures Having Equivalent Effect" article_identifier="17087">1. No new quantitative restrictions on exports or measures having equivalent effect shall be 
introduced in trade between the Parties. 



2. All quantitative restrictions on exports from the Parties and measures having equivalent effect 
shall be abolished on the date of entry into force of the Agreement, except as provided for in 
Annexes IV/a, IV/b and IV/c.</article>
      <article number="ARTICLE 10" name="Information Procedure On Draft Technical Regulations" article_identifier="17088">1. The Parties shall notify each other at the earliest practicable stage and in accordance with the 
provisions laid down in Annex V of draft technical regulations and draft amendments thereto, which 
they intend to issue. 



2. The Joint Committee shall decide on the date for implementing the provisions in paragraph 1.</article>
    </chapter>
    <chapter number="CHAPTER II" name="Agricultural Products" chapter_identifier="2031">
      <article number="ARTICLE 11" name="Scope" article_identifier="17089">1. The provisions of this Chapter shall apply to agricultural products originating in the Parties 
to this Agreement. 



2. The term "agricultural products" means for the purpose ofthis Agreement the products falling 
withinChapter 1to24oftheHarmonizedCommodityDescriptionandCodingSystemandtheproducts 
listed in Annex I.</article>
      <article number="ARTICLE 12" name="Exchange Of Concessions" article_identifier="17090">1. The Parties to this Agreement grant each other the concessions, specified in Protocols 4, 5 
and 6 in accordance with provisions of this Chapter and laid down in those Protocols. 
Concessions exchanged between: 
-the Czech Republic and the Slovak Republic on the one side and the Republic of 
Hungary on the other side are specified in Protocol 4; 
-theCzechRepublicandtheSlovakRepublicontheonesideandtheRepublicofPoland 


on the other side are specified in Protocol 5; 
-the Republic of Hungary and the Republic of Poland are specified in Protocol 6. 


2. Taking account of: 


-the role of agriculture in their economies, 
-the development of trade in agricultural products between the Parties, 
-the particular sensitivity of the agricultural products, 
-the rules of their agricultural policies, 


-the consequences of the multilateral trade negotiations under the General Agreement 
on Tariffs and Trade, 


the Parties shall examine the possibilities of granting each other further concessions.</article>
      <article number="ARTICLE 13" name="Concessions And Agricultural, Policies" article_identifier="17091">1. Without prejudice to the concessions granted under Article 12, the provisions of this Chapter
shall not restrict in any way the pursuance of the respective agricultural policies of the Parties or the 
takingofanymeasuresundersuchpolicies, includingtheimplementationofthe resultsoftheUruguay 
Round agreements. 



2. The Parties shall notify to the Joint Committee changes in their respective agricultural policies 
pursued or measures applied which may affect the conditions of agricultural trade among them as 
provided forinthisAgreement. OntherequestofaPartypromptconsultations shallbeheldtoexamine 
the situation.</article>
      <article number="ARTICLE 14" name="Specific Safeguards" article_identifier="17092">Notwithstanding other provisions of this Agreement and in particular Article 27, if, given the 
particularsensitivityoftheagriculturalmarkets,importsofproductsoriginating inaParty,whichare 
the subject to concessions granted under this Agreement, cause serious disturbance to the markets of 
the other Party or Parties, the Parties concerned shall enter into consultations imrnediately to find an 
appropriate solution. Pending such solution, the Parties concerned may take measures they deem 
necessary.</article>
      <article number="ARTICLE 15" name="Sanitary And Phytosanitary Measures" article_identifier="17093">The Parties shall apply their regulations in veterinary, plant health and health matters in a nondiscriminatory fashionand shall not introduceanynewmeasures thathavethe effectofundulyobstructing
trade.</article>
    </chapter>
    <chapter number="CHAPTER III" name="General Provisions" chapter_identifier="2032">
      <article number="ARTICLE 16" name="Rules Of Origin And Co-Operation In Customs Administration" article_identifier="17094">1. Protocol 7 lays down the rules of origin and related methods of administrative co-operation. 



2. The Parties shall take appropriate measures, including regular reviews by the Joint Committee 

and arrangements for administrative co-operation, to ensure that the provisions of Protocol 7 and 
Articles 3to9, 12,17and28oftheAgreementareeffectivelyandharmoniouslyapplied,andtoreduce, 
as far as possible the formalities imposed on trade, and to achieve mutually satisfactory solutions to 


any difficulties arising from the operation of those provisions.</article>
      <article number="ARTICLE 17" name="Internal Taxation" article_identifier="17095">1. ThePartiesshallrefrainfromanymeasureorpracticeofaninternalfiscalnatureestablishing, 
whether directly or indirectly, discrimination between the products originating in the Parties. 



2. Products exported to the territory of one of the Parties may not benefit from repayment of 
internal taxation in excess of the amount of direct or indirect taxation imposed on then.</article>
      <article number="ARTICLE 18" name="General Exceptions" article_identifier="17096">This Agreement shall not preclude prohibitions or restrictions on imports, exports or goods 
in transit justified on grounds of public morality, public policy or public security; the protection of 
health and life of huinans, animals or plants; the protection of national treasures possessing artistic, 
historic or archaeological value; protection of intellectual property or rules relating to gold or silver 
ortheconservationofexhaustiblenaturalresources ifsuchmeasuresaremadeeffectiveinconjunction 
with restrictions on domestic production or consumption. Such prohibitions or restrictions shall not, 
however, constitute a means of arbitrary discrimination or a disguised restriction on trade between 
the Parties.</article>
      <article number="ARTICLE 19" name="Security Exceptions" article_identifier="17097">Nothing in this Agreement shall prevent a Party from taking any measure which it considers 
necessary: 



(a) 	to prevent the disclosure of information contrary to its essential security interests; 



(b) 	for the protection of its essential security interests or for the implementation of 
international obligations or national policies; 



(i) 	relating to the traffic in arms, ammunition and implements of war, provided 
that such measures do not impair the conditions of competition in respect of 
products not intended for special military purposes, and to such traffic in other 
goods, materials and services as is carried on directly or indirectly for the 
purpose of supplying a military establishment; or 



(ii) 	relating to the non proliferation of biological and chemical weapons, nuclear 
weapons or other nuclear explosive devices; or 

(iii) 	taken in time of war or other serious international tension.</article>
      <article number="ARTICLE 20" name="State Monopolies" article_identifier="17098">1. The Parties shall adjust progressively any State monopoly of a commercial character so as to 
ensure that by the end of the fifth year after the entry into force of the Agreement, no discrimination 



regarding the conditions under which goods are procured and marketed exists between nationals of 
the Parties. The Joint Committee will be informed about the measures adopted to implement this 
objective. 


2. The provisions ofthis Article shall apply to any body through which the competent authorities 
oftheParties, inlaworinfact, eitherdirectlyorindirectlysupervise,determineorappreciablyinfluence 
imports or exports between the Parties. These provisions shall likewise apply to monopolies delegated 
by the State to others.</article>
      <article number="ARTICLE 21" name="Payments" article_identifier="17099">1. Payments in freely convertible currencies relating to trade in goods between the Parties and 
the transfer of such payments to the territory of the State, Party to this Agreement. where the creditor 
resides shall be free from any restrictions. 



2. The Parties shall refrain from any exchange or administrative restrictions on the grant, repayment 
or acceptance of short and medium term credits to trade in goods in which a resident participates. 



3. Notwithstanding paragraph 2, until Article VIII of the Articles of Agreement of the IMF becomes 
applicable for the Parties, the Parties reserve the right to apply exchange restrictions on the grant or 
acceptanceofshortandmediumterm credits related totrade ingoods totheextentpermitted according 
totheirstatusundertheIMF,providedthattheserestrictions areapplied inanon-discriminatorymanner 
as regards the origin of the products and that they are not applied only to specific products or kind 
of products. The restrictions shall be of limited duration and shall be eliminated when conditions no 
longer justify their maintenance. The Parties shall inform the Joint Committee promptly of the 
introduction of such measures and of any changes therein.</article>
      <article number="ARTICLE 22" name="Rules Of Competition Concerning Undertakings" article_identifier="17100">I. The following are incompatible with the proper functioning of this Agreement in so far as they 
may affect trade between the Parties: 



(a) 	all agreements between undertakings, decisions by associations of undertakings and 
concerted practices between undertakings which have as their object or effect the 
prevention, restriction or distortion of competition; 



(b) 	abusebyoneormoreundertakingsofadominantpositionintheterritoriesoftheParties 
as a whole or in a substantial part thereof. 

2. Theprovisionsofparagraph 1shallapplytotheactivitiesofallundertakingsincludingpublic
undertakings and undertakings to which the Parties grant special or exclusive rights. 


Undertakings entrusted with the operation of services of general economic interest or having
the character of a revenue-producing monopoly, shall be subject to provisions of paragraph 1 insofar 
astheapplicationoftheseprovisionsdoesnotobstructtheperformance, inlaworfact,oftheparticular
public tasks assigned to them. 



3. With regard to products referred to in Chapter Il the provisions stipulated in paragraph I (a) 
shall not apply to such agreements, decisions and practices which form an integral part of a national 
market organization. 



4. If a Party considers that a given practice is incompatible with paragraphs 1, 2 and 3 of this 
Article and if such practice causes or threatens to cause serious prejudice to the interest of that Party 
or material injury to its domestic industry, it may take appropriate measures under the conditions and 
in accordance with the procedure laid down in Article 31.</article>
      <article number="ARTICLE 23" name="State Aid" article_identifier="17101">1. Any aid granted by a State being a Party to this Agreement or through State resources in any 
form whatsoever which distorts or threatens to distort competition by favouring certain undertakings 
or the production of certain goods shall in so far as it may affect trade between this Party and other 
Parties to this Agreement, be incompatible with the proper functioning of this Agreement. 



2. The provisions of paragraph 1 shall not apply to products referred to in Chapter II. 



3. The Joint Committee shall, within three years from the entry into force of this Agreement, 
adoptthecriteriaonthebasisofwhichthepracticescontrarytoparagraph 1shallbeassessed,aswell 
as the rules for their implementation. 



4. The Parties shall ensure transparency in the area of state aid, inter alia by reporting annually 
to the Joint Committee on the total amount and the distribution of the aid given and by providing to 
the other Parties, upon request, information on aid schemes and on particular individual cases of state 
aid. 



5. If a Party considers that a particular practice, including that in agriculture: 

-is incompatible with the terms of paragraph 1, and is not adequately dealt with under 
the implementing rules referred to in paragraph 3, or 


-in the absence of such rules, and if such practice causes or threatens to cause serious 
prejudice to the interest of that Party or material injury to its domestic industry, 


it may take appropriate measures under the conditions of and in accordance with the provisions laid 
down in Article 31. 


Such appropriate measures may only be taken in conformity with the procedures and under 
theconditions laiddownbytheGATTandanyotherrelevantinstrumentnegotiatedunder itsauspices
which are applicable between the Parties concerned.</article>
      <article number="ARTICLE 24" name="Government Procurement" article_identifier="17102">1. The Parties consider the liberalization of their respective government procurement markets 
as an objective of this Agreement. 



2. ThePartiesshallprogressivelydeveloptheirrespectiveregulationsforgovernmentprocurement 
with a view to grant suppliers of the other Parties by the end of the transitional period referred to in 
Article 1 of this Agreement, at the latest, access to contract award procedures on their respective 
governmentprocurement marketsaccordingtotheprovisionsoftheGATTAgreementonGovernment 
Procurement of 12 April 1979, as amended by a Protocol of Amendmnents of 2 February 1987. 



3. The Joint Committee shall examine developments related to the achievement of the objectives 
ofthis Articleandmayrecommend practicalmodalitiesofimplementing theprovisionsofparagraph 2 
of this Article so as to ensure free access, transparency and full balance of rights and obligations. 



4. During the examination referred to in paragraph 3 of this Article, the Joint Committee may 
consider, especially in the light of developments in this area in international relations, the possibility 
of extending the coverage and/or the degree of the market opening provided for in paragraph 2. 



5. The Parties shall endeavour to accede to the relevant Agreements negotiated under the auspices 
of the GATT.</article>
      <article number="ARTICLE 25" name="Protection Of Intellectual Property" article_identifier="17103">1. The Parties shall grant and ensure protection of intellectual property rights on a nondiscriminatorybasis,includingmeasuresforthegrantandenforcementofsuchrights. Theprotection 
shall be gradually improved and, before the end of the fifth year after the entry into force of this 
Agreement, of a level corresponding to the substantive standards of the multilateral agreements which 
are specified in Annex VI. 



2. For the purpose of this Agreement "intellectual property protection" includes in particular 
protection ofcopyright, comprisingcomputerprogramsanddatabases,andneighbouring rights, trade 
marks, geographical indications, industrial designs, patents, topographies of integrated circuits, as well 
as undisclosed information on know-how. 



3. Protection of topographies of integrated circuits ensured by any Party shall be granted on 
reciprocal basis. 



4. The Parties shall co-operate in matters of intellectual property. They shall hold, upon request 
of any Party, expert consultations on these matters, in particular on activities relating to the existing 
or to future international conventions on harmonization, administration and enforcement ofintellectual 
property and on activities in international organizations, such as the General Agreement on Tariffs 
and Trade, WIPO, as well as relations of Parties with third countries onmatters concerning intellectual 
property.</article>
      <article number="ARTICLE 26" name="Dumping" article_identifier="17104">If a Party finds that dumping within the meaning of Article VI of the GATT is taking place
in trade relations governed by this Agreement, it may take appropriate measures against that practice
in accordance with Article VI of the General Agreement on Tariffs and Trade and agreements related 
to that Article, under the conditions and in accordance with the procedure laid down in Article 31.</article>
      <article number="ARTICLE 27" name="General Safeguards" article_identifier="17105">Where any product is being imported in such increased quantities and under such conditions 
as to cause or threaten to cause: 



(a) 	serious injury to domestic producers of like or directly competitive products in the 
territory of the importing Party, or 



(b) 	serious disturbances in any related sector of the economy or difficulties which could 
bring about serious deterioration in the economic situation of a region, 

the Party concerned rnay take appropriate measures under the conditions and in accordance with the 
procedure laid down in Article 31.</article>
      <article number="ARTICLE 28" name="Structural Adjustment" article_identifier="17106">1. Exceptional measures of limited duration which derogate from the provisions of Article 3 may 
be taken by any of the Parties in the form of increased customs duties. 



2. These measures may only concern infant industries, or certain sectors undergoing restructuring 
or facing serious difficulties, particularly where these difficulties produce important social problems. 



3. Customs duties on imports applicable in the Party concerned to products originating in the 
other Party introduced by these measures may not exceed 25 per cent ad valorem and shall maintain 
an element of preference for products originating in the Parties. The total value of imports of the 
products which are subject to these measures may not exceed 15 per cent of total imports of industrial 
products from the other Parties as defined in Chapter I, during the last year for which statistics are 
available. 



4. These measures shall be applied for a period not exceeding five years unless a longer duration 
is authorized by the Joint Committee. They shall cease to apply at the latest at the expiration of the 
transitional period. 



5. Nosuchmeasurescanbeintroducedinrespectofaproductifmorethanthreeyearselapsed 
since the elimination of all duties and quantitative restrictions or charges or measures having an equivalent 
effect concerning that product. 



6. The Party concerned shall inform the Joint Committee of any exceptional measures it intends 
to take and, at the request of the other Parties, consultations shall be held in the Joint Committee on 
such measures and the sectors to which they apply before they are applied. When taking such measures 
thePartyconcernedshah providetheJointCommitteewithaschedulefortheeliminationofthecustoms 
dutiesintroducedunderthisArticle. Thisscheduleshallprovideforaphasingoutofthesedutiesstarting 
at the latest two years after their introduction, at equal annual rates. The Joint Committee may decide 
on a different schedule.</article>
      <article number="ARTICLE 29" name="Re-Export And Serious Shortage" article_identifier="17107">Where compliance with the provisions of Articles 7 and 9 leads to: 



(a) 	re-export towards a third country against which the exporting Party maintains for the 
productconcernedquantitativeexport restrictions,exportdutiesormeasuresorcharges 
having equivalent effect; or 



(b) 	a serious shortage, or threat thereof, of a product essential to the exporting Party; 

and where the situations referred to above give rise or are likely to give rise to major difficulties for 
the exporting Party, that Party may take appropriate measures under the conditions and in accordance 
with the procedures laid down in Article 31.</article>
      <article number="ARTICLE 30" name="Fulfilment Of Obligations" article_identifier="17108">1 . The Parties shall take any general or specific measures required to fulfil their obligations under 
the Agreement. They shall see to it that the objectives set out in the Agreement are attained. 


2. If a Party considers that the other Party has failed to fulfil an obligation under this Agreement, 
the Party concerned may take appropriate measures under the conditions and in accordance with the 
procedure laid down in Article 31.</article>
      <article number="ARTICLE 31" name="Procedure For The Application Of Safeguard Measures" article_identifier="17109">1. Beforeinitiatingtheprocedurefortheapplicationofsafeguardmeasuressetoutinthefollowing
paragraphs of the present Article, the Parties shall endeavour to solve any differences between them 
through direct consultations. 



2. IntheeventofaPartysubjectingimportsofproductsliabletogiverisetothesituationreferred 
to in Article 27 to an administrative procedure having as its purpose the rapid provision of information 
on the trend of trade flows, it shall inform the other Party. 



3. Without prejudice to paragraph 7 of the present Article, a Party which considers resorting to 
safeguard measures shall promptly notify the other Party and the Joint Committee thereof and supply
all relevant information. Consultations between the Parties shall take place without delay in the Joint 
Committee with a view to finding a solution. 



4. 	(a) As regards Articles 26, 27 and 29, the Joint Committee shall examine the case or the 
situation and may take any decision needed to put an end to the difficulties notified 
bythePartyconcerned. Intheabsenceofsuchdecisionwithinthirtydaysofthematter 
being referred to the Joint Communittee, the Party concerned may adopt the measures 
necessary in order to remedy the situation. 


(b) 	As regards Article 30, the Party concerned rnay take appropriate measures after the 
consultations have been concluded or a period of three months has elapsed from the 
date of notification. 



(c) 	As regards Article 22 and 23, the Parties concerned shall give the Joint Committee 

ail theassistancerequired inordertoexaminethecaseand,whereappropriate,eliminate 
the practice objected to. If the Party in question fails to put an end to the practice 
objected to within the period fixed by the Joint Committee or if the Joint Committee 
fails to reach an agreement within thirty working days of the matter being referred 
to it, the Party concerned may adopt the appropriate measures to deal with the 
difficulties resulting from the practice in question. 


5. 	The safeguard measures taken shall be notified immediately to the other Party and to the Joint 


Committee. They shall be restricted with regard to their extent and to their duration to what is strictly 
necessary in order to rectify the situation giving rise to their application and shall not be in excess 
oftheinjurycausedbythepracticeorthedifficultyinquestion. Priorityshallbegiventosuchmeasures 
as will least disturb the functioning of the Agreement. The measures taken by a Party against an action 
or an omission of another Party may only affect the trade with that Party. 



6. The safeguard measures taken shall be the object of periodic consultations within the Joint 
Committee with a view to their relaxation as soon as possible, or abolition when conditions no longer 
justify their maintenance. 



7. Where exceptional circumstances requiring immediate action make prior examination impossible, 
thePartyconcernedmay, inthecasesofArticles26,27and29,applyforthwiththeprovisionalmeasures 
strictlynecessary toremedythesituation. Themeasures shallbenotifiedwithoutdelayandconsultations 
between the Parties shall take place as soon as possible within the Joint Committee.</article>
      <article number="ARTICLE 32" name="Balance Of Payments Difficulties" article_identifier="17110">1. The Parties shall endeavour to avoid the imposition of restrictive measures including measures 
relating to imports for balance of payments purposes. 



2. WhereoneofthePartiesisinseriousbalanceofpaymentsdifficulties,orunderimminentthreat 
thereof, the Party concerned may, in accordance with the conditions established under the General 
Agreement on Tariffs and Trade, adopt restrictive measures, including measures related to imports, 
which shall be of limited duration and may not go beyond what is necessary to remedy the balance 
ofpayments situation. Themeasures shallbeprogressivelyrelaxedasba!anceofpaymentsconditions 

improve and they shall be eliminated when conditions no longer justify their maintenance. The Party 
shall inform the other Party forthwith oftheir introduction and, whenever practicable, ofatimeschedule 
for their removal.</article>
      <article number="ARTICLE 33" name="Evolutionary Clause" article_identifier="17111">1. Where a Party considers that it would be useful in the interests of the economies of the Parties 
todevelopanddeepentherelations establishedbytheAgreementbyextendingthemtofields notcovered 
thereby, it shall submit a reasoned request to the other Party. The Parties may instruct the 


Joint Committee to examine such a request and, where appropriate, to make recommendations, 
particularly with a view to opening negotiations. 


2. Agreementsresultingfromtheprocedurereferredtoinparagraph 1willbesubjecttoratification 
or approval by the Parties in accordance with their own procedures.</article>
      <article number="ARTICLE 34" name="The Joint Committee" article_identifier="17112">1. The Parties agree to set up the Joint Committee composed of representatives of the Parties. 



2. The implementation of this Agreement shall be supervised and administered by the Joint 
Committee. 



3. For the purpose of the proper implementation of the Agreement, the Parties shall exchange 
informationand,attherequestofanyParty,shallholdconsultationswithintheJointCommittee. The 
Committee shall keep under review the possibility of further removal of the obstacles to trade between 
the Parties. 



4. TheJoint Committee may take decisions in the cases provided for in this Agreement. Onother 
matters the Committee may make recommendations.</article>
      <article number="ARTICLE 35" name="Procedures Of The Joint Committee" article_identifier="17113">1. For the proper implementation of this Agreement the Joint Committee shall meet whenever 
necessary but at least once a year. Each Party may request that a meeting be held. 



2. The Joint Committee shall act by common agreement. 



3. IfarepresentativeintheJointCommitteeofaPartytothisAgreementhasacceptedadecision 
subject to the fulfilment of constitutional requirements, the decision shall enter into force, if no later 
date is contained therein, on the day the lifting of the reservation is notified. 



4. ForthepurposeofthisAgreementtheJointCommitteeshalladoptitsrulesofprocedurewhich 
shall, inter alia, contain provisions for convening meetings and for the designation of the Chairman 
and his term of office. 



5. TheJointCommitteemaydecidetosetupsuchsubcommitteesandworkingpartiesas itconsiders 
necessary to assist it in accomplishing its tasks.</article>
      <article number="ARTICLE 36" name="Trade Relations Governed Bv This And Other Agreements" article_identifier="17114">1. This Agreement shall apply to trade relations among the Czech Republic, the Republic of Poland, 
the Republic of Hungary and the Slovak Republic but not to the trade relations between the Czech 
Republic and the Slovak Republic. 



2. ThisAgreementshallnotpreventthemaintenanceorestablishmentofcustomsunions,free-trade 
areas or arrangements for frontier trade to the extent that these do not negatively affect the trade regime 
and in particular the provisions concerning mules of origin provided for by this Agreement.</article>
      <article number="ARTICLE 37" name="Annexes And, Protocols" article_identifier="17115">The Annexes and the Protocols to this Agreement are an integral part of it. The Joint Committee 
may decide to amend the Annexes and Protocols in accordance with the provisions of paragraph 3 of 
the Article 35.</article>
      <article number="ARTICLE 38" name="Territorial Application" article_identifier="17116">This Agreement shall apply to the territories of the States Parties to the Agreement.</article>
      <article number="ARTICLE 39" name="Amendments" article_identifier="17117">Amendments to this Agreement other than those referred to in paragraph 4 of Article 34 which 
are approved by the Joint Committee shall be submitted to the Parties to this Agreement for acceptance 
andshallenterintoforceifaccepted by all the Parties. The instruments of acceptance shall be deposited 
with the Depositary.</article>
      <article number="ARTICLE 40" name="Entry Into Force" article_identifier="17118">1. This Agreement shall enter into force on 1 March 1993 provided that all Parties have deposited 
their instruments of ratification with the Depositary. 



2. If this Agreement has not entered into force in accordance with the provision of paragraph 1, 
representatives of the Parties having deposited their instruments of ratification shall meet before 30 April 
1993 and may decide when the Agreement shall enter into force in relation to those Parties. 



3. In relation to a Party depositing its instruments of ratification after the meeting referred to in 
paragraph 2, this Agreement shall enter into force on the first day of the second month following the 
deposit of its instrument but not before the date decided upon in accordance with paragraph 2. 



4. Any Party may already at the time of signature declare that, during an initial phase it shall 
apply the Agreement provisionally if the Agreement cannot enter into force in relation to that Party 
by 1 March 1993.</article>
      <article number="ARTICLE 41" name="Validity And Withdrawal" article_identifier="17119">Each Party to this Agreement may withdraw therefrom, including from the provisional application 
by means of a written notification to the Depositary. The withdrawal shall take effect six months after 
the date on which the notification was received by the Depositary. 


The Agreement remains in force for the other Parties.</article>
      <article number="ARTICLE 42" name="Depositary" article_identifier="17120">The Government of Poland, acting as Depositary, shall notify all States that have signed this 
Agreement of the deposit of any instrument or ratification, the entry into force of this Agreement, 
any other act or notification relating to this Agreement or of its validity.</article>
    </chapter>
    <chapter name="Conclusion" chapter_identifier="2033">
      <article article_identifier="17121">IN WITNESS WHEREOF the undersignedplenipotentiaries, being duly authorized thereto, havesigned 
the present Agreement. 


Done at Krak6w this 21st day of December 1992 in a single authentic copy in the English 
language which shall be deposited with the Government of Poland. The depositary shall transmit certified 
copies to all Parties. 


For the Czech Republic 


For the Republic of Hungary 


For the Republic of Poland 


For the Slovak Republic</article>
    </chapter>
  </body>
</treaty>
