<?xml version="1.0" encoding="UTF-8"?>
<treaty>
  <meta>
    <name>Russian Federation - Kazakhstan</name>
    <type>Free Trade Agreement</type>
    <wto_rta_id>832</wto_rta_id>
    <treaty_identifier>423</treaty_identifier>
    <status>Inactive</status>
    <notification>GATT Art. XXIV</notification>
    <date_signed>1992-10-22</date_signed>
    <date_into_force>1993-06-07</date_into_force>
    <date_notification>2012-09-13</date_notification>
    <end_implementation>1993-12-31</end_implementation>
    <date_inactive>2012-12-08</date_inactive>
    <parties_original>
      <partyisocode n="1">KAZ</partyisocode>
      <partyisocode n="2">RUS</partyisocode>
    </parties_original>
    <parties>
      <partyisocode n="1">KAZ</partyisocode>
      <partyisocode n="2">RUS</partyisocode>
    </parties>
    <composition>Bilateral</composition>
    <region>Commonwealth of Independent States (CIS)</region>
    <parties_wto>Yes</parties_wto>
    <crossregional>No</crossregional>
    <related_agreement_wto_id n="1">762</related_agreement_wto_id>
    <language>en</language>
    <source lang="en" type="full text">http://rtais.wto.org/rtadocs/832/TOA/English/RF-Kazakhstan FTA _text with protocols.doc</source>
  </meta>
  <body>
    <chapter chapter_identifier="4235">
      <article article_identifier="36673">Ð¡ÐžÐ“Ð›Ð?Ð¨Ð•Ð?Ð˜Ð•Ð¡ÐžÐ“Ð›Ð?Ð¨Ð•Ð?Ð˜Ð•User2016-06-14ÐœÐ¸Ð½Ñ?ÐºÐ¾Ð½Ð¾Ð¼Ñ€Ð°Ð·Ð²Ð¸Ñ‚Ð¸Ñ? Ð Ð¾Ñ?Ñ?Ð¸Ð¸AGREEMENTBETWEEN THE GOVERNMENT OF THE RUSSIAN FEDERATIONANDTHE GOVERNMENT OF THE REPUBLIC OF KAZAKHSTANON FREE TRADE(Moscow, October 22, 1992)
 The Government of the Russian Federation and the Government of the Republic of Kazakhstan, hereinafter referred to as the “Contracting Parties”,
  
 being guided by the provisions of the Agreement on Friendship, Collaboration and Mutual Aid between the Russian Federation and the Republic of Kazakhstan, signed on May 25, 1992,
  
 taking into consideration the Agreement on Collaboration  in the Area of Foreign Economic Activity, as of 15 May, 1992,
  
 considering the Agreement on the Coordination of Work on the Issues of Export Control of Raw Materials, Materials, Equipment, Technologies and Services, which can be used to create weapons of mass destruction and rocket means for its delivery, as of June 26, 1992,
  
 aspiring to the development of economic trade cooperation between the Russian Federation and the Republic of Kazakhstan based on equality and mutual benefit,
  
 proceeding from the sovereign right of each Contracting Party to carry out an independent foreign economic policy and provide the execution of relevant international obligations and realization of proclaimed aims,
  
 intending to assist in the creation of a single market of goods, services, capitals, and manpower, wishing to endeavor to the creation of proper conditions required for the formation of a customs union,
  
 hereby agreed as follows:</article>
    </chapter>
    <chapter chapter_identifier="4236">
      <article number="ARTICLE 1" article_identifier="36674">1. The Contracting Parties shall not apply the customs duties, taxes and charges, which have equivalent effect, with respect to importation and exportation of goods originating in the customs territory of one of the Contracting Parties and intended for the customs territory of the other Contracting Party.  The features of application of a trade regime between both countries based on the agreed nomenclature of goods shall be in the form of a yearly Protocol, which is integral part of this Agreement.
  
 2. For the purposes of this Agreement and for the period it is effective, goods originated from the territory of the Contracting Parties shall be goods:
  
 (a) wholly produced on the territory of the Contracting Parties;
  
(b)  subject to processing on the territory of the Contracting Party with the use of raw materials, materials and components originated from third countries, which changed, because of that, its belonging based on the classification of the Harmonized Commodity Description and Coding System proceeding from the first six digits;
  
(c) produced with the use of  raw materials, materials, and components mentioned in paragraph (b), provided that their total cost does not exceed a fixed share of the export price for saleable goods.
  
 The Contracting Parties will agree and formulate such rules of origin of goods in a separate document, which will be integral part of this Agreement.</article>
      <article number="ARTICLE 2" article_identifier="36675">The Contracting Parties shall not:
  
 directly or indirectly impose on goods, subject to this Agreement, domestic taxes or charges, which exceed the relevant taxes or charges imposed on  similar domestically produced goods or goods originated from third countries;
  
 introduce any special restrictions or requirements with respect to importation or exportation of goods, subject to this Agreement, which are not similarly applied to similar domestically produced goods or goods originated from third countries,
  
 apply with respect to warehousing, reloading, storing and transporting goods originated from the other Contracting Party, as well as with respect to payments and transfer of payments, rules other than those which are similarly applied with respect to its own goods or goods originated from third countries.</article>
      <article number="ARTICLE 3" article_identifier="36676">1. Under this Agreement the Contracting Parties will refrain from applying quantitative restrictions or measures, equivalent to it, with respect to exportation and (or) importation of goods.
  
 2. The quantitative restrictions mentioned in paragraph 1 of this Article may be unilaterally established within reasonable limits and for a strictly specific term only in cases of:
  
 acute deficit of this product in the domestic market until the market situation is stabilized;
  
 acute deficit of balance of payments until the situation with the balance of payments is stabilized;
  
if any good has been imported on the territory of one of the Contracting Parties in such increased quantities and on such terms that threaten or may threaten to cause injury to domestic producers of like or directly competitive goods,
  
 for the purposes of carrying out measures provided by Article 4 of this Agreement.
  
 3. The quantitative restrictions mentioned in paragraph 1 of this Article may also be established by mutual agreement of the Parties and shall be included in yearly Protocols mentioned in Article 1 of this Agreement.
  
 4. A Contracting Party that applies quantitative restrictions in compliance with paragraph 2 of this Article, upon inquiry of the other Contracting Party, shall provide necessary information concerning the reasons for introduction, forms and possible terms of application of the mentioned restrictions.
  
 5. The Contracting Parties will endeavor to solve all questions arising in connection to the application of quantitative restrictions in compliance with paragraph 2 of this Article by way of consultations.</article>
      <article number="ARTICLE 4" article_identifier="36677">Each Contracting Party will not allow re-exportation of goods with respect to exportation of which the other Contracting Party, where these goods originate from, applies measures of tariff and (or) non-tariff regulation.
  
Parties shall exchange list of goods subject to measures of tariff and non-tariff regulation.
  
 Re-exportation of such goods to third countries can be carried out only by written consent and on terms determined by the authorized body of the State which is the country of origin of these goods.  In the event that this provision is not followed, a Contracting Party, whose national interests have been violated, shall have the right to unilaterally introduce measures for the regulation of exportation of goods to the territory of the State which allowed a non-sanctioned re-export.  And  currency earnings from such re-exportation shall return to the country of origin of the relevant goods.
  
 In addition the Contracting Parties will coordinate conditions, nomenclature and volume of goods allowed for re-export.
  
 For the purposes of this Article re-exportation shall mean export of goods originated from the customs territory of one of the Contracting Parties, by the other Contracting Party outside the customs territory of the latter with the aim of exporting them to a third country.</article>
      <article number="ARTICLE 5" article_identifier="36678">The Contracting Parties will, on a regular basis, exchange information on customs issues, as well as customs statistics.  Authorized bodies of the Contracting Parties shall formulate in a proper document a procedure of exchanging of such information.</article>
      <article number="ARTICLE 6" article_identifier="36679">1. The Contracting Parties will take measures to bring together the levels of customs duty rates applied in trade with third countries and for these purposes conduct regular consultations.
  
 2. The Contracting Parties shall inform each other of all exceptions to the current customs tariffs.</article>
      <article number="ARTICLE 7" article_identifier="36680">The Contracting Parties shall consider incompatibility with the objectives of this Agreement unfair business practice that in particular is expressed in the following:
  
 in concluding agreements between enterprises, their associations aimed at impeding or restricting competition, or violating conditions for the competition on the territories of the Contracting Parties;
  
 in carrying out actions with the help of which one or several enterprises use their dominant position restricting competition on the whole or considerable part of the territories of the Contracting Parties.</article>
      <article number="ARTICLE 8" article_identifier="36681">The Contracting Parties will not use the State aid in the form of subsidies to enterprises or in any other form if such State aid would cause violation of normal economic conditions on the territory of the other Contracting Party.</article>
      <article number="ARTICLE 9" article_identifier="36682">In carrying out measures of tariff and non-tariff regulation of bilateral economic relations, for exchanging statistical information and carrying out customs procedures, the Contracting Parties will apply a single nine-digit Goods Nomenclature of Foreign Economic Activity (GN FEA) based on the Harmonized Commodity Description and Coding Systems and the Combined Tariff Statistical Nomenclature of the European Economic Community.  And for own needs the Contracting Parties shall, if necessary, carry out the development of the Goods Nomenclature beyond nine-digits.
  
 The Russian Party shall carry out the maintenance of a standard copy of the Goods Nomenclature through the available representative offices in the relevant international organizations for that period of time until the Republic of Kazakhstan announces its independent maintenance of the standard copy.</article>
      <article number="ARTICLE 10" article_identifier="36683">The Contracting Parties have agreed that the observance of the principle of transit freedom shall be the most important condition for achieving the objectives of this Agreement and shall be an essential element of the process of their attachment to the system of international division of labour and cooperation.
  
 In this connection, each Contracting Party shall provide a free transit, via its territory, of goods originated in customs territory of the other Contracting Party and (or) third countries and intended for the customs territory of the other Contracting Party or any third country.  Each Contracting Party shall provide exporters, importers or carriers with all means and services available and necessary to provide transit on terms not worse than those on which the same means and services are provided to their own exporters, importers or carriers or to exporters, importers or carriers of any third country.
  
 Tariffs on transit of any kind of transport including tariffs on loading and unloading works will be economically substantiated and will not exceed normal working expenses, including a reasonable rate of profit.  The Contracting Parties will not require payment for services on warehousing, reloading, storing and transporting goods in currency of any third country.</article>
      <article number="ARTICLE 11" article_identifier="36684">Nothing in this Agreement shall not prevent the Contracting Parties from taking measures which it considers necessary to protect its vital interests or which are undoubtedly necessary for the implementation of the international agreements to which it is a signatory, if these measures concern:
  
 information damaging interests of national defence;
  
trade in weapons, ammunition and military equipment;
  
research or production connected with needs of defence;
  
deliveries of materials and equipment used in nuclear industry;
  
defence of public moral and public order;
  
protection of industrial or intellectual property;
  
gold, silver or other precious metals and stones;
  
protection of people’s health, animals and plants.</article>
      <article number="ARTICLE 12" article_identifier="36685">In order to carry out an agreed policy with respect to third countries in compliance with the Agreement on the Coordination of Work on the Issues of Export Control of Raw Material, Materials, Equipment, Technologies and Services, which can be used to create weapons of mass extermination and rocket means for its delivery, as of June 26, 1992, the Contracting Parties will create an Intergovernmental Coordinating Council for Export Control as part of Heads of the national state bodies of export control with the Working Office based on the Export Control Commission of the Russian Federation. The functions of the Intergovernmental Coordinating Council shall include the approval of  single control lists, consideration of facts of violation of export control requirements, preparation of suggestions on introducing and cancelling sanctions, and other issues of export control.</article>
      <article number="ARTICLE 13" article_identifier="36686">For the purposes of developing trade between the two countries, the Contracting Parties will render assistance in the participation in trade fairs and exhibitions held in one of the two countries.</article>
      <article number="ARTICLE 14" article_identifier="36687">The provisions of this Agreement shall replace provisions of the agreements earlier concluded between the Contracting Parties to that extent to which the latter is either not compatible with the former or is identical to them.  The Contracting Parties shall instruct their competent bodies to prepare and sign a relevant Protocol on this issue.</article>
      <article number="ARTICLE 15" article_identifier="36688">This Agreement shall not affect actions of the Agreements concluded earlier by the Contracting Parties with third countries.</article>
      <article number="ARTICLE 16" article_identifier="36689">Nothing in this Agreement shall prevent the Contracting Parties from carrying out relations, which do not contradict the objectives and terms of this Agreement, with third countries, as well as with their associations and international organizations. However the Contracting Parties will hold consultations in case where these relations may affect interests of one of the Contracting Parties as follows from this Agreement.</article>
      <article number="ARTICLE 17" article_identifier="36690">Disputes between the Contracting Parties regarding the interpretation or application of the provisions of this Agreement will be settled by way of negotiations.</article>
      <article number="ARTICLE 18" article_identifier="36691">To carry out this Agreement and work out recommendations on improving trade and economic cooperation between the two countries, the Contracting Parties have agreed to establish a joint Russian-Kazakhstan Commission.</article>
      <article number="ARTICLE 19" article_identifier="36692">The Contracting Parties have agreed that the Russian Federation may establish its trade representative office in the Republic of Kazakhstan, and the Republic of Kazakhstan may establish its trade representative office in the Russian Federation. The legal status of these trade representative offices, their functions and location shall be determined by a separate Agreement.</article>
      <article number="ARTICLE 20" article_identifier="36693">Any State may, provided that the Contracting Parties approve this, join this Agreement on terms and conditions which will be agreed between a joining state and the Contracting Parties.</article>
      <article number="ARTICLE 21" article_identifier="36694">The integral part of this Agreement shall be the Protocol on exceptions to free trade regime that Parties agreed to sign by the end of 1992.</article>
      <article number="ARTICLE 22" article_identifier="36695">This Agreement may be amended and supplemented by mutual consent of the Contracting Parties.  The mentioned amendments and additions must be made in writing.</article>
      <article number="ARTICLE 23" article_identifier="36696">This Agreement shall come into force from the date of exchanging notifications on the fulfilment by the Contracting Parties of all inner-governmental procedures necessary for this Agreement to come into force and shall be invalid upon the expiration of twelve months from the date of a written notification from one of the Contracting Party to the other Contracting Party concerning the intention to terminate its effect.</article>
    </chapter>
    <chapter chapter_identifier="4237">
      <article article_identifier="36697">Done in the city of Moscow, October 22, 1992, in duplicate.  Each is in Russian and Kazakhstan. And both texts shall be equally valid.
  
(Signatures)</article>
    </chapter>
  </body>
</treaty>
