<?xml version="1.0" encoding="UTF-8"?>
<treaty>
  <meta>
    <name>EC - Syria Interim Agreement of 1977</name>
    <type>Free Trade Agreement</type>
    <wto_rta_id>277</wto_rta_id>
    <treaty_identifier>239</treaty_identifier>
    <status>Inactive</status>
    <notification>GATT Art. XXIV</notification>
    <date_signed>1977-01-18</date_signed>
    <date_into_force>1977-07-01</date_into_force>
    <date_notification>1977-07-15</date_notification>
    <end_implementation/>
    <date_inactive>1978-11-01</date_inactive>
    <parties_original>
      <partyisocode n="1">BEL</partyisocode>
      <partyisocode n="2">DEU</partyisocode>
      <partyisocode n="3">DNK</partyisocode>
      <partyisocode n="4">FRA</partyisocode>
      <partyisocode n="5">GBR</partyisocode>
      <partyisocode n="6">IRL</partyisocode>
      <partyisocode n="7">ITA</partyisocode>
      <partyisocode n="8">LUX</partyisocode>
      <partyisocode n="9">NLD</partyisocode>
    </parties_original>
    <parties>
      <partyisocode n="1"/>
    </parties>
    <composition>Plurilateral</composition>
    <region>Europe</region>
    <parties_wto>Yes</parties_wto>
    <crossregional>No</crossregional>
    <language>en</language>
    <source lang="en" type="full text">http://ec.europa.eu/world/agreements/downloadFile.do?fullText=yes&amp;treatyTransId=697</source>
  </meta>
  <body>
    <chapter name="Preamble" chapter_identifier="2380">
      <article article_identifier="19746">COOPERATION AGREEMENT 
between the European Economic Community and the Syrian Arab Republic 


HIS MAJESTY THE KING OF THE BELGIANS, 
HER MAJESTY THE QUEEN OF DENMARK, 
THE PRESIDENT OF THE FEDERAL REPUBLIC OF GERMANY, 
THE PRESIDENT OF THE FRENCH REPUBLIC, 
THE PRESIDENT OF IRELAND, 
THE PRESIDENT OF THE ITALIAN REPUBLIC, 
HIS ROYAL HIGHNESS THE GRAND DUKE OF LUXEMBOURG, 
HER MAJESTY THE QUEEN OF THE NETHERLANDS, 
HER MAJESTY THE QUEEN OF THE UNITED KINGDOM OF GREAT BRITAIN AND 


NORTHERN IRELAND, 
and 
THE COUNCIL OF THE EUROPEAN COMMUNITIES, 
of the one part, and 
THE PRESIDENT OF THE SYRIAN ARAB REPUBLIC, 
of the other part, 


PREAMBLE 

WISHING to demonstrate their common desire to maintain and strengthen their friendly relations in accordance with the principles of the United Nations Charter, 

RESOLVED to establish wide-ranging cooperation which will contribute to Syria's economic and social development and help to strengthen relations between the Community and Syria, 

RESOLVED to promote, having regard to their respective levels of development, economic and trade cooperation between the Community and Syria and to provide a sound basis therefor in conformity with their international obligations, 

RESOLVED to establish a new model for relations between developed and developing States, compatible with the aspirations of the international community towards a more just and more balanced economic order, 

HAVE DECIDED to conclude this Agreement, and to this end have designated as their Plenipotentiaries: 

HIS MAJESTY THE KING OF THE BELGIANS: 

Renaat VAN ELSLANDE, 
Minister for Foreign Affairs; 


HER MAJESTY THE QUEEN OF DENMARK: 

Jens CHRISTENSEN, 
Ambassador, 
Pe~anent Under-Secretary; 



THE PRESIDENT OF THE FEDERAL REPUBLIC OF GERMANY: 

Hans-Dietrich GENSCHER, 
Federal Minister for Foreign Affairs; 


THE PRESIDENT OF THE FRENCH REPUBLIC: 

Louis de GUIRINGAUD, 
Minister for Foreign Affairs; 


THE PRESIDENT OF IRELAND: 

Garret FITZGERALD, 
Minister for Foreign Affairs; 


THE PRESIDENT OF THE ITALIAN REPUBLIC: 

Arnaldo FORLANI, 
Minister for Foreign Affairs; 


HIS ROY AL HIGHNESS THE GRAND DUKE OF LUXEMBOURG: 

Gaston THORN, 
President and Minister for Foreign Affairs of the Government of the Grand Duchy of Luxembourg; 


HER MAJESTY THE QUEEN OF THE NETHERLANDS: 

Max van der STOEL, 
Minister for Foreign Affairs of the Kingdom of the Netherlands; 


HER MAJESTY THE QUEEN OF THE UNITED KINGDOM OF GREAT BRITAIN AND NORTHERN IRELAND: 

Anthony CROSLAND MP, 
Secretary of State for Foreign and Commonwealth Affairs of the United Kingdom of Great Britain 
and Northern Ireland; 


THE COUNCIL OF THE EUROPEAN COMMUNITIES: 

Anthony CROSLAND MP, 
President in Office of the Council of the European Communities, 


Secretary of State for Foreign and Commonwealth Affairs of the United Kingdom of Great Britain and Northern Ireland; 

Claude CHEYSSON, 
Member of the Commission of the European Communities; 


THE PRESIDENT OF THE SYRIAN ARAB REPUBLIC: 

Mohammed !MADI, 
Minister of Economic Affairs and Foreign Trade~</article>
    </chapter>
    <chapter number="TITLE I" name="Economic, Technical And Financial Cooperation" chapter_identifier="2381">
      <article number="ARTICLE 1" article_identifier="19747">The object of this Agreement between the Community 


and Syria is to promote overall cooperation between the Contracting Parties with a view to contributing to the</article>
      <article number="ARTICLE 2" article_identifier="19748">economic and social development of Syria and helping to strengthen relations between the Parties. To this end The Community and Syria shall institute cooperation provisions and measures will be adopted and imwith the aim of contributing to Syria's development by plemented in the fields of economic, ·technical and fimeans of efforts complementary to those made by Syria nancial cooperation and of trade. itself, and of strengthening existing economic links on as broad a basis as possible for the mutual benefit of the Parties.</article>
      <article number="ARTICLE 3" article_identifier="19749">In order to achieve the cooperation referred to in Article 2, account shall be taken, in particular, of the following: 

the objectives and priorities of Syria's development plans and programmes, 

the importance of schemes into which different operations are integrated, 

the importance of promoting regional cooperation between Syria and other States.</article>
      <article number="ARTICLE 4" article_identifier="19750">1. The purpose of cooperation· between the Community and Syria shall be to promote, in particular: 

-participation by the Community in the efforts made by Syria to develop its production and economic infrastructure in order to diversify its economic structure. Such participation should be connected, in particular, with the industrialization of Syria and the modernization of its agriculture, 

the marketing and promotion of sales of products exported by Syria, 

indust.r_:ial cooperation aimed at boosting Syria's industrial production through measures: 

to encourage participation by the Community in the implementation of Syria's industrial development programmes, 

to foster the organization of contacts and meetings between Syrian and Community industrial policy-makers, promoters and firms in order to promote the establishment of new relations in the industrial field in conformity with the objectives of the Agreement, 

to facilitate the acquisition on favourable terms of patents and other industrial property by means of financing in conformity with Protocol 1 and/or by other appropriate arrangements with undertakings and institutions in the Community, 

-to permit the removal of non-tariff and nonquota barriers likely to impede access to either market, 

cooperation in the fields of science, technology and the protection of the environment, 

-participation by Community operators in programmes for rhe exploration, production and processing of Syria's resources and any activities which would develop these resources on the spot, and the proper performance of cooperation and investment contracts concluded for this purpose between their operators, 

-cooperation in the fisheries sector, 

the encouragement of private investments which are in the mutual interest of both Parties, 

exchange of information on the economic and financial situation, and on developments therein, as required for the proper functioning of the Agreement. 

2. The Contracting Parties may decide on further areas of cooperation.</article>
      <article number="ARTICLE 5" article_identifier="19751">1. The Cooperation Council shall periodically define the guidelines of cooperation for the purpose of attaining the aims set out in the Agreement. 


2. The Cooperation Council shall be responsible for seeking ways and means. of establishing cooperation in the areas defined in Article 4. To that end it is empowered to make decisions.</article>
      <article number="ARTICLE 6" article_identifier="19752">The Community shall participate in the financing of any measures to promote Syria's development under the conditions laid down in Protocol 1 on technical and financial cooperation, account being taken of the possibilities offered by triangular cooperation.</article>
      <article number="ARTICLE 7" article_identifier="19753">The Contracting Parties shall facilitate the proper performance of cooperation and investment contracts which are of interest to both Parties and come within the framework of the Agreement.

TRADE COOPERATION</article>
      <article number="ARTICLE 8" article_identifier="19754">In the field of trade, the object of this Agreement is to promote trade between the Contracting Parties, taking account of their respective levels of development and of the need to ensure a better balance in their trade, with a view to increasing the rate of growth of Syria's trade and improving the conditions of access for its products to the Community market.</article>
    </chapter>
    <chapter number="A" name="Industrial Products" chapter_identifier="2382">
      <article number="ARTICLE 9" article_identifier="19755">Subject to the provisions of Articles 13, 14 and 16, customs duties and charges having equivalent effect on imports into the Community of products originating in Syria other than those listed in Annex II to the Treaty establishing the European Economic Community, and other than those listed in Annex A, shall be abolished in accordance with the following timetable: 

Timetable 

Rate of reduction % 
On the date of the entry into force of 


the Agreement 

80 
From 1 July 1977 

100</article>
      <article number="ARTICLE 10" article_identifier="19756">1. For each product, the basic duties to which the reductions provided for in Article 9 are to be applied are: 

-for the Community as originally constituted: those duties actually applied in respect of Syria on 1 January 1975, 

-:-for Denmark, Ireland and the United Kingdom: those duties actually applied in respect of Syria on 1 January 1972. 

2. The reduced duties calculated in accordance with Article 9 shall be applied rounded to the first decimal place. 

Subject to the application by the Community of Article 39 (5) of the Act concerning the conditions of accession and the adjustments to the Treaties of 22 January 1972, as regards the specific duties or the specific part of the mixed duties in the Customs Tariffs of Ireland and of the United Kingdom, Article 9 shall be applied, with rounding to the fourth decimal place.</article>
      <article number="ARTICLE 11" article_identifier="19757">1. In the case of customs duties comprising a protective element and a fiscal element, Article 9 shall apply to the protective element. 


2. The United Kingdom shall replace customs duties of a fiscal nature and the fiscal element of such duties by an internal tax, in accordance with Article 3 8 of the Act concerning the conditions of accession and the adjustments to the Treaties referred to in Article 10.</article>
      <article number="ARTICLE 12" article_identifier="19758">Quantitative restrictions on imports into the Community of products originating in Syria other than those listed in Annex II to the Treaty establishing the European Economic Community shall be removed on the date of the entry into force of the Agreement, and measures having an effect equivalent to quantitative restrictions on imports shall be abolished on the date of the entry into force of the Agreement.</article>
      <article number="ARTICLE 13" article_identifier="19759">The measures provided· for in Article 1 of Protocol 7 to the Act concerning the conditions of accession and the adjustments to the Treaties referred to in Article 10, concerning imports of motor vehicles and the motor vehicle assembly industry in Ireland, shall apply to Syria.</article>
      <article number="ARTICLE 14" article_identifier="19760">1. Imports of the following products shall be subject to annual ceilings above which the customs duties actually applied in respect of third countries may be reintroduced in accordance with paragraphs 2 to 6, the ceiling fixed for the year of the entry into force of the Agreement being indicated in each case: 

CCT heading No 

27.10 

27.11 

27.12 

27.13 

27.14 

55.09 

Description 

Petroleum oils and oils obtained from bituminous minerals, other than crude; preparations not elsewhere specified or included, containing not less than 70 'Yo by weight of petroleum oils or of oils obtained from bituminous minerals, these oils being the basic constituents of the preparations: 

A. 	Light oils: 

III. For other purposes 

B. 	Medium oils: 

III. For other purposes 

C. 	Heavy oils: 

I. Gas oils: 
c) For other purposes 


II. Fuel oils: 
c) For other purposes 


III. Lubricating oils; 	other oils: c) To be mixed in accordance with the terms of 

Additional Note 7 to Chapter 27 
d) For other purposes 


Petroleum gases and other gaseous hydrocarbons: 

A. 	Propane of a purity not less than 99 'Yo: 

I. For use as power or heating fuel 

B. 	Other: 

I. 	Commercial propane and commercial butane: 
c) For other purposes 


Petroleum jelly: 

A. 	Crude: 

III. For other purposes 

B. 	Other 

Paraffin wax, micro-crystalline wax, slack wax, ozokerite, lignite wax, peat wax and other mineral waxes, whether or not coloured: 

B. 	Other: 

I. 	Crude: 
c) For other purposes 


II. Other 

Petroleum bitumen, petroleum coke and other residues of petroleum oils or of oils obtained from bituminous minerals: 

C. 	Other: 

II. Other 

Other woven fabrics of cotton 

Ceiling (tonnes) 

&gt;(75 000 

500 



2. From the following year, the ceilings indicated m paragraph 1 shall be raised annually by 5 %. 


3. For products falling within Common Customs Tariff heading Nos 28.40 B II (phosphates, including polyphosphates, qther than of ammonia), 31.03 (mineral or chemical fertilizers, phosphatic), ex 31.05 (fertilizer compounds containing phosphates), 55.05 (cotton yarn, not put up for retail sale), and Chapter 76 (aluminium) of the Common Customs Tariff, the Community reserves the right to introduce ceilings. 


4. When a ceiling fixed for imports of a product covered by this Article is reached, the customs duties actually applied in respect of third countries may be reimposed on imports of the product in question until 
~the end of the calendar year. 


5. When imports into the Community of a product subject to ceilings reach 7 5 % of the level fixed, the Community shall inform the Cooperation Council. 


6. The ceilings provided for in this Article shall be abolished not later than 31 December 1979.</article>
      <article number="ARTICLE 15" article_identifier="19761">1. The Community reserves the right to modify the arrangements applicable to the petroleum products falling within Common Customs Tariff heading Nos 27.10, 27.11 A and BI, 27.12, 27.13 B and 27.14: 

upon the adoption of a common definition of origin for petroleum products, 

upon the adoption of decisions under a common commercial policy, or 

upon the establishment of a common energy policy. 

2. In that event the Community shall ensure that imports of these products will enjoy advantages equivalent to those provided for in this Agreement. 

For the application of this paragraph consultations shall be held within the Cooperation Council at the request of the other Party. 

3. Subject to paragraph 1, this Agreement shall not affect the non-tariff rules applied to imports of petroleum products.</article>
      <article number="ARTICLE 16" article_identifier="19762">For goods resulting from the processing of agricultural products listed in Annex B, the reductions specified in Article 9 shall apply to the fixed component of the charge levied on imports of these products into the Community.</article>
    </chapter>
    <chapter number="B" name="Agricultural Products" chapter_identifier="2383">
      <article number="ARTICLE 17" article_identifier="19763">Customs duties on 'imports into the Community of the following products originating in Syria shall be reduced by the rates indicated for each of them: 



CCT heading No 

Description 

Rate of reduction % 
ex 

05.04 07.0 I 07.05 08.09 

Guts, bladders and stomachs of animals (other th~m fish), whole, and pieces thereof Vegetables, fresh or chilled: ex H. Onions, shallots and garlic: Onions, from I February to 30 April -Garlic, from I February to 31 May Dried leguminous vegetables, shelled, whether or not skinned or split: B. Other (than for sowing) Other fruit, fresh: -Watermelons, from I April to 15 June 

80 50 50 80 50 
CCT heading No 

Description 

Rate of reduction % 
08.12 

Fruit, dried, other than that foiling within heading Nos 08.0 I, 08.02, 08.03, 08.04 and 08.05: 




A. Apricots 

60 
09.09 

Seeds of anise, badian, fennel, coriander, cumin, caraway and 




juniper 

80 
12.03 

Seeds, fruits and spor~s, of a kind used for sowing: 




E. Other (a) 

50 
12.07 

Plants and parts (including seeds and fruit) of trees, bushes, shrubs, or other plants, being goods of a kind used primarily in perfumery, in pharmacy, or for insecticidal, fungicidal or similar purposes, fresh or dried, whole, cut, crushed, ground or powdered: 




A. Pyrethrum (flowers, leaves, stems, peel and roots) 

80 


B. Liquorice roots 

80 


C. Tonquin beans ex D. Other: Camomile, mint, cinchona hark quassia amara (wood and hark), calahar beans, cuheh powder, coca leaves, 

80 


other wood, roots and hark; mosses, lichens and algae 

80 
12.08 

Locust beans, fresh or dried, whether or not kibbled or ground, hut not further prepared; fruit kernel~ &lt;llld other veget,1hle products of a kind used primarily for human food, not falling within 




any other heading 

80</article>
      <article number="ARTICLE 18" article_identifier="19764">Customs duties on imports into the Community of the following products originating in Syria shall be applied at the following rates: 

CCT 



Rate of 
heading 

Description 

duty 
No 



(%) 
07.04 

Dried, dehydrated or evaporated vegetables, whole, cut, sliced, broken or in powder, but not further prepared: 




A. Onions 

15</article>
      <article number="ARTICLE 19" article_identifier="19765">1. The rates of reduction specified in Article 17 shall apply to the customs duties actually applied in respect of third countries. 


2. However, the duties resulting from the reductions made by Denmark, Ireland and the United Kingdom may in no case be lower than. those applied by the said courttries to the Community as originally constituted. 


3. In derogation from paragraph 1, should the application thereof temporarily result in tariff movements away from alignment on the final duty, Denmark, Ireland and the United Kingdom may maintain their duties until the level of these duties has been reached on the occasion of a subsequent alignment, or they may apply the duty resulting from a subsequent alignment as soon as a tariff movement reaches or passes the said level. 


4. The reduced duties calculated in accordance with Article 17 shall be rounded off to the first decimal place. 
However, subject to the application by the Community of Article 39 (5) of the ACF concerning the conditions of accession and the adjustments to the Treaties referred to in Article 10, as regards the specific duties or the 


specific part of the mixed duties in the Customs Tariffs of Ireland and of the United Kingdom, the reduced duties shall be rounded off to the fourth decimal place.</article>
      <article number="ARTICLE 20" article_identifier="19766">1. Should specific rules be introduced as a result of the implementation of its agricultural policy or modification of the existing rules, or should the provisions on the implementation of its agricultural policy be modified or developed, the Community may modify the arrangements laid down in the Agreement in respect of the products concerned. 

In such cases the Community shall take appropriate account of Syria's interests. 

2. If the Community, in applying paragraph 1, modifies the arrangements made by this Agreement for products covered by Annex II to the Treaty establishing the European Economic Community, it shall accord imports originating in Syria an advantage comparable to that provided for in this Agreement. 


3. The application of this Article may be the subject of consultations in the Joint Committee.</article>
    </chapter>
    <chapter number="C" name="Common Provisions" chapter_identifier="2384">
      <article number="ARTICLE 21" article_identifier="19767">1. The products originating in Syria referred to in this Agreement may not enjoy more favourable treatment when imported into the Community than that applied by the Member States between themselves. 


2. For the application of paragraph 1, account shall not be taken of the customs duties and charges having equivalent effect resulting from the application of Articles 32, 36 and 59 of the Act concerning the conditions of accession and the adjustments to the Treaties referred to in Article 10.</article>
      <article number="ARTICLE 22" article_identifier="19768">1. Subject to the special provisions relating to frontierzone trade, Syria shall grant the Community treatment in the field of trade no less favourable than mostfavoured-nation treatment. 


2. Paragraph 1 shall not apply in the case of the maintenance or establishment of customs unions or free-trade areas. 


3. Furthermore, Syria may derogate from the provisions of paragraph 1 in the case of measures adopted 
with a view to regional ecconomic integration or measures benefiting the developing countries. The Community shall be notified of such measures.</article>
      <article number="ARTICLE 23" article_identifier="19769">1. The Contracting Parties shall inform each other on the occasion of the signing of this Agreement of the provisions they apply under their trade arrangements. 


2. Syria shall be entitled to introduce into its trade arrangements with the Community new customs duties or charges having equivalent effect and new quantitative restrictions or measures having equivalent effect and to increase the duties and the quantitative restrictions or charges or measures having equivalent effect applied to products originating in or going to the Community, where such measures are necessitated by Syria's industrialization and development requirements. The Community shall be notified of such measures. 
For the application of these measures consultations shall be held within the Cooperation Council at the request of the Contracting Party.</article>
      <article number="ARTICLE 24" article_identifier="19770">Where Syria applies quantitative restrictions in the form of quotas to a given product in accordance with its own legislation it shall treat the Community as a single entity.</article>
      <article number="ARTICLE 25" article_identifier="19771">On the occasion of the reviews provided for in Article 44 of the Agreement, the Contracting Parties shall seek opportunities to make progress towards the removal of obstacles to trade, while having regard to Syria's essential development requirements.</article>
      <article number="ARTICLE 26" article_identifier="19772">For the purposes of implementing this Title, Protocol 2 to this Agreement shall determine the rules of origin.</article>
      <article number="ARTICLE 27" article_identifier="19773">In the event of modifications to the nomenclature of the customs tariffs of the Contracting Parties affecting products referred to in this Agreement, the Cooperation Council may adapt the tariff nomenclature of these .products to conform with such modifications.</article>
      <article number="ARTICLE 28" article_identifier="19774">The Contracting Parties shall refrain from any measure or practice. of an internal fiscal nature establishing, whether directly or indirectly, discrimination between the products of one Contracting Party and like products originating in the territory of the other Contracting Party. 

Products exported to the territory of one of the Contracting Parties may not benefit from repayment of internal taxation in excess of the amount of direct or indirect taxation imposed upon them.</article>
      <article number="ARTICLE 29" article_identifier="19775">Payments relating to commercial transactions carried out in accordance with foreign trade and exchange regulations and the transfer of such payments to the Member State of the Community in which the creditor is resident or to Syria shall be free from any restrictions.</article>
      <article number="ARTICLE 30" article_identifier="19776">The Agreement shall not preclude prohibitions or restrictions on imports, exports or goods in transit justified on grounds of public morality, public policy or public security; the protection of the health and life of humans, animals or plants; the protection of national treasures of artistic, historical or archaelogical value; the protection of industrial and commercial property, or rules relating to gold or silver. Such prohibitions or restrictions must not, however, constitute a means of arbitrary discrimination or a disguised restriction on trade between the Contracting Parties.</article>
      <article number="ARTICLE 31" article_identifier="19777">1. If one of the Contracting Parties finds that dumping is taking place in trade with the other Contracting Party, it may take appropriate measures against this practice in accordance with the Agreement on implementation of Article VI of the General Agreement on tariffs and trade, under the conditions and in accordance with the procedures laid down in Article 33. 


2. In the event of measures being directed against bounties or subsidies, the Contracting Parties undertake to respect the provisions of Article VI of the General Agreement on tariffs and trade.</article>
      <article number="ARTICLE 32" article_identifier="19778">If serious disturbances arise in any sector of the economy or if difficulties arise which might bring about a serious deterioration in the economic situation of a region, the Contracting Party concerned may take the necessary safeguard measures under the conditions and in accordance with the procedures laid down in Article 33.</article>
      <article number="ARTICLE 33" article_identifier="19779">1. In the event of a Contracting Party's subjecting imports of products liable to give rise to the difficulties referred to in Article 32 to an administrative procedure the purpose of which is to provide rapid information on the trend of trade flows it shall inform the other Contracting Party. 


2. In the cases specified in Articles 31 and 32, before taking the measures provided for therein, or as soon as possible in cases to which paragraph 3 (b) applies, the Contracting Party in question shall supply the Cooperation Council with all relevant information required for a thorough examination of the situation with a view to seeking a solution acceptable to the Contracting Parties. 
In the selection of measures, priority must be given to those which least disturb the functioning of the Agreement. Such measures must not exceed the limits of what is strictly necessary to counteract the difficulties which have arisen. 

The Cooperation Council shall be notified immediately of any safeguard measures, and these shall be the subject of periodic consultations within the Cooperation Council particularly with a view to their abolition as soon as circumstances permit. 

3. For the implementation of paragraph 2, the following provisions shall apply: 


(a) 	as regards Articles 31 and 32, consultation in the Cooperation Council shall take place before the Contracting Party concerned takes the appropriate measures; 


(b) 	where exceptional circumstances requiring immediate action make prior examination impossible, the Contracting Party concerned may, in the situations specified in Articles 31 and 32, apply forthwith such precautionary measures as are strictly necessary to remedy the situation.</article>
      <article number="ARTICLE 34" article_identifier="19780">Where one or more Member States of the Community or Syria is in serious difficulties or is seriously threatened with difficulties as regards its balance of payments, the Contracting Party concerned may take the necessary safeguard measures. In the selection of measures, priority must be given to those which least disturb the functioning of the Agreement. The other Contracting Party shall be notified of them immediately and they shall be the subject of periodic consultations within the Cooperation Council particularly with a view to their abolition as soon as circumstances permit.</article>
    </chapter>
    <chapter number="TITLE III" name="General And Final Provisions" chapter_identifier="2385">
      <article number="ARTICLE 35" article_identifier="19781">1. A Cooperation Council is hereby established which, for the purpose of attaining the objectives set out in the Agreement, shall have the power to take decisions in the cases provided for in the Agreement. 

The dec;isions taken shall be binding on the Contracting Parties, which shall take such measures as are required to implement them. 


2. The Cooperation Council may also formulate any resolutions, recommendations or opinions which it considers desirable for the attainment of the common objectives and the smooth functioning of the Agreement. 


3. The Cooperation Council shall adopt its rules of procedure.</article>
      <article number="ARTICLE 36" article_identifier="19782">1. The Cooperation Council shall be composed, on the one hand, of representatives of the Community and of its Member States and, on the other hand, of representatives of Syria. 


2. The Cooperation Council shall act by mutual agreement between the Community, on the one hand, and Syria, on the other.</article>
      <article number="ARTICLE 37" article_identifier="19783">1. The office of President of the Cooperation Council shall be held alternately by the Contracting Parties, in accordance with the modalities to be laid down in the rules of procedure. 


2. Meetings of the Cooperation Council shall be called once a year by its President. 
The Cooperation Council shall, in addition meet whenever necessary, at the request of either Contracting Party, in accordance with. the conditions to be laid down in its rules of procedure.</article>
      <article number="ARTICLE 38" article_identifier="19784">1. The Cooperation Council may decide to set up any committee that. can assist it in carrying out its duties. 


2. In its rules of procedure, the Cooperation Council shall determine the composition and duties of such committees and how they shall function.</article>
      <article number="ARTICLE 39" article_identifier="19785">The Cooperation Council shall take any appropriate measures to facilitate the necessary cooperation and contacts between the European Parliament· and the representatives of the Peopbe's Assembly of Syria.</article>
      <article number="ARTICLE 40" article_identifier="19786">Either Contracting Party shall, if so requested by the other Contracting Party, provide all relevant information on any agreements it concludes involving tariff or trade provisions, and on any amendments to its customs tariff or external trade arrangements. 

Where such amendments or agreements have a direct and particular effect on the functioning of the Agreement, appropriate consultations shall be held within the Cooperation Council at the request of the other Contracting Party so that the interests of the Contracting Parties may be taken into consideration.</article>
      <article number="ARTICLE 41" article_identifier="19787">1. The Contracting Parties shall take any general or specific measures required to fulfil their obligations under the Agreement. They shall ensure that the objectives set out in the Agreement are attained. 


2. If either Contracting Party considers that the other Contracting Party has failed to fulfil an obligation under the Agreement, it may take appropriate measures. Before so doing, it shall supply the Cooperation Council with all relevant information required for a thorough examination of the situation with a view to seeking a solution acceptable to the Contracting Parties. 
In the selection of measures, priority must be given to those which least disturb the functioning of the Agreement. The Cooperation Council shall be notified immediately of such measures, which shall be the subject of consultations within the Cooperation Council if the other Contracting Party so requests.</article>
      <article number="ARTICLE 42" article_identifier="19788">Nothing in the Agreement shall prevent a Contracting Party from taking any measures: 


(a) 	which it considers necessary to prevent the disclosure of information contrary to its essential security interests; 


(b) 	which relate to trade in arms, munitions or war materials or to research, development or production indispensable for defence purposes, provided that such measures do not impair the conditions of competition in respect of products not intended for specifically military purposes; 


(c) 	which it considers essential to its security in time of war or serious international tension.</article>
      <article number="ARTICLE 43" article_identifier="19789">In the fields covered by the Agreement:
the arrangements applied by Syria in respect of the Community shall not give rise to any discrimination between the Member States, their nationals, or their companies or firms,
the arrangements applied by the Community in respect of Syria shall not give rise to any discrimi- nation between Syrian nationals, companies or firms.</article>
      <article number="ARTICLE 44" article_identifier="19790">The Contracting Parties shall, in accordance with the procedure adopted for the negotiation of the Agreement itself, in the first place from the beginning of 1979 and again from the beginning of 1984, review the results of the Agreement and any improvements which could be made by either side as from 1 January 1980 and 1 January 1985, on the basis of the experience gained during the functioning of the Agreement and of the objectives defined therein.</article>
      <article number="ARTICLE 45" article_identifier="19791">Protocols 1 and 2 and Annexes A and B shall form an integral part of the Agreement. The declarations and exchanges of letters shall appear in the Final Act, which shall form an integral part of the Agreem~nt. 

Either Contracting Party may denounce this Agreement by notifying the other Contracting Party. The Agreement shall cease to apply 12 months after the date of such .notification.</article>
      <article number="ARTICLE 46" article_identifier="19792">Either Contracting Party may denounce this Agreement by notifying the other Contracting Party. The Agree- ment shall cease to apply 12 months after the date of such notification.</article>
      <article number="ARTICLE 47" article_identifier="19793">This Agreement shall apply, on the one hand, to the territories to which the Treaty establishing the European Economic Community applies under the conditions laid down in that Treaty and, on the other, to the territory of the Syrian Arab Republic.</article>
      <article number="ARTICLE 48" article_identifier="19794">This Agreement is drawn up in duplicate in the Danish, Dutch, English, French, German, Italian and Arabic languages, each of these texts being· equally authentic.</article>
      <article number="ARTICLE 49" article_identifier="19795">This Agreement will be approved by the Contracting Parties in accordance with their own procedures. 

This Agreement shall enter into force on the first day of the second month following notification that the procedures referred to in the first paragraph have been completed.</article>
    </chapter>
    <chapter name="Conclusion" chapter_identifier="2386">
      <article article_identifier="19796">Til bekrreftelse heraf har undertegnede befuldmregtigede m:1derskrevet denne aftale. 

Zu Urkund &lt;lessen haben die unterzeichneten Bevollmachtigten ihre Unterschriften unter dieses Abkommen gesetzt. 

In witness whereof, the undersigned Plenipotentiaries have affixed their signatures below this Agreement. . 

En foi de quoi, les plfoipotentiaires soussignes ont appose leurs signatures au bas du present accord. 

In fede di che, i plenipotenziari sottoscritti hanno apposto le loro firme in cake al presente accordo. 

Ten blijke waarvan de ondergetekende gevolmachtigden hun handtekening onder deze Overeenkomst hebben gesteld. 
Udfcrrdiget i Bruxelles, den attende januar nitten hundrede og syvoghalvfjerds. 
Geschehen zu Brussel am achtzehnten Januar neunzehnhundertsiebenundsiebzig. 
Done at Brussels on the eighteenth day of January in the year one thousand nine hundred 


and seventy-seven. 


Fait aBruxelles, le dix-huit janvier mil neuf cent soixante-dix-sept. 

Fatto a Bruxelles, addl diciotto gennaio millenovecentosettantasette. 

Gedaan te Brussel, de achttiende januari negentienhonderd zevenenzeventig. 
Pour Sa Majeste le roi des Beiges Voor Zijne Majesteit de Koning der Belgen 
For Hendes Majestcrt dronningen af Danmark 
........ 


Fiir den Prasidenten der Bundesrepublik Deutschland 

Pour le president de la Republique fran~aise 

For the President of Ireland 
Per il presidente. della Repubblica italiana 
Pour Son Altesse Royale le grand-due de Luxembourg 
\ ~\._'°''-------.. 

) 

Voor Hare Majesteit de Koningin der Nederlanden 

/ 

1 


I 
I/
I , {(_·. ' 


\ 

\ 

/ 

For Her Majesty the Queen of the United Kingdom of Great Britain and Northern Ireland 

A. 
For Radet for De europreiske Frellesskaber Fiir den Rat der Europiiischen Gemeinschaften For the Council of the European Communities Pour le Conseil des Communautes europeennes Per il Consiglio delle Comunita europee Voor de Raad van de Europese Gemeenschappen 
A. Q.~t

'·</article>
    </chapter>
  </body>
</treaty>
