<?xml version="1.0" encoding="UTF-8"?>
<treaty>
  <meta>
    <name>EC - Egypt Agreement of 1972</name>
    <type>Free Trade Agreement</type>
    <wto_rta_id>240</wto_rta_id>
    <treaty_identifier>213</treaty_identifier>
    <status>Inactive</status>
    <notification>GATT Art. XXIV</notification>
    <date_signed>1972-12-18</date_signed>
    <date_into_force>1973-11-01</date_into_force>
    <date_notification>1973-10-11</date_notification>
    <end_implementation/>
    <date_inactive>1977-01-01</date_inactive>
    <parties_original>
      <partyisocode n="1">BEL</partyisocode>
      <partyisocode n="2">DEU</partyisocode>
      <partyisocode n="3">EGY</partyisocode>
      <partyisocode n="4">FRA</partyisocode>
      <partyisocode n="5">ITA</partyisocode>
      <partyisocode n="6">LUX</partyisocode>
      <partyisocode n="7">NLD</partyisocode>
    </parties_original>
    <parties>
      <partyisocode n="1"/>
    </parties>
    <composition>Plurilateral</composition>
    <region>Europe; Africa</region>
    <parties_wto>Yes</parties_wto>
    <crossregional>Yes</crossregional>
    <language>en</language>
    <source lang="en" type="full text">http://sul-derivatives.stanford.edu/derivative?CSNID=90890110&amp;mediaType=application/pdf</source>
  </meta>
  <body>
    <chapter name="Preamble" chapter_identifier="2179">
      <article number="ARTICLE 1" article_identifier="18163">The purpose of this Agreement is to promote an 


expansion of trade between the European Economic 


Community and the Arab Republic of Egypt, thereby


contributing to the development of international 


trade.</article>
    </chapter>
    <chapter number="TITLE I" name="Trade" chapter_identifier="2180">
      <article number="ARTICLE 2" article_identifier="18164">1. Products originating in the Arab Republic of 


Egypt shall, on importation into the Community, be 


governed by the provisions of Annex I. 


2. Products originating in the Community shall, 


upon importation into the Arab Republic of Egypt,


begovernedbytheprovisionsofAnnex II. 


3. The Contracting Parties shall take all 


appropriate measures, whether general or particular, 


to ensure fulfilment of the obligations arising from 


the Agreement. 
They shall refrain from any measure liable to 


jeopardize the attainment of the objectives of the 
Agreement.</article>
      <article number="ARTICLE 3" article_identifier="18165">Subject to the special provisions relating to 


frontier-zone trade, the treatment applied by the 


Arab Republic of Egypt to products originating in the 


Community shall in no case be less favourable than 


that applied to products originating in the most 


favoured third country.</article>
      <article number="ARTICLE 4" article_identifier="18166">Where duties are levied on products of one 


Contracting Party exported to another Contracting


Party, such duties may not exceed those applied to 


products exported to the most favoured third 
country.</article>
      <article number="ARTICLE 5" article_identifier="18167">Articles 3 and 4 shall not preclude the maintenance 
or establishment by the Arab Republic of Egypt of 
customs unions or free-trade areas and also of 
agreements the purpose of which is regional


economic integration, provided that these do not 


have the effect of modifying the trade arrangements


laid down in the Agreement, and in particular the 


rules of origin.</article>
      <article number="ARTICLE 6" article_identifier="18168">Any internal fiscal measure or practice giving rise, 


directly or indirectly, to discrimination between the 


products of one Contracting Party and like products.


of the other Contracting Party shall be prohibited.</article>
      <article number="ARTICLE 7" article_identifier="18169">The trading arrangements applied by the Arab 


Republic of Egypt to products originating in the 


Community or exported to the Community shall not 


give rise to any discrimination between the Member 


States, their nationals or their companies or firms.</article>
      <article number="ARTICLE 8" article_identifier="18170">The Agreement shall not preclude prohibitions or 


restrictions on imports, exports or goods in transit 


justified on grounds of public morality, public policy 


or public security, the protection of health and life of 


humans, animals or plants; the protection of national 


treasures possessing artistic, historic or archaeological


value; or the protection of industrial and commercial 


property. Such prohibitions or restrictions shall not, 


however, constitute a means of arbitrary


discrimination or a disguised restriction on trade.</article>
      <article number="ARTICLE 9" article_identifier="18171">The rules of origin applicable to products covered 
by the Agreement are laid down in the Protocol.</article>
      <article number="ARTICLE 10" article_identifier="18172">1. If one of the Contracting Parties finds in its 
relations with the other Contracting Party that 
dumping is being practised, it may, after 
consultations in the Joint Committee provided for in 
Article 14, take protective measures against such 
practices in accordance with the Agreement on the 


implementation of Article VI of the General 
Agreement on Tariffs and Trade. 


In urgent cases that Contracting Party may, after 
notifying the Joint Committee, apply the interim 
measures provided for by that Agreement.
Consultations shall take place regarding such 
measures not later than two weeks after their 


implementation. 



2. Where measures are directed against bounties or 


subsidies, the Contracting Parties undertake to 


comply with the provisions of Article VI of the 


General Agreement on Tariffs and Trade. 


3. At the request of either Contracting Party,
consultations shall take place every three months in 
the Joint Committee on any observed dumping


practices, bounties or subsidies and on measures 
taken in regard thereto.</article>
      <article number="ARTICLE 11" article_identifier="18173">1. Payments relating to trade and the transfer of 
such payments to the Member State in which the 
creditor resides, or to the Arab Republic of Egypt,
shall not be subject to any restriction where such 
trade is covered by the provisions of this Agreement. 



2. If imports of products from the other 
Contracting Party are limited by exchange control 
restrictions, this exchange control must be such as to 

ensure a satisfactory orientation of imports.</article>
      <article number="ARTICLE 12" article_identifier="18174">1. If serious disturbances occur in a sector of the 
economy of the Arab Republic of Egypt or prejudice
its external financial stability, or if difficulties arise 
which adversely affect the economic situation in a 
region of the Arab Republic of Egypt, the Arab 
Republic of Egypt may take the necessary protective 


measures. 
The Joint Committee shall be notified immediately of 


such measures and of the rules for their application. 


2. If serious disturbances occur in a sector of the 
economy of the Community or of one or more 
Member States, or prejudice the external financial 
stability of one or more Member States or if 
difficulties arise which adversely affect the economic 
situation in a region of the Community, the 
Community may take, or authorize the Member State 


or States concerned to take, the necessary protective 
measures. 


The Joint Committee shall be notified immediately of 


such measures and of the rules for their application. 


3. In the choice of measures to be taken in 
pursuance of paragraphs 1 and 2, preference shall be 
given to those which least disturb the operation of 
the Agreement. These measures should not exceed 
what is strictly necessary to remedy the difficulties 


that have arisen. 


4. Consultations may take place in the joint
Committee on the measures taken in pursuance of 


paragraphs 1 and 2.</article>
      <article number="ARTICLE 13" article_identifier="18175">1. Where protective measures prove necessary for 
its industrialization and development, the Arab 
Republic of Egypt may withdraw concessions granted
in respect of the products listed in Annex II, on 
condition that they are replaced by concessions 


which maintain the balance of the Agreement. 


2. Such withdrawal and replacement shall take 


place after consultation in the Joint Committee.</article>
    </chapter>
    <chapter number="TITLE II" name="General And Final Provisions" chapter_identifier="2181">
      <article number="ARTICLE 14" article_identifier="18176">1. A Joint Committee is hereby established to 
administer the Agreement and to ensure its proper
execution. To this end, it may make 
recommendations. It shall take decisions as provided


for in this Title. 


2. The Contracting Parties agree to keep each 
other informed and, at the request of either of them, 


to consult together in the Joint Committee to ensure 
that the Agreement is correctly implemented. 


3. The Joint Committee shall adopt its rules of 
procedure by decision.</article>
      <article number="ARTICLE 15" article_identifier="18177">1. The Joint Ccommittee shall consist of 
representatives of the Community and of 


representatives of the Arab Republic of Egypt. 


2. The Joint Committee shall act by mutual 
agreement.</article>
      <article number="ARTICLE 16" article_identifier="18178">1. The Chairmanship of the Joint Committee shall 


be taken alternately by each of the Contracting


Parties in accordance with its rules of procedure. 


2. The Joint Committee shall meet once a year on 
the initiative of its Chairman. 


The Joint Committee shall also meet whenever 


necessary, at the request of either Contracting Party,


in accordance with its rules of procedure. 


3. The Joint Committee may decide to set up


working parties to assist in the performance of its 


tasks.</article>
      <article number="ARTICLE 17" article_identifier="18179">1. The Agreement is concluded for a period of five 
years from the date of its entry into force. 



2. Eighteen months before the expiry of the 

Agreement, negotiations may be opened with a view 


toconcluding anewAgreementon awider basis.</article>
      <article number="ARTICLE 18" name="The Agreement May Be Denounced By Either" article_identifier="18180">Contracting Party giving six months' notice.</article>
      <article number="ARTICLE 19" article_identifier="18181">1. The Agreement shall apply to the European


territories where the Treaty establishing the 


European Economic Community applies, and to the 


Arab Republic of Egypt. 


2. The Agreement shall apply also to French 


overseas departments so far as concerns those fields 


covered by it which correspond to those listed in the 


first subparagraph of Article 227 (2) of the Treaty


establishing the European Economic Community. 


The conditions for applying to those departments the 
provisions of the Agreement relating to other fields 
shall be decided at a later date by agreement between 


the Contracting Parties.</article>
      <article number="ARTICLE 20" article_identifier="18182">Annexes I and II, the lists appearing therein and the 


Protocol shall form an integral part of the 


Agreement.</article>
      <article number="ARTICLE 21" article_identifier="18183">This Agreement shall enter into force on the first day
of the month following the date on which the 
Contracting Parties notify each other of the 


completion of the procedures necessary to that end.</article>
      <article number="ARTICLE 22" article_identifier="18184">This Agreement is drawn up in two copies in the 
Dutch, French, German, Italian and Arabic 
languages, each of these texts being equally authentic.</article>
    </chapter>
    <chapter name="Conclusion" chapter_identifier="2182">
      <article article_identifier="18185">In witness whereof, the undersigned Plenipotentiaries have affixed their signatures


below this Agreement. 
Done at Brussels on this eighteenth day of December in the year one thousand nine 


hundred and seventy-two. 
For the Government of the Arab Republic of Egypt, 
Provided that the European Economic Community will only be finally committed after 


notifying the other Contracting Party of the completion of the procedures required by


the Treaty establishing the European Economic Community. 
For the Council of the European Communities,</article>
    </chapter>
  </body>
</treaty>
