<?xml version="1.0" encoding="UTF-8"?>
<treaty>
  <meta>
    <name>Central European Free Trade Agreement (CEFTA) 2006</name>
    <type>Free Trade Agreement</type>
    <wto_rta_id>4</wto_rta_id>
    <treaty_identifier>4</treaty_identifier>
    <status>In Force</status>
    <notification>GATT Art. XXIV</notification>
    <date_signed>2006-12-19</date_signed>
    <date_into_force>2007-05-01</date_into_force>
    <date_notification>2007-07-26</date_notification>
    <end_implementation>2008-12-30</end_implementation>
    <date_inactive/>
    <parties_original>
      <partyisocode n="1">ALB</partyisocode>
      <partyisocode n="2">BGR</partyisocode>
      <partyisocode n="3">BIH</partyisocode>
      <partyisocode n="4">HRV</partyisocode>
      <partyisocode n="5">MDA</partyisocode>
      <partyisocode n="6">MKD</partyisocode>
      <partyisocode n="7">MNE</partyisocode>
      <partyisocode n="8">ROU</partyisocode>
      <partyisocode n="9">SRB</partyisocode>
    </parties_original>
    <parties>
      <partyisocode n="1">ALB</partyisocode>
      <partyisocode n="2">BIH</partyisocode>
      <partyisocode n="3">MDA</partyisocode>
      <partyisocode n="4">MKD</partyisocode>
      <partyisocode n="5">MNE</partyisocode>
      <partyisocode n="6">RKS</partyisocode>
      <partyisocode n="7">SRB</partyisocode>
    </parties>
    <composition>Plurilateral</composition>
    <region>Europe; Commonwealth of Independent States (CIS)</region>
    <parties_wto>No</parties_wto>
    <crossregional>Yes</crossregional>
    <related_agreement_wto_id n="1">54</related_agreement_wto_id>
    <language>en</language>
    <source lang="en" type="full text">http://www.cefta.int/sites/default/files/CEFTAMAINTEXT2006.pdf</source>
    <source lang="en" type="annex">http://www.cefta.int/cefta-agreement</source>
  </meta>
  <body>
    <chapter chapter_identifier="47">
      <article article_identifier="417">AGREEMENT ON AMENDMENT OF  AND ACCESSION TO  THE CENTRAL EUROPEAN FREE TRADE AGREEMENT AGREEMENT ON AMENDMENT OF AND ACCESSION TO  THE CENTRAL EUROPEAN FREE TRADE AGREEMENT Preamble The Republic of Albania, Bosnia and Herzegovina, the Republic of Bulgaria, the Republic of Croatia, the Republic of Macedonia, the Republic of Moldova, the Republic of Montenegro, Romania, the Republic of Serbia and the United Nations Interim Administration Mission in Kosovo on behalf of Kosovo in accordance with United Nations Security Council Resolution 1244  (hereinafter referred to as "the Parties"), Having regard to the aim of eligible Parties to accede to the European Union;  Recognizing the contribution of the Central European Free Trade Agreement (hereinafter referred to as “CEFTA”) to improve the readiness of Parties for membership in the European Union as witnessed by the accession on 1 May 2004 of the Czech Republic, the Republic of Hungary, the Republic of Poland, Slovak Republic and the Republic of Slovenia and the forthcoming accession of the Republic of Bulgaria and Romania;   Convinced of the necessity to amend CEFTA, in order to contribute to the process of integration in Europe through the opening of CEFTA to all Parties ready to observe the provisions of this Agreement;  Having in mind the Declaration of Prime Ministers of CEFTA, done on 29 November 2005 in Zagreb; Having in mind the Declaration of Prime Ministers of the Parties, done on 6 April 2006 in Bucharest, have agreed as follows:</article>
    </chapter>
    <chapter chapter_identifier="48">
      <article number="ARTICLE 1" name="Accession" article_identifier="418">The Republic of Albania, Bosnia and Herzegovina, the Republic of Moldova, the Republic of Montenegro, the Republic of Serbia and the United Nations Interim Administration Mission in Kosovo on behalf of Kosovo in accordance with United Nations Security Council Resolution 1244 hereby accede to the Central European Free Trade Agreement as amended in Article 3 of this Agreement and shall apply it in accordance with the provisions of this Agreement.</article>
      <article number="ARTICLE 2" name="The Parties" article_identifier="419">References in the Central European Free Trade Agreement, as amended in Article 3 of this Agreement, to its Parties shall be understood to include the Parties to this Agreement.</article>
      <article number="ARTICLE 3" name="Amendment Of Cefta" article_identifier="420">The Central European Free Trade Agreement, done at Kraków on 21 December 1992, and amended by the Agreement Amending the Central European Free Trade Agreement, done at Brno on 11 September 1995 and the Agreement Amending the Central European Free Trade Agreement, done at Bled on 4 July 2003, is hereby amended. The consolidated version of the text of the Central European Free Trade Agreement, as amended, (hereinafter referred to as “CEFTA 2006”) is attached as Annex 1 to this Agreement.</article>
      <article number="ARTICLE 4" name="Entry Into Force" article_identifier="421">1. This Agreement is subject to ratification, acceptance or approval in accordance with requirements foreseen by domestic legislation.  The instruments of ratification, acceptance or approval shall be deposited with the Depositary. 

2. This Agreement shall enter into force on 1 May 2007, provided that all Parties except the Republic of Bulgaria and Romania have deposited their instruments of ratification, acceptance or approval with the Depositary by 31 March 2007. 

3. If the Agreement has not entered into force for all Parties in accordance with paragraph 2 of this Article, it shall enter into force on the thirtieth day after the deposit of the fifth instrument of ratification, acceptance or approval.  

4. For each Party depositing its instrument of ratification, acceptance or approval after the date of the deposit of the fifth instrument of ratification, acceptance or approval, the Agreement shall enter into force on the thirtieth day after the day on which it deposits its instrument of ratification, acceptance or approval.  

5. The bilateral agreements listed in Annex 2 shall be terminated on the date of entry into force of the present Agreement for the Parties concerned.  

6. Parties referred to in paragraph 4 shall maintain all preferences provided by their respective bilateral free trade agreements until the present Agreement enters into force for each.  

7. If its constitutional requirements permit, any Party may apply this Agreement provisionally.  Provisional application of this Agreement under this paragraph shall be notified to the Depositary.</article>
    </chapter>
    <chapter chapter_identifier="49">
      <article article_identifier="422">IN WITNESS WHEREOF the undersigned plenipotentiaries, being duly authorised thereto, have signed this Agreement. Done at Bucharest this nineteenth day of December 2006 in a single authentic copy in the English language, which shall be deposited with the Depositary of the Central European Free Trade Agreement, which shall transmit certified copies to all Parties. For the Republic of Albania   For the Republic of Moldova ………………………………………….   …………………………………………. For Bosnia and Herzegovina   For the Republic of Montenegro ………………………………………….   …………………………………………. For the Republic of Bulgaria   For Romania ………………………………………….   …………………………………………. For the Republic of Croatia   For the Republic of Serbia ………………………………………….   …………………………………………. For the Republic of Macedonia  For the United Nations Interim        Administration Mission in Kosovo on behalf of Kosovo in accordance with United Nations Security Council Resolution 1244 ………………………………………….   ………………………………………</article>
    </chapter>
  </body>
</treaty>
