<?xml version="1.0" encoding="UTF-8"?>
<treaty>
  <meta>
    <name>EC - Israel Agreement of 1970</name>
    <type>Free Trade Agreement</type>
    <wto_rta_id>250</wto_rta_id>
    <treaty_identifier>222</treaty_identifier>
    <status>Inactive</status>
    <notification>GATT Art. XXIV</notification>
    <date_signed>1970-06-29</date_signed>
    <date_into_force>1970-10-01</date_into_force>
    <date_notification>1970-09-07</date_notification>
    <end_implementation/>
    <date_inactive>1975-07-01</date_inactive>
    <parties_original>
      <partyisocode n="1">BEL</partyisocode>
      <partyisocode n="2">DEU</partyisocode>
      <partyisocode n="3">FRA</partyisocode>
      <partyisocode n="4">ISR</partyisocode>
      <partyisocode n="5">ITA</partyisocode>
      <partyisocode n="6">LUX</partyisocode>
      <partyisocode n="7">NLD</partyisocode>
    </parties_original>
    <parties>
      <partyisocode n="1"/>
    </parties>
    <composition>Plurilateral</composition>
    <region>Europe; Middle East</region>
    <parties_wto>Yes</parties_wto>
    <crossregional>Yes</crossregional>
    <language>en</language>
    <source lang="en" type="full text">http://sul-derivatives.stanford.edu/derivative?CSNID=90840003&amp;mediaType=application/pdf</source>
  </meta>
  <body>
    <chapter name="Preamble" chapter_identifier="317">
      <article number="ARTICLE 1" article_identifier="18639">The object of this Agreement is to promote the growth of trade between the 
European Economic Community and the State of Israel and thus to contribute to the 
development of international trade.</article>
    </chapter>
    <chapter number="PART I" name="Trade" chapter_identifier="318">
      <article number="ARTICLE 2" article_identifier="18640">1. Products originating in Israel shall upon importation into the Community


benefit from the provisions set forth in annex I. 



2. Products originating in the Community shall upon importation into Israel 
benefit:from the. provisions set forth in Annex II. 



3. The Contracting Parties shall take all general or special measures 
calculated to ensure execution of the obligations arising out of the Agreement. 

They shall abstain from any action likely to jeopardize attainment of the 
aims of the Agreement.</article>
      <article number="ARTICLE 3" article_identifier="18641">Any measure or practice of an internal fiscal character that establishes, 
whether directly or indirectly, a discrimination as between the products of one 
Contracting Party and the like products originating in the other Contracting 
Party shall be prohibited.</article>
      <article number="ARTICLE 4" article_identifier="18642">The trade regime applied by Israel to products originating in or consigned 
to the Community may not result in any discrimination between the Member States, 
their nationals or their companies.</article>
      <article number="ARTICLE 5" article_identifier="18643">The treatment accorded by Israel to products originating in the Community 
may in no case be less favourable than that accorded to products originating


in the most-favoured third State.</article>
      <article number="ARTICLE 6" article_identifier="18644">To the extent that export duties are charged on the products of one 
Contracting Party when consigned to the other Contracting Party, those duties 
may not be in excess of those imposed on products consigned to the most-favoured 
third States</article>
      <article number="ARTICLE 7" article_identifier="18645">The provisions of articles 5 and 6 shall not prevent the establishment by 
Israel of customs unions or free-trade areas, to the extent that these do not 
have the effect of changing the trade regime, and in particular the provisions 
concerning rules of origin, provided for by the present Agreement.</article>
      <article number="ARTICLE 8" article_identifier="18646">The provisions set forth in the Protocol define the rules of origin 
applicable to products covered by this Agreement.</article>
      <article number="ARTICLE 9" article_identifier="18647">1. A Contracting Party becoming aware of clumping practices in its relations 
,with the other Contracting Party may, after consultation in the Joint Commission 
established by article 14, take measures of defence against such practices in 
accordance with the Agreement on Implementation of Article VI of the General 
Agreement on Tariffs and Trade. 


In case of urgency the said Contracting Party may, after notifying the 
Joint Commission, take the.provisional measures prescribed by the said Agreement.. 
Consultations thereon shall be held not later than two weeks after the taking 
of the measures. 



2. In taking measures against bonuses and subsidies the Contracting Parties 
undertake to observe the provisions of Article VI of the General Agreement on 
Tariffs and Trade. 



3. Dumping practices bonuses and subsidies observed and measures taken against 
them shall, at the request of one of the Contracting Partiesbe the subject of 
consultations every three months in the Joint Commission.</article>
      <article number="ARTICLE 10" article_identifier="18648">Payments in respect of trade in goods and likewise the transfer of such 
payments to the member State in which the creditor resides or to Israel, shall 
not be subject to any restriction to the extent that such trade falls within 
the purview of this Agreement.</article>
      <article number="ARTICLE 11" article_identifier="18649">1. If serious disturbances occur in a sector of Israel's economic activity or 
threaten its external financial stability, or if difficulties arise that have 
the effect of altering the economic situation of any of its areas, Israel may 
take the necessary safeguard measures. 


These measures and their. implementing.modalities shall be notified without 
delay to the Joint Commission. 


2. If serious disturbances occur in a sector of the economic activity of the 
Community or of one or more of the member States, or threaten their external 
financial stability' or if difficulties arise that have the effect of altering 
the economic situation of any area of the Community, the latter may take or 
authorize the member State or States concerned to take the necessary safeguard 
measures. 


These measures and their implementing modalities shall be notified without 
delay to the Joint Commission. 



3. For the implementation of the provisions of paragraphs 1 and 2, the measures 
selected must as a matter of priority be those causing the least possible 
disturbance in the functioning of the regime established by the Agreement. These 
measures must not exceed what is strictly necessary to remedy the difficulties 
which have arisen. 



4. Consultations may take place in the Joint Commission on measures taken. in 
pursuance of paragraphs 1 and 2.</article>
      <article number="ARTICLE 12" article_identifier="18650">1. To the extent that protective measures prove necessary for the industrialization and development needs of Israel, the latter may withdraw concessions granted 
on the products listed in Annex II, subject to their replacement by other 
concessions so as to maintain the equilibrium of the Agreement. 



2. These withdrawal and replacement measures shall be taken after consultation 
in the Joint Commission.</article>
      <article number="ARTICLE 13" article_identifier="18651">The provisions of this Agreement shall not prevent prohibitions or 
restrictions being imposed on imports, exports or transit on the grounds of public
morality, public order, public security, protection of human or animal life or 
health, the preservation of plant life, the protection of national treasures of 
artistic, historical or archaeological value, or the protection of industrial or 
commercial property. Such prohibitions or restrictions shall not, however, 
constitute either a means of arbitrary discrimination or a disguised restriction 
on trade.</article>
    </chapter>
    <chapter number="PART II" name="General And Final Provisions" chapter_identifier="319">
      <article number="ARTICLE 14" article_identifier="18652">1. A Joint Commission is hereby established to administer this Agreement and 
ensure its proper execution. To this end it shall make recommendations; it 
shall take decisions in the cases provided for in this Part. 



2. The Contracting Parties agree to inform each other and, on request by either 
of them, to consult in the Joint Commission with a view to the proper implementation of this Agreement. 



3. 	The Joint Commission shall by decision establish its rules of procedure..</article>
      <article number="ARTICLE 15" article_identifier="18653">1. The Joint Commission shall consist, on the one hand, of representatives of 
the Community and, on the other hand, of representatives of Israel. 



2. 	The decisions of the Joint Commission shall be taken by agreement.</article>
      <article number="ARTICLE 16" article_identifier="18654">1. The Joint Commission shall be presided over in turn by each Contracting 
Party in the conditions set forth in its rules of procedure. 



2. The Joint Commission shall 	be convened once a year by its Chairman. 

In addition, the Joint Commission shall meet whenever circumstances require, at 
the request of one of the Contracting Parties, in the conditions set forth in 
its rules of procedure. 


3. The Joint Commission may decide to set up any working party that can help 
it to discharge its tasks.</article>
      <article number="ARTICLE 17" article_identifier="18655">1. The Agreement is concluded for a period of five years from the date of its 
entry; into force. 



2. Eighteen months before the 	expiry of the Agreement, negotiations may be 

started for the conclusion of a 	new agreement on broader foundations.</article>
      <article number="ARTICLE 18" article_identifier="18656">The Agreement may be denounced by either Contracting Party, subject to six 
months' advance notice.</article>
      <article number="ARTICLE 19" article_identifier="18657">1. The present Agreement shall apply to the European territories in which the 
Treaty establishing the European Economic Community is in operation, on the one 
hand, and to the State of Israel on the other-hand. 



2. It shall also apply to the French overseas departments in the sectors covered 
by this Agreement corresponding to those listed in paragraph 2, sub-paragraph 1 of 
Article 227 of the Treaty establishing the European Economic Community.. 

The conditions governing the application to these departments of the provisions
of the present Agreement concerning the other sectors shall be determined 
subsequently by agreement between the Contracting Parties.</article>
      <article number="ARTICLE 20" article_identifier="18658">Annexes I and II, the lists contained therein, and the Protocol shall form 
an integral part of the Agreement.</article>
      <article number="ARTICLE 21" article_identifier="18659">The present Agreement shall come into force on the first day of the month 
following the date on which the Contracting Parties notify each other that the 
necessary procedures for this purpose have been completed.</article>
      <article number="ARTICLE 22" article_identifier="18660">The present Agreement is drawn up in duplicate in the German, French, Italian,
Dutch and Hebrew languages each text being equally authentic.</article>
    </chapter>
    <chapter name="Conclusion" chapter_identifier="2238">
      <article article_identifier="18661">IN FAITH WHEREOF the undersigned plenipotentiaries have attached their signatures 
to the present Agreement. 


Done in Luxembourg on the twenty-ninth day of June, one thousand nine hundred and 
seventy. 


For the Council of the European Communities, 


Pierre HARMEL Jean-REY 


Subject to the reservation that the European Economic Community shall be 


definitely committed only after the other Contracting Party has been notified of 
the completion of the procedures required by the Treaty establishing the European 
Economic Community, more particularly the consultation of the Assembly. 


For the Government of the State of Israel, 


Abba EBAN</article>
    </chapter>
  </body>
</treaty>
