<?xml version="1.0" encoding="UTF-8"?>
<treaty>
  <meta>
    <name>GUAM</name>
    <type>Free Trade Agreement &amp; Economic Integration Agreement</type>
    <wto_rta_id>620</wto_rta_id>
    <treaty_identifier>370</treaty_identifier>
    <status>In Force</status>
    <notification>GATT Art. XXIV &amp; GATS Art. V</notification>
    <date_signed>2002-07-20</date_signed>
    <date_into_force>2003-12-10</date_into_force>
    <date_notification>2017-04-03</date_notification>
    <end_implementation/>
    <date_inactive/>
    <parties_original>
      <partyisocode n="1">AZE</partyisocode>
      <partyisocode n="2">GEO</partyisocode>
      <partyisocode n="3">MDA</partyisocode>
      <partyisocode n="4">UKR</partyisocode>
    </parties_original>
    <parties>
      <partyisocode n="1">AZE</partyisocode>
      <partyisocode n="2">GEO</partyisocode>
      <partyisocode n="3">MDA</partyisocode>
      <partyisocode n="4">UKR</partyisocode>
    </parties>
    <composition>Plurilateral</composition>
    <region>Commonwealth of Independent States (CIS)</region>
    <parties_wto>No</parties_wto>
    <crossregional>No</crossregional>
    <language>en</language>
    <source lang="en" type="full text">http://rtais.wto.org/rtadocs/620/TOA/English/GUUAM Agreement.pdf</source>
    <source lang="en" type="annex">http://guam-organization.org/en/node/809</source>
  </meta>
  <body>
    <chapter chapter_identifier="3354">
      <article article_identifier="28137">The States Parties to the present Agreement, hereinafter referred to as the Contracting Parties, -Striving to develop mutually beneficial trade and economic cooperation based on equality and mutual benefits, . 

Forming the conditions for free movement of goods and services, 

Promoting the growth of economic potential of the States, Parties on the basis of development of mutually beneficial cooperation ties and cOllaboration, Desirous to permanently increase the living standards of the population of their States, Reaffinning their commitment to the principles of the General Agreement on Tariffs and Trade (GATTfWTO), Concluding the Agreement on Establishment of Free Trade Area, hereinafter referred to as the Agreement, 

Have agreed as follows:</article>
    </chapter>
    <chapter chapter_identifier="3355">
      <article number="ARTICLE 1" name="General Provisions" article_identifier="28138">1. The Contracting Parties, Q order to achieve the goals of the present Agreement, shall cooperate in establishing free trade area to ensure: Elimination of customs duties, as well as taxes and dues having eql:iivalent 

effect, and of quantitative limitations in mutual trade; 

Removal of other obstacles to free movement ofgoods and services; 

Establishment and development of effective system of mutual settlement of accounts and payments in trade and other operations; 

Cooperation in conducting trade and economic policy to achieve the goals of this Agreement in the fields of. industry, agriculture, transport, finance, inyestments, social sphere, as well as in development of fair competition etc.; 

Harmonization of the legislation of the Contracting Parties to the extent necessary for proper and effective functioning offree trade. 


2. This Agreement shall be applied within the customs territories of the Contracting Parties, as provided by their national legislation. 


3. If the meaning of terms is not specially defmed in this Agreement or in any other arrangement among the Contracting Parties, then the provisions of 1969 Vienna Convention on the Law of International Treaties and GATTfWTO agreements shall be used for their interpretation by the Contracting Parties. 
2 

Disputes relating to the interpretation of this Agreement or its terms shall be resolved in accordance with the procedure set for the settlement of disputes relating to this Agreement. 
4. The Contracting Parties shall refrain from actions contrary to the prOvisions of and impeding the achievement of the goals of this Agreement. This provision concerns, inter alia, the terms of participation of the Contracting Parnes in other regional economic groupings, and other issues related to the regulation ofrelations within the scope ofthe Agreement.</article>
      <article number="ARTICLE 2" name="Working Body For Coordination Of The Actions Of The Contracting Parties Related To The Implementation Of The Provisions Of The Agreement" article_identifier="28139">The monitoring of the implementation of this Agreement by the Conn-acting Parties, elaboration of proposals as to the development of their trade and economic cooperation, settlement of issues, coordination of economic policy to achieve the goals of this Agreement shall be carried out by a permanent Working Body: status and functions of which shall be separately set by the Contracting Parties.</article>
      <article number="ARTICLE 3" name="Customs Duties, As Well As Taxes And Dues Having Equivalent Effect, And Quantitative Limitations" article_identifier="28140">1. The Contracting Parties shall not apply customs duties, as well as taxes and dues having equivalent effect, and quantitative limitations, to import andlor export of commodities originating from customs territory of one of the Contracting Parties and destined to the customs territories of other Contracting Parties. 


2. From the moment of entry into force of this Agreement no quantitative and tariff limitations of import and/or export and measures having equivalent effect shall be introduced to the trade between the Contracting Parties. 

The Contracting Parties, which apply exemptions from the regime established by paragraph 1 of this Article, shall, within 12 months from the moment of entry into force of this Agreement, on bilateral bCbis arrange their gradual removal and notify the Working Body and the Depositary of the present Agreement thereof. 

3. For the purposes of this Agreement, quantitative limitations and other administrative measures shall include any measures, implementation of which establishes material obstacle or Jimitation to import of a.commodity originating from the territory of one on the Contracting Parties to the territory of another Contracting Party or to export of a commodity originating from the territory of one 

'" 

3 on the Contracting Parties to the territory of another Cc~~---~-o 

quoting, licensing, control of prices or other conditions of supply and any other special requirements for import or export, which directly or indirectly limit the rights of exporter or importer as compared to the rights of s;eller or customer of similar cormnodity residing within the territory of the country of its origin and conducting purchase or sale ",ithin this territory. The provisions of this Article shall be applied without prejudice to the rights of any Contracting Party to introduce the measures foreseen by Articles 14 and 15 of this Agreement and the measures introduced by any Contracting Party to fulfill its obligations under other inten1ational agreement.</article>
      <article number="ARTICLE 4" name="Technical And Other Special Requirements (Limitations)" article_identifier="28141">1. Each Contracting Party shall accord to the commodities originating from customs territory of any other Contracting Party and imported to its territory, treatment no worse than the treatment accorded to its national cormnodities or commodities of any third country in respect of technical and qualitative 

requirements. 

2. The provisions of this Article shall be applied without prejudice to the measures, which can" be introduced by any Contracting Party in order'to implement agreements on mutual recognition of test results, quality certificates and other 

j

similar agreements, and to the measures, which can be introduced in case of threat or possible threat to life and health of humans, animals and plants. 

3. The Contracting Parties shall cooperate and exchange information in the fields of standardization, metrology and certification with the purpose of re1]loval oftecbnical barriers and other special trade requirements (limitations).</article>
      <article number="ARTICLE 5" name="Dues And Formalities Related To Import And Export Of Commodities" article_identifier="28142">1. All dues and fees (with the exception of customs duties~ taxes and dues having equal status), imposed by the Contracting Parties in connection with import or export of commodities in mutual trade, shall not exceed, v.!Jthin reasonable limits, direct actual expenses. 


2. The Contracting Parties shall inform the Working Body about the types of dues and fees and shall strive towards accorded decrease of their number and size. 


3. The Contracting Parties shall strive towards simplifying and unification of administrative fonnalities. 


4. The provisions of this Article shall relate, inter alia, to the dues and formalities connected with: 
4 --,,"-"" __ "" 

quantitative limitations; 

licensing"; 

currency controls; 

statistical records; 

documents, documentation and authentication of documents; 

analysis and exairrinations; 

quarantine, health service, fumigation and other import and export related procedures.</article>
      <article number="ARTICLE 6" name="Unification And/Or Harmonization Of Customs Procedures" article_identifier="28143">1. The Contracting Parties shall take measures for maximum simplification and unification of customs formalities, in particular, through establishment of common fonns of customs and shipping documentation, guided by the existing international agreements and arrangements. 


2. The Contracting Parties shall charge their competent authorities with the task to elaborate proposals as to harmonization of customs procedures and mutuai recognjtion of customs documents and guarantees. 


3. The Contracting Parties shall conduct registration, customs control and clearance of commodities and means of transportation, which cross the borders of the free trade area, in accordance with the national legislation and norms of international law.</article>
      <article number="ARTICLE 7" name="Commodity Classification" article_identifier="28144">The Contracting Parties shall use commodity classification for foreigneconomic activity based on the 1996 Harmonized System for Specification and Coding of Commodities during the conducting of measures of tariff and non-tariff adjustments, statistical records and statistical information exchange as well as for customs control and procedures. At the same time, for their own needs, the Contracting Parties shall conduct further development of their national commodity classifications.</article>
      <article number="ARTICLE 8" name="Internal Taxes And Other Dues Of Fiscal Character" article_identifier="28145">1. The Contracting Parties shall not, directly or indirectly, kvy taxes and other dues of fiscal character on the commodities originating from customs territories of other Contracting Parties at the rates higher than their level for the national commodities. 

These commodities shall be accorded with treatment no less favorable than the treatment accorded to similar national commodities in respect .6f all laws, rules and requirements concerning their sale at the internal market, sale offers, purchase, shipment, distribution or use. 

2. The Contracting Parties shall present full information about all taxes and other dues of fiscal character currently in force.</article>
      <article number="ARTICLE 9" name="Procedure Of Application Of Indirect Taxes" article_identifier="28146">1. The Contracting Parties in their mutual trade shall not levy indirect taxes (VAT, excise duties) on the commodities (works, services) exported from customs territory of one Contracting Party to customs territory of another Contracting Party. 


2. The provisions of the paragraph 1 of the present A..rticle shall mean zerolevel VAT and excise duty levying on exported commodities from \:J{ithin exporting country. In cases. when the national legislation of the Member States of this Agreement does not envisage zero-level VAT and excise duty levying, an exemption from VAT and excise duty of commodities (works, services) shall be applied.</article>
      <article number="ARTICLE 10" name="Subsidies" article_identifier="28147">1. The Contracting Parties have agreed not to grant export and other subsidies to enterprises within their territories if the conditions of fair competition are violated as a result ofsuch subsidies. 


2. The Contacting Parties shall ensure, through information exchange at the request of any Contracting Party, the transparency of the measures related to the granting of subsidies . 

3. The Working Body shall conduct monitoring of situation relating to the subsidies other than state export assistance and shall develop the rules of their implementation, guided by the intemational practice. 


4. If any Contracting Party considers that the practice of granting of subsidies is not compatible with the paragraph 1 of this Article) it may take necessary measures in accordance with conditions and procedure set by Article 15 of this Agreement.</article>
      <article number="ARTICLE 11" name="Transit" article_identifier="28148">1. The Contracting Parties have agreed that adherence to the principle of freedom of transit presents a paramount condition of achievement of goals of this 

Agreement and a substantial element of the process .of their connection to the system of international division oflabor and cooperation. 


2. Transit shipments shall not be subjected to groundless delays or limitations. 


3. Transit through territory of every Contacting Party shall be conducted on the basis of the principle of freedom of transit through the ways designated for international transit .shipments and transit shipments within the territory or from the territory of other Contracting Parties without any distinction or discrimination based on the flag of the ship, origin, location of consignment, call, departure, destination or any conditions relating to the property of the commodities, vessels or other vehicles. 


4. The conditions of transit, including transportation fares for any type of transport and service tariffs, shall be. determined by the Basic Multilateral Agreement on International Transport for Development of Europe-Caucasus-Asia Corridor of 8 September 1998.</article>
      <article number="ARTICLE 12" name="Re-Export" article_identifier="28149">1. Each Contracting Party shall not allow unsanctioned re-export of the commodities, lists of which shall be exchanged among the Parties in future, with respect to export of which other Contracting Parties, from the territories of which those commodities originate, apply the measures· of tariff and/or non-tariff regulation. At that, the Contracting Parties shall exchange the names of bodies authorized in accordance with their legislation to sanction re-export of commodities. 


2. The Contracting Parties shall not prevent business entities from including of provisions concerning re-export of commodities into their contracts. 
7</article>
      <article number="ARTICLE 13" name="Manufacturing Cooperation And Scientific And Technical Cooperation" article_identifier="28150">The Contracting Parties shall promote the development of manufacturing cooperation and scientific/technical cooperation at interstate (inter-branch, regional) level and at the level of business entities, including granting various fonus of state support.</article>
      <article number="ARTICLE 14" name="Exceptions" article_identifier="28151">1. General exceptions. 

This Agreement shall not prejudice the right of any Contracting Pany to take generally accepted in international practice measures of state regulation of foreign economic connections that are deemed necessary by such Party to protect its vital interests or that are unconditionally necessary for implementation of international treaties, to which it is a Party or to which it intends to become a Party, if such measures are not taken ad arbitrum or in a discriminating manner and if such measures concern: 

protection of public morality and public order; 

protection of human life and health; 

protection of animals and plants; 

protection ofenvironment; 

protection of artistic, archeological and historical values that are national heritage; protection of industrial and intellectual property; marketing of gold, silver or other precious metals and gems; preservation ofnonrenewable natural resources; limitations of export of production if internal price of such production is 

lower than the world price as a result of implementation of state support programs; imbalance ofpayments. 

2. Exceptions on the security grounds. 

Nothing in this Agreement shall prejudice any Contracting Party from introduction of any measures of state regulation that it deems necessary, if such measures concern: 

ensuring national security, including prevention of leakage of confidential information relating to state secrets; 

trade in arms, military equipment, ammunition, rendering of services of military character, transfer of technologies and rendering of services for manufacturing of arms and military equipment and other military purpose~; 

shipments of fissile materials and sources of radioactive substances, utilization of radioactive waste; measures taken during wartime or other force-majeure in international relations; actions taken in pursuance of obligations under UN Charter for maintenance of international peace and security.</article>
      <article number="ARTICLE 15" name="Antidumping Compensational And Special Measures" article_identifier="28152">The Contracting Parties shall be guided by the principles and provisions of the General Agreement on Tariffs and Trade (GATTlVlTO) in application of antidumping compensational and special measures regarding imports.</article>
      <article number="ARTICLE 16" name="Sphere Of Application Of The Agreement Regarding Commodities" article_identifier="28153">1. Free trade area regime shall be applied to the commodities originating from customs territory of the Contracting Parties and destined for customs territory of 
the Contracting Parti.es. 



2. For the purposes of this Agreement, the Contracting Parties, in six months since the date of signature of this Agreement, shall work out a Protocol on Rules of Definition of Country of Origin of Commodities, which shall constitute an inalienable part ofthis Agreement.</article>
      <article number="ARTICLE 17" name="Services" article_identifier="28154">1. The Contracting Parties shall create conditions for liberalization of the national markets of services and, on the basis ofreciprocity, shall strive for gradual removal of limitations with a view of creation of conditions for free rendering of services within the territory of the free trade area. 


2. The Contracting Parties shall define the types of services for which this Article shall be applied, and define priority types of services in the field of direct servicing of commodity circulation, regarding which the issues of liberalization of imports and exports shall be subject to priority settlement. 


3. The Contracting Parties shall reserve the right to coordinate the issues related to rendering services at both multilateral and bilateral basis. 
9</article>
      <article number="ARTICLE 18" name="Competition In Business Acthities" article_identifier="28155">The following shall be incompatible with due fulfillment of this Agreement as far as it could influence trade within the free trade area: 

any arrangement between enterprises, assocIatIOns of enterprises, conciliatory practice of which aims at or is a result of rernoval~ prevention, limitation or distortion of competition; 

unlawful use by one or several enterprises of dominating position within the territory of free trade area as a whole or within its considerable PaI\.</article>
      <article number="ARTICLE 19" name="Public Procurement" article_identifier="28156">The Contracting Parties shall create conditions for liberalization of national public procurement markets on the basis of non-discrimination and reciprocity.</article>
      <article number="ARTICLE 20" name="Intellectual Property Protection" article_identifier="28157">1. The Contractirig Parties shall provide and ensure adequate, impartial and non-discriminatory protection ofintellectual property rights, including measures to provide protection and restitution of those rights from their violation, forgery and pIracy. 

and on demand of any Contracting Party shall conduct consultations on those problems at expert level, especially concerning the functioning of existing and future international conventions on harmonization, management and strengthening 

ofprotection ofintellectual property and functioning of international organizations, such as the World Trade Organization and the World Organization of Intellectual Property, as well as cooperation of the Contracting Parties with any third country concerning intellectual property.</article>
      <article number="ARTICLE 21" name="Settlement Of Disputes" article_identifier="28158">1. The Parties shall take all necessary measures to fulfill their obligations under this Agreement. 

2. Without prejudice to the provisions of Article 15 of this Agreement, in case when one of the Contracting Parties considers that another Contracting Party does not fulfil] its obligations under this Agreement and if such non-fulfillment of obligations causes or may cause damage to economic interests of the former 
Contracting Party it may request the latter Contracting Party to conduct consultations, which shall be held within two months since the date oI written request with a view to search for a settlement acceptable for both Contracting Parties. A copy of such request shall be sent to all other Contracting Parties to this Agreement and any Party may take part in the consultations if it deems that the circumstances mentioned in the first sentence of this paragraph concern its interests. 

The written request shall be supplemented by all information concerning the merits of case. 


3. In case when the Contracting Parties do not reach a mutually acceptable settlement of the problem during the consultations mentioned in the paragraph 2 of this Article, the Contracting Party that made request for consultations has a right to settle the disputes concerning rights and obligations of the Contracting Parties within the framework of a special conciliation recommended by the vVorking Body during 30 days after the date of receipt of request (through establishment of working groups for studying the materials of the dispute and elaboration of recommendations). 


4. In case when the Contracting Parties do not reach a mutually acceptable settlement of the problem during the consultations mentioned in the paragraph 2 of this Article and as a result of the special procedure mentioned in the paragraph 3 of this Article, the Contracting Party that made request for consultations has the right to recede from the fulfillment of its obligations under this Agreement regarding approximately equiva1ent amount of trade or to take other measures that it deems necessary as not to allow damage to the national economy. In selection of such measures, preference shall be given to the measures that violate the effects of this Agreement to the smallest degree. Application of such measures shall be immediately tenmnated as soon as the decisions of the other Contracting Party that led to introduction of these measures are repealed. 


5. The provisions of this Article shall be without prejudice to settlement by the Contracting Parties of the emergent disputes among them through the procedures set by international law.</article>
      <article number="ARTICLE 22" name="Correlation Of This Agreement With Other Obligations And Rights Of The Contracting Parties" article_identifier="28159">1. Nothing in this Agreement shall be construed to prejudice fulfillment of obligations undertaken by any Contracting Party under any other international agreement to which such Contracting Party is or will become a party. 

This provision shall by no means prejudice the rights of the Contracting Party to independently determine the regime of foreign economic relations with states that are not parties to this Agreement. 

2. The provisions of this Agreement snall nm an~ct tnengms ana pnvneges or the Contracting Parties granted by the Contracting Parties within the framework of economic associations, border trade, preferences for developing countries, free economic or trade areas regulated by internal legislation or international agreements.</article>
      <article number="ARTICLE 23" name="Correlation Of This Agreement With Bilateral Free Trade Agreements Of The Contracting Parties" article_identifier="28160">Bilateral free trade agreements currently in force between GUUAM Member States shall be applied only to the extent to which their provisions are compatible with the provisions ofthis Agreement.</article>
      <article number="ARTICLE 24" name="Amendments And Supplements" article_identifier="28161">This Agreement may be amended and supplemented by mutual consent of the Contracting Parties. The amendments and supplements shall be qrawn up in the form of protocols that shall constitute inalienable parts of this Agreement, and enter into force in accordance with Article 25 of this Agreement. I</article>
      <article number="ARTICLE 25" name="Entry Into Force" article_identifier="28162">1. This Agreement shall enter into force on the date of depbsit of the second notification about fulfillment of all necessary internal national iprocedures by the Contracting Parties. 


2. The Depositary of this Agreement shall be the Executive Power of Georgia.</article>
      <article number="ARTICLE 26" name="Accession" article_identifier="28163">1. Upon consent ofGUUAM Participating States, this Agreement shall be open for accession by any state, which recognizes the goals and principles of GUUAM and the provisions of this Agreement that are in force at the time of accession and which expresses its readiness to fulfill them in corpore. 


2. The accession shall be conducted on conditions and in order set by a separate Agreement (Protocol) concluded with the accessing state that is subject to preliminary agreement and approval by all Contracting Parties in accordance with their internal state procedures. 
•</article>
      <article number="ARTICLE 27" name="Denunciation" article_identifier="28164">1. Any Contracting Party may denounce this Agreement by an official written notification of its intention to denounce the Agreement, communicated to the Depositary six moths before withdrawal. 


2. In case of violation of the provisions of this Agreement by any Contracting Party, that causes serious damage to achievement of its goals, other Contracting Parties may take extreme measures through suspension of effect of this Agreement or its separate provisions in respect of such Contracting Party. 


3. For the putpo-ses of settlement of possible disputes and claims, including those of material character, the provisions of this Agreement shall be applied in respect of the denouncing Contracting Party until complete settlement of all claims. 
I</article>
    </chapter>
    <chapter chapter_identifier="3356">
      <article article_identifier="28165">Done at Yalta on 21L July 2002 in a single original ~n the English and Russian languages, both texts being equally authentic.. i The original text shall be deposited in the archives of the Depositary, which shall send its certified copies to the Contracting Parties.. ! I 
For the Republic of Azerbaijan For Georgia 

~

For theRe 

-¥\ "'-~ 

For Ukraine 

\... -•</article>
    </chapter>
  </body>
</treaty>
