<?xml version="1.0" encoding="UTF-8"?>
<treaty>
  <meta>
    <name>Turkey - Montenegro</name>
    <type>Free Trade Agreement</type>
    <wto_rta_id>708</wto_rta_id>
    <treaty_identifier>400</treaty_identifier>
    <status>In Force</status>
    <notification>GATT Art. XXIV</notification>
    <date_signed>2008-11-26</date_signed>
    <date_into_force>2010-03-01</date_into_force>
    <date_notification>2010-03-12</date_notification>
    <end_implementation>2015-12-31</end_implementation>
    <date_inactive/>
    <parties_original>
      <partyisocode n="1">MNE</partyisocode>
      <partyisocode n="2">TUR</partyisocode>
    </parties_original>
    <parties>
      <partyisocode n="1">MNE</partyisocode>
      <partyisocode n="2">TUR</partyisocode>
    </parties>
    <composition>Bilateral</composition>
    <region>Europe</region>
    <parties_wto>Yes</parties_wto>
    <crossregional>No</crossregional>
    <language>en</language>
    <source lang="en" type="full text">http://rtais.wto.org/rtadocs/708/TOA/English/Turkey - Montenegro Agreement.PDF</source>
    <source lang="en" type="annex">http://www.economy.gov.tr/index.cfm?sayfa=tradeagreements&amp;bolum=fta&amp;country=ME&amp;region=0</source>
  </meta>
  <body>
    <chapter name="Preamble" chapter_identifier="3917">
      <article number="ARTICLE 1" name="Objectives" article_identifier="33761">--:t'	The Parties, by. taking into account Turkey's obligations arising from the Customs Union with the EU and the Stabilisation and Association Agreement between Montenegro and the EU, shall gradually establish a free trade area between them on substantially all their trade over a transitional period lasting a maximum of five years starting from the date of entry into force of this· Agreement in accordance with the provision$ of this Agreement and in conformity with Article XXIV of the GAIT 1994 and the other multilateral agreements on trade in goods annexed to the Agreement establishing the 

wro. 	· 

2. 	The objectives ofthis Agreement"are: 

a) 	to increase and enhance the economic cooperation between the Parties and raise the living standard ofthe population ofthe two countries; Q 

b) 	to gradually eUminate difficUities and restrictions on trade in goods; 

c) to promote, through the expansion of reciprocal trade, the harmonious development ofthe economic relations between the Parties; 

d) 	to provide fair conditions ofcompetition in trade between the Parties; 

e) 	to contribute by the removal of barriers to trclde, to the harmonious development and expansion of world trade; 

. 	. 

f) 	to create conditions for further encouragement of investments particularly for the development ofjoint investments in both countries; 

0 

g) 	to promote trade and cooperation between the Parties ~ third country markets.</article>
      <article number="ARTICLE 2" name="Basic Duties" article_identifier="33762">1.~ 	In trade between the Parties covered by this Agreement, the Parties shall 
apply their respective Customs Tariffs on the classification of goods for · 
imports into them. 


~: 	For each product the basic duty to which successive reductions set out in this 
Agreement are to be applied shall be the Most Favoured Nation (MFN) duty 
that was in force in the Parties on the date of entry into force.. of · this 
Agreement. 


• 

)~~ If after entry into force of this Agreement, any tariff reduction is applied on an erga omnes basis, in particular, ·reductions resulting from the tariff negotiations in 'the wro, such reduced duties shall repJace the basic duties referred to in paragraph 2 as from that date when such reductions are applied 

4. The Parties shall communicate to each other their respective basic duties.</article>
    </chapter>
    <chapter number="CHAPTER I" name="Industrial Products" chapter_identifier="3918">
      <article number="ARTICLE 3" name="Scope" article_identifier="33763">0 	The provisions of this Chapter shall apply to products originating in the Parties falling within Chapt.ers 25 to 97 of Harmonized Commodity Description and Coding System ·with the exception of the products listed in Annex I of this Agreement.</article>
      <article number="ARTICLE 4" name="Customs Duties On Imports And Charges Having Equivalent Effect" article_identifier="33764">)'-No new customs duties on imports or charges having equivalent effect shall · be introduced in trade between the Parties from the date of entry into force of this Agreement 

Q 	&lt;r~ C d . . . T k f ood . . . . M

!'..&amp;. ustoms uties on unports mto ur ey o g s ongmating m ontenegro . shall be abolished upon the entry into force of this Agreement. 

.~. Cristoms duties on imports into Montenegro of goods originating in Turkey · · other than those listed in Annex II shall be abolished upon the entry into force ofthis Agreement 

·· ( 	Customs duties on imports into Montenegro of goods originating in Turkey, which arc listed in Annex II shall be progressively abolished in accordance with the timetable laid down thereof. 

I 

jXrurkey and Montenegro shall abolish in trade between themselves any charges having equivalent effect to customs duties on imports upon the entry . into force ofthis Agreement. 

6. 	For products listed in Annex TI originating in Turkey, Montenegro shall accord treatment no less favourable than that accorded to like products originating in the European Union. In case of any favourable change in the treatment accorded to the European Uniori for the products listed in Annex II, Mo~tenegro shall. automatically reflect these changes to the products listed in this Annex originating in Turkey and promptly notify Turkey thereof.</article>
      <article number="ARTICLE 5" name="Customs Duties Of A Fiscal Nature" article_identifier="33765">The provisions concerning the abolition of customs duties on imports shall also apply to customs duties ofa fiscal nature.</article>
      <article number="ARTICLE 6" name="Customs Duties On Exports And Charges Having Equivalent Effect" article_identifier="33766">I. 	From the date ofthe entry into force ofthis Agreement no new customs duties on exports or charges having equivalent effect shall be introduced in trade between the Parties. 

2. 	All customs duties on exports and any charges having equivalent effect shall be abolished bet\veen the Parties upon entry into force ofthis Agreement.</article>
      <article number="ARTICLE 7" name="Quantitative Restrictions On Exports And Imports And Measures Having Equivalent Effect" article_identifier="33767">1. 	From the date of the entry into force of this Agreement no new quantitative restrictions on exports and imports or measures having equivalent effect shall be introduced. 


2. 	All quantitative restrictions on exports and imports in the Parties and measures having equivalent effect shall be abolished on the date of entry into force ofthis Agreement.</article>
      <article number="ARTICLE 8" name="Technical Barriers To Trade" article_identifier="33768">1. 	The rights and obligations of the Parties relating to standards or technical regulations and related measures shall be governed by the WTO Agreement on Technical Barriers to Trade. 


2. 	The Parties shall cooperate and exchange information in the field of standardiz.ation, metrology, conformity as.~essment and accreditation, \Vith the aim ofeliminating technical barriers to trade. 


3. 	Each Partyll up9n request from the other Party, shall submit information on particular individual cases ofstandards, technical rules or similar measures.</article>
    </chapter>
    <chapter number="CHAPTER II" name="Agricultural And Fishery Products" chapter_identifier="3919">
      <article number="ARTICLE 9" name="Scope" article_identifier="33769">0 	1. The provisions of this Chapter shall apply to basic agricultural, processed agricultural and fishery products originating in the territory ofeach Party .. 

2. 	The term "basic agricultural, J&gt;rOCessed agricultural and fishery products" (hereinafter referred to as agricultural products) means, for the purpose ofthis agreement, the products falJing within Chapters 01 to 24 of the Harmonized Commodity Description and Coding System and including the products listed in Annex I ofthis Agreem~</article>
      <article number="ARTICLE 10" name="Exchange Of Concessions" article_identifier="33770">0 	1. The Parties to this Agreement shall mutually allocate concessions set forth in Protocol I in accordance with the provisions ofthiS Chapter. 

2. 	Taking into account the role of agriculture in their respective economies, the development of trade in agricultural products, the high sensitivity of agricultural products and the rules of their respective agricultural policy, the Parties ·Shall examine in th~ Joint Committee the possibilities of granting further concessions to each other in trade in agricultural products.</article>
      <article number="ARTICLE 11" name="Sanitary And Phytosanitary Measures" article_identifier="33771">1. 	The Parties -shall apply their domestic regulations in the fields of veterinary, sanitary and phytosanitmy control in accordance with the WTO Agreement on Sanitacy and Phytosanitary Measures. 


2. 	Measures, concerning veterinary and phytosanitary control among the Parties, shall be harmonized on the basis ofthe EU legislation. 


3. 	The Parties commit themselves not to introduce discriminatory measures or other measrires, which lead to unduly restricting the flow ofinformation about the level of sanitary and phytosanitary protection of animals, plants and products.</article>
      <article number="ARTICLE 12" name="Specific Safeguards" article_identifier="33772">Notwithstanding other provisions ofthis Agreement, and in particular Article 21, given the particular sensitivity ofthe agricultural products, if imports ofproducts O originating in a Party, which are the subject of concessions granted under this Agreement, cause serious disturbance to the markets or to their ~omestic regulatory mechanisms, in the other Party, both Parties shalt enter into consultations imme4iately to find an appropriate solution. Pending such .solution, the Party concerned may take the measures it deems necessary in accordance with the relevant WTO rules.</article>
    </chapter>
    <chapter number="CHAPTER III" name="Services And Investments" chapter_identifier="3920">
      <article number="ARTICLE 13" article_identifier="33773">1. 	The Parties to this Agreement recognize the grO'wing importance of senices and investments. In their efforts to gradually develop and broaden their cooperation, in particular in the context of the European integration, they will co-operate with the aim of further promoting investments and achieving a progressive liberalization and mutual opening of their markets for 

· investments and trade in services, taking into account the relevant provisions 
ofthe General Agreement on Trade and Services (GATS). 


2. 	The Parties will discuss in·the Joint Committee this co-operation with the aim ofdev~loping and deepening oftheir relations in conformity with this Article.</article>
    </chapter>
    <chapter number="CHAPTER IV" name="Common Provisions" chapter_identifier="3921">
      <article number="ARTICLE 14" name="Internal Taxation" article_identifier="33774">1. 	The Parties shall refrain from, and abolish where existing, any measure or practice of an -internal fiscal nature establishing, whether directly or indirectly, discrimination between the products of one Party and like products originating in the other Party. 


2. 	Products exported to the territory of either of the Parties shall not qualify for refunds of internal indirect taxation which exceed amount of the indirect taxation directly or indirectly imposed on those products.</article>
      <article number="ARTICLE 15" name="Customs Unions, Free Trade Areas And Cross-Border Arrangements" article_identifier="33775">1. 	This Agreement shall not prevent the maintenance or establishment of customs unions, free ttade areas or arrangements for cross-border trade ofthe Parties with third countries to the extent that these do not negatively affect the trade regime and in particular the provisions concerning rules of origin provided for by this Agreement 

0 	2. Exchange of infonnation shall take place, upon request of either Party, within the Joint Committee concerning agreements establishing such customs unions or free trade areas.</article>
      <article number="ARTICLE 16" name="Structural Adjustment" article_identifier="33776">1. 	Exceptional measures oflimited duration, which derogate from the provisions of Article 4, may be taken by Montenegro in the form of increased customs duties. 


2. 	These measures may only concern infant industries, or certain sectors Wldergoing restructuring or tacing serious difficulties particularly where these difficulties produce important social problems. 


3. 	Customs duties on imports applicable in Montenegro to products originating in Turkey introduced by these measures may not exceed the level of the basic duty referred in Article 2 for the concerned product and shall maintain an element of preference for products originating in Turkey. The total value of imports of the products which are subject to these measures may not exceed 15% of total imports of industtjal products from Turkey as defined in Article 3, during the last year for \Vhich statistics are available. 


4. 	These measures shall be applied for a period not exceeding five years unless a longer duration is authorized by the Joint Committee. 


5. 	No such mcasure8 can be introduced in respect of a product ifmore than three years have elapsed since the eJimination of all duties and quantitative restrictions or charges or measures having an equivalent effect concerning O that product. 
6. Montenegro shall infomi the Joint Committee of any exceptional measures they intend to take and, at the request ofTurkey, consultations shall be held in the Joint Committee on such measures and the sectors to \vhich they apply before they are applied. When taking such measures Montenegro shall provide the Joint Committee with a schedule for the .eJimjnation of the customs duties introduced under this Article. This schedule shall provide for a phasing out of these duties starting at the latest nvo years ·after their introduction, at equal rates. The Joint Committee may decide on a different schedule. 0</article>
      <article number="ARTICLE 17" name="Dumping And Subsidy" article_identifier="33777">1. 	None of the provisions in this Agreement prevent either Party from taking trade defence action in accordance with paragraph 2 of this Article. 

2.-Ifone ofthe Parties finds that dumping and/or countervailable subsidisation is taking place in trade \Vith the other Party, that Party may take appropriate measures against this practice in accordance ·with the WTO Agreement on Implementation of Article VI of the General Agreement on Tariffs and Trade 1994 and the WTO Agreement on Subsidies and Countervailing Measures · and its own related internal legislation.</article>
      <article number="ARTICLE 18" name="General Safeguards" article_identifier="33778">Each Party retains its rights and obligations under Article XIX· of GATT 1994 and the WTO Agreement on Safeguard Measures. This Agreement does not confer any additional rights or obligations on the Parties with regard to safeguard measures.</article>
      <article number="ARTICLE 19" name="Re-Export And Serious Shortage" article_identifier="33779">1. 	Where compliance with the provisions ofArticles 6 and 7 leads to: 

a) 	re-export towards a third country against which the exporting Party to this 

0 	Agreement maintains for the. product concerned quantitative export restrictions, export duties or measures or charges having equivalent effect; or 

b) a serious shortage, or threat thereof: ofa product.essential to the exporting Party; 

and where the situations referred to above give rise or are likely to give·rise to major difficulties for the exporting Party, that Party may take appropriate measures under the ~onditions and in accordance with the iJrocedures laid dawn in Article 21 ofthis Agreement. 

2. 	Measures taken as a result of the situation referred to in paragraph 1 shall be

0 	applied in a non-discriminatory manner and be eliminated when conditions no longer justify their maintenance.</article>
      <article number="ARTICLE 20" name="State Monopolies" article_identifier="33780">1. 	The Parties shall progressively adjust any state moi;iopoly of a commercial character so as to en~that by the end ofthe fourth year following the entry into force of this Agreement, no discrimination regarding the conditions 

· under which goods are procured and marketed will exist between nationals of the Parties. 

2. 	The Joint Committee shall be infonned about the measures adopted to implement this objective.</article>
      <article number="ARTICLE 21" name="Notifications And Consultations Procedure For The Application Of Measures" article_identifier="33781">1. 	Before initiating ~e procedure for the application of any measures set out in Articles 12, 19, 24 and 32, the Parties to this Agreement shall endeavour to solve any differences between themselves through direct consultations, and shall inform the other Party thereof. 


2. 	A Party which is considering to resort to measures shall promptly notify the J.oint Committee thereof. The Party concerned shall provide the Joint Committee with all relevant infonnation and give it the assistance required to examine the case. Consultations between the Parties shall take place without delay in the Joint Committee with a view to finding a commonly ac&lt;;cptable 0 solution. 


3. 	If, within one month of the matter being referred to the Joint Committee, the Party in question fails to put an end to the practice objected to or to the difficulties notified and in the absence of a decision by the Joint Committee in the matter, the concerned Party may adopt the measures it considers necessary to remedy the situation. 


4. 	The measures taken shall be notified immediately to the Joint Committee. They shall be restricted, with regard to their extent and to their duration, to what is strictly necessary in order to rectify the situation, giving rise to their O application and shall not be in excess ofthe damage caused by the practice or the difficulty in question. Priority shall be given to such measures that will least disturb the functioning ofthis Agreement. 


5. 	The measures taken shall be the subject of regular consultations within the Joint Committee with a vie\v to their relaxation, or abolition ·when conditions no longer justify their maintenance. 


6. 	Where exceptional circumstances requiring immediate action make prior examination impossible, the Party concerned may, in the cases of Articles 12, 19, 2~ and 32 apply forthwith the precautionary measures strictly necessary to remedy the situation. The measures shall be notified without delay to the Joint Committee and consultations benveen the Parties to this Agreement shall take place \vithin the Joint Committee.</article>
      <article number="ARTICLE 22" name="Rules Of Origin And Cooperation Between The Customs Administrations" article_identifier="33782">1. 	The Parties agree to apply the European preferential rules of origin in trade between them, _including all existing and further amendments. In case these rules of origin are amended, the Joint Committee shall initiate procedure of amending rules oforigin. 


2. ·Protocol IT to this Agreement lays down the rules of origin and related methods ofadministrative co-operation.</article>
      <article number="ARTICLE 23" name="Payments" article_identifier="33783">0 	1. Payments in freely convertible currencies relating to commercial transactions within the frame\vork of this Agreement between the Parties and the transfer ofsuch payments to the territory of the Party where the creditor resides, shall be free from any restrictions. 


2. 	The Parties shall refrain from exchange or administrative restrictions other than existing in the current legislation ofthe Parties on the grant repayment or accept.ance of short and medium term credits related to commereial transactions in which a resident ofa Party participates. 


3. 	Notwithstanding the provisions of paragraph 2, any measures concerning current payments connected with the movement of goods shall be in conformity with the conditions laid down under Article VIII ofthe Articles of 
0 	Agr~ement ofthe International Monetary Fund.</article>
      <article number="ARTICLE 24" name="Rules Of Competition Concerning Undertakings, State Aid" article_identifier="33784">1. 	The following are incompatible with the proper implementation of this Agr~~cnt, in so ~as they may affect trade between the Parties: 

a) 	all agreements between undertakings, decisions by associations of undertakings and concerted practices between undertakings which have as · their object or effect the prevention, restriction or distQrtion of competition; 

b) 	abuse by one or more undertakings of a dominant position in the territories ofthe Parties as a whole or in a substantial part thereof; 

c) 	any concentration that would create a dominant position and prevent fair competition; 

d) 	any state aid which distorts or threatens to distort competition by favouring certain undertakings or the production ofcertain goods. 


2. 	Each Party shall ensure transparency in the area ofstate aid. Upon request by one Party, the oth~ Party shall provide infonnation on particular individual cases of state aid. 


3. 	If any Party considers that a particular practice is incompatible with the terms ofthe first pardgraph ofthis Article, and: 
a) 	is not adequately dealt ·with under the implementing rules referred to in paragraph 4 ofthis Article, or 0 

b) in the absence of such rules, and if such practice causes or threatens to cause serious prejudice to the interest of the other Party or material injury to its domestic industry, including its services industry, 

it 	may take appropriate measures after consultation within the Joint 

Committee or after thirty working days following referral for such 

consultation. 


4. 	In the case ofpractices incompatible \vith paragraph 1.c) of this Article, such appropriate measures may, \vhere the WTO/GATT 1994 applies thereto, only 0 be adopted in conformity with the procedures and under the conditions laid down by the WTO/GATT 1994 and any other relevant instrument negotiated under its auspic-es which are applicable between the Parties. 


5. 	In case of a competition investigation conducted by one Party against the undertakings based in the territory ofthe other Party, ifthe investigating Party requests for a cooperation in the communication of the official docum~ts relevant to the investigation from the other Party, the requested Party will do its best to ensure the requested communication to be served in a timely manner through its competent governmental agencies. 


6. 	Notwithstanding any provisions to the contrary adopted in conformity with this Article, the Parties shall exchange information taking into account the limitations imposed by the requirements ofprofessional and business secrecy. 
• r</article>
      <article number="ARTICLE 25" name="Balance Of Payments Difficulties" article_identifier="33785">1. 	The Parties shall endeavour wherever possible to avoid the imposition of 

-restrictive me~es, including measures relating to imports, for balance of payments purposes. A Party adopting such measures shall present as soon as possible to the other Party a timetable for their removal. 

2. 	Where Turkey or Montenegro is in -serious balance of payments difficulties, or under imminent threat-t:hereo( Turkey or Montenegro, as the case may be, may, in accordance with the conditions established under the WTO Agreement, adopf restrictive measures, including measures relating to imports, which shall be of limited duration and may not go beyond what is strictly necessary to remedy the balance of payments situation. Turkey or Montenegro, as the case may be, shall inform the other Part}' forthwith. 

O 3. Any restrictive measures shall not apply tO transfers related to investment ~d in particular to the repatriation ofamounts invested or reinvested or any kind ofrevenues stemmjng there from.</article>
      <article number="ARTICLE 26" name="Intellectual Property Rights" article_identifier="33786">1. 	The ·Parties to this Agreement shall grant and ensure adequate, effective and non-discriminatory protection of intellectual property rights, including measures for the enforcement of su~h rights against infringement thereof: counterfeiting and piracy, in accordance with the provisions of this Article and the relevant international agreements. 


2. 	The Parties to this Agreement shall accord to each other's nationals treatment no less favourable than that they accord to their own nationals. Exemption from this obligation must be in accordance with the substantive provisions of Article 3 ofthe TRIPS Agreement. 


3. 	The P~es to this Agreement shall grant to each other's nationals treatment no less .favourable than that accorded to nationals of any other country. Exemptions from this obligation must be in accordance "ith the substantive provisions ofthe TRIPS Agreement, in particular Articles 4 and 5 thereof. 


4. 	The implementation of this Article shall be regularly reviewed bythe Parties. If problems in the area of intellectual property affecting trading conditions were to occur, urgent consultations shall be undertaken, at the request of either Party, with a view to reaching mutually satisfactory solutions. ·</article>
      <article number="ARTICLE 27" name="Public Procurement" article_identifier="33787">1. 	The Parties consider the liberalization of their respective public proc.urement markets as an qbjective of this Agreement The Parties aim at opening up of the award of public contracts on the basis of non-discrimination and reciprocity. 


2. 	The Parties will progressively develop their respective rules, conditions and practices on public procurement with a view to granting suppliers ofthe other Party access to contract award procedures on their respective public procurement markets not less favourable than that accorded to companies of any country or territory. 


3. 	The Joint Committee shall examine developments related to the achievement of the objectives of this Article and may recommend practical modalities of implementing the provisions of paragraph 2 so as to ensure . free access, transparency and mutual opening of their respective public procurement markets. 


4. 	During the examination referred to in paragraph 3, the Joint Committee may consider, especially in the light ofinternational developm~'Ilts and regulations in this area, the possibility ofextending the coverage and/or the dcgr~e ofthe market opening provided for in paragraph 1. · 


5. 	The Parties shall en~eavour to accede to the relevant Agreements negotiated under the auspices of the GAIT 1994 and the Marrakesh Agreement, establishing the WTO.</article>
      <article number="ARTICLE 28" name="Establishment Of The Joint Committee" article_identifier="33788">1. 	A Joint Committee is hereby established in which each Party shall be represented. The Joint Committee shall be responsible for the administration ofthis Agreement and shall ensure its proper implementation. 


2. 	For the purpose of the proper implementation of this Agreement, the Parties shall exchange information and, at the request of either Party, shall hold consultations within the Joint Committee. The Joint Committee shall keep under review the possibility of further removal of the obstacles to trade between the Parties. 


3. 	The Joint Committee may, in accordance with the provisions of paragraph 3 of Article 297 take decisions in the cases provided for in this Agreement. On other matters the Joint Committee may make recommendations. 
. {</article>
      <article number="ARTICLE 29" name="Procedure Of The Joint Committee" article_identifier="33789">1. 	For the proper implementation of this Agreement, the Joint ·Committee shall :meet at an appropriate level whenever necessary upon request but at least once a year. Either ~arty may r~uest a meeting be held. 


2. 	The Joint Committee shall decide by consensus. 


3. 	If a representative in the Joint Committee of a Party to this Agreement has accepted a decision subject to reservation of the fulfillment of internal legal requirements the decision shall enter into force, if no later date is contained therein, on the date of tlie receipt of the written notification stating that such requirements have been fulfilled. 


4. 	The Joint Committee shall adopt its rules ofprocedure which shall, inter alia, · contain provisions for convening meetings and for the designation of the Chairperson and his/her term ofoffice. 
S. 	Tue Joint Committee may decide to set up such sub-committees and working groups as it considers necessazy to assist it in accomplishing its tasks.</article>
      <article number="ARTICLE 30" name="Security Exceptions" article_identifier="33790">Nothing in this Agreement shall prevent the Parties from takiri.g any measures .. which it considers necessary: 

0 

a) 	to prevent the disclosure of information contrary to its essential security interests; 

b) for the protection of its essential security inte.rests or for the implementation ofinternational obligations or national policies: 

i) 	relating to the traffic in arms, ammunition and implements of war and to such traffic in other goods, materials and services as is carried on directly _or indirectly for the purpose ofsupplying a military establishment; or 

ii) 	relating to the non-proliferation of biological and chemical weapons, nuclear weapons or other nuclear explosive deviCes; or 

iii) in time of war or other serious international tension constituting threat of ·· war.</article>
      <article number="ARTICLE 31" name="General Exceptions" article_identifier="33791">This Agreement shall not preclude prohibitions or restrictions on imports, exports or goods in transit, justified on grounds of public morality, public policy or public security, the protection ofhealth and life ofhumans, animals or plants and environment; the protection·of domestic treasures possessing artistic, historic or archaeological value; the protection of intellectual, industrial and commercial property, or rules relating to gold or silver or the conservation of exhausttole natural resources, if such measures are made effective in conjunction with restrictions on domestic production or consumption. Such prohibitions or restrictions shall not, hcnvever, constitute a means of arbitrary discrimination or a disguised restriction on trade between the Parties.</article>
      <article number="ARTICLE 32" name="Fulfillment Of Obligations" article_identifier="33792">1. 	The Parties shall take all necessary measures to ensure the achievement ofthe objectives ofthis Agreement and the fulfillment oftheir obligations under this Agreement. 


2. 	If either Party considers that the other Party has failed to fulfill an obligation under this Agreement, the Party concerned may take the appropriate measures un~er the conditions and in accordance with the procedures laid down in Article 21 ofthis Agreement 
0</article>
      <article number="ARTICLE 33" name="Evolutionary Clause" article_identifier="33793">1. 	Where either Party considers that it would be useful and in the interest of the economics of the Parties to develop the relations established by this Agreement by extending them to fields not covered thereby, it shall submit a reasoned request to the other Party. The Parties may instruct the Joint Committee to examine this request and, where appropriate, to make recommendations to them, particularly with a view to opening negotiations. 


2. 	Agreements resulting from the procedure referred to in paragraph 1 will be subject to ratification or approval by the Parties to this Agreement in accordance with their national legislation.</article>
      <article number="ARTICLE 34" name="Amendments" article_identifier="33794">Amendments to this Agreement, as well as to its Annexes and Protocols, shall enter into force on $e date of receipt of the latter written notification through diplomatic channels, by which the Parties inform each other that all neces~ary requirements foreseen by their national legislation tbr the entry into force ofthis Agreement, have been fulfilled.</article>
      <article number="ARTICLE 35" name="Protocols And Annexes" article_identifier="33795">Protocols and Annexes to this Agreement shall form an integral part thereof. The 

O 	Joint Committee may decide to amend the Protocols and Annexes in accordance with the national legislation ofthe Parties.</article>
      <article number="ARTICLE 36" name="Validity And Withdrawal" article_identifier="33796">· 1. This Agreement is concluded for an unlimited period. 


2. 	Each Party to this Agreement may withdraw from this Agreement by a written notification to the other Party. The termination shall take effect on the first day of the seventh month tbllowing the date on which the notification was received by the other Party. 


3. 	The Parties agree that, in case of accession of one of the Parties to this Agreement to the European Union, the Agreement will be terminated on the previous day before the date ofthe accession to the EU.</article>
      <article number="ARTICLE 37" name="Entry Into Force" article_identifier="33797">The Parties shall ratify this Agreement in accordance \vith their own procedures. This Agreement shall enter into force on the first day of the second month, following the date of the receipt of the latter written notification through diplomatic channels, by which the Parties inform each other that all necessary requirements foreseen by their national legislation for the entry into force of this Agreement, have been fulfilled. 

IN \\ ITNESS WHEREOF the undersigned plenipotentiaries, being duly authorised thereto, have signed this Agreement.</article>
    </chapter>
    <chapter name="Conclusion" chapter_identifier="3922">
      <article article_identifier="33798">DONE at Istanbul, on 26th of November, 2008, in two originals, each in the Turkish, Montenegrin and English languages, a 1 texts being equally authentic. In case ofdifferences ofinterpretation, the English text shall prevail. 

KUrpd TUZMEN Branimir GVOZDENOVIC 

Minister of State Minister for Economic Development 

0

For the Republic of Turkey For Montenegro · 

ANNEX I 

List of products referred to in Articles 3 and 9 

HS Code 2905.43 (mannitol) HS Code 2905.44 (sorbitol) 

0

HS Heading 33.01 (essential oils) 

HS Headings 35.01to35.05 (alburninodal substances&gt; modified starches, glues) HS Code 3809.10 (finishing agents) HS Code 3824.60 (sorbitol n.e.p.) 1-lSHeadings 41.01 to 41.03 (hides and skins) HS Heading 43.01 (raw furskins) HS Headings 50.01 to 50.03 (raw silk and silk waste) HS Headings 51.01 to 51.03 (wool and animal hair) HS Headings 52.0 I to 52.03 (raw cotton, cotton waste and cotton carded or combed) 

HS Heading 53.01 (raw flax) 

HS Heading 53.02 (raw hemp)</article>
    </chapter>
  </body>
</treaty>
