<?xml version="1.0" encoding="UTF-8"?>
<treaty>
  <meta>
    <name>Melanesian Spearhead Group (MSG)</name>
    <type>Partial Scope Agreement</type>
    <wto_rta_id>98</wto_rta_id>
    <treaty_identifier>89</treaty_identifier>
    <status>In Force</status>
    <notification>Enabling Clause</notification>
    <date_signed>1993-07-22</date_signed>
    <date_into_force>1994-01-01</date_into_force>
    <date_notification>1999-08-03</date_notification>
    <end_implementation>1994-12-31</end_implementation>
    <date_inactive/>
    <parties_original>
      <partyisocode n="1">FJI</partyisocode>
      <partyisocode n="2">PNG</partyisocode>
      <partyisocode n="3">SLB</partyisocode>
      <partyisocode n="4">VUT</partyisocode>
    </parties_original>
    <parties>
      <partyisocode n="1">FJI</partyisocode>
      <partyisocode n="2">PNG</partyisocode>
      <partyisocode n="3">SLB</partyisocode>
      <partyisocode n="4">VUT</partyisocode>
    </parties>
    <composition>Plurilateral</composition>
    <region>Oceania</region>
    <parties_wto>Yes</parties_wto>
    <crossregional>No</crossregional>
    <language>en</language>
    <source lang="en" type="full text">http://docsonline.wto.org/imrd/gen_redirectsearchdirect.asp?RN=0&amp;searchtype=browse&amp;query=@meta_Symbol"WT/COMTD/21"&amp;language=1&amp;ct=DDFEnglish</source>
    <source lang="es" type="full text">http://docsonline.wto.org/imrd/gen_redirectsearchdirect.asp?RN=0&amp;searchtype=browse&amp;query=@meta_Symbol"WT/COMTD/21"&amp;language=3&amp;ct=DDFSpanish</source>
    <source lang="fr" type="full text">http://docsonline.wto.org/imrd/gen_redirectsearchdirect.asp?RN=0&amp;searchtype=browse&amp;query=@meta_Symbol"WT/COMTD/21"&amp;language=2&amp;ct=DDFFrench</source>
  </meta>
  <body>
    <chapter chapter_identifier="1099">
      <article article_identifier="9004">TRADE AGREEMENT AMONG THE MELANESIAN SPEARHEAD 
GROUP COUNTRIES 


PREAMBLE 

The Government of the Independent State of Papua New Guinea, the Government of the Solomon Islands and the Government of the Republic of Vanuatu (hereafter referred to as "the Parties"); 

Conscious of the overriding need to foster, accelerate and encourage the economic and social development of their States in order to improve the living standards of their peoples; 

Convinced that the promotion of harmonious economic development of their States calls for effective economic cooperation largely through a determined and concerted policy of greater self-reliance; 

Recalling the Agreed Principles of Co-operation Among Independent States of Melanesia signed by the Parties in Port Vila on 14 March 1988, wherein the Parties undertake inter alia to promote economic co-operation between States; 

Determined to foster closer economic and other relationships among their States and to contribute to the progress and development of their three countries as well as the South Pacific Islands region; and 

Bearing in mind the principles of international law governing relations between nations, such as principles as sovereignty, equality and independence of all States and non-interference in the domestic affairs of States. 

Have agreed as follows:</article>
    </chapter>
    <chapter chapter_identifier="1100">
      <article number="ARTICLE 1" name="Definition And Interpretation" article_identifier="9005">1. 	In this Agreement unless the context otherwise requires: 


(a) 	"Agreement means the "Trade Agreement among the Melanesian Spearhead Group Countries" established by Article 2 of this Agreement. 


(b) 	"Customs Duties" means import duties and other changes of equivalent effect levied on goods by reason of their importation and includes suspended duties and fiscal duties or taxes where such duties or taxes affect the importation of goods but does not include internal duties and taxes such as sales, turnover, consumption of service taxes nor import levies and export tax. 


(c) 	"Goods and Services" means goods and services specified in Schedule 1 of this Agreement and shall include such other goods and services that may be included in the said Schedule 1 by mutual Agreement between the Parties. 


(d) 	"Party" means a State Party to the Trade Agreement. 


(e) 	"Persons" means a natural and legal person. 


(f) 	"Third Country" means any country other than a Party. 
2. 	In this Agreement, unless the context otherwise require: 


(a) 	the headings are inserted for convenience only and do not affect the interpretation or construction of this Agreement; and 


(b) 	words importing the singular include the plural and vice versa.</article>
      <article number="ARTICLE 2" name="Membership To Trade Agreement" article_identifier="9006">Membership in the Agreement shall initially be opened to the Independent State of Papua New Guinea, Solomon Islands and the Republic of Vanuatu.</article>
      <article number="ARTICLE 3" name="Objectives" article_identifier="9007">1. 	The Objectives of the Parties in concluding this Agreement are: 


(a) 	to promote and facilitate the free flow of identified goods and services; 


(b) 	to ensure as far as possible that trade between the Parties takes place under conditions of fair competition; and 
to contribute to the harmonious development and expansion of world trade and to progressive removal of barriers thereto.</article>
      <article number="ARTICLE 4" name="General Undertakings" article_identifier="9008">1. The Parties shall make every effort to plan and direct their development policies with a view to creating conditions favourable for the achievement of the objectives of the Agreement and the implementation of the provisions of this Agreement and shall abstain from taking any measures likely to jeopardize the achievement of its objectives and the implementation of its provisions. 


2. The Parties shall extend the product coverage in this Agreement in order to ensure that the duties and other restrictive regulation of commerce are eliminated on substantially all the trade between the Parties. 


3. Requests for such extension shall be presented by interested Parties in accordance with the procedure laid down in Article 18.</article>
      <article number="ARTICLE 5" name="Most Favoured Nation Treatment (Mfn)" article_identifier="9009">1. The Parties shall accord to one another in relation to trade between them the most favoured nation (MFN) treatment. 


2. 	The provisions of paragraph 1 of this article shall not apply to: 


(a) 	tariff preferences or other advantages granted by either Party consequent on the membership of the Party in other free trade agreements or customs unions or on interim agreement leading to the formation of another free-trade area or custom union; and 


(b) 	such measures as either Party may take pursuant to a multilateral international commodity agreement or arrangement.</article>
      <article number="ARTICLE 6" name="Customs Duties" article_identifier="9010">1. Each Party should reduce and eventually eliminate, in accordance with the provisions of this Article; Customs Duties imposed on or in connection with the importation of goods specified in Schedule 1 to this Agreement imported from the territory of the other Parties. 


2. The Parties shall not levy customs duties on goods appearing in Schedule 1 to this Agreement in excess of the rates referred to therein. 


3. The Annual Summit of Heads of Governments of the Parties shall, after considering proposals from the meeting of Trade Officials convened in accordance with Paragraph 3 of Article 18 or from other Technical Committees established pursuant to Paragraph 4 or the same Article, consider and approve a programme for the progressive reduction of Customs Duties among the Parties with a view to eliminating such duties.  Such a programme shall take into account the effects of the reduction and elimination of Custom Duties on the revenues of the Parties.</article>
      <article number="ARTICLE 7" name="Quantitative Import Restrictions" article_identifier="9011">1. The Parties shall neither maintain nor introduce quantitative import restrictions on trade in products listed in Schedule 1. 


2. Not withstanding the provisions of paragraph 1 of this Article, a Party may, after consultations with the other parties reimpose quantitative import restrictions or introduce new quantitative import restrictions on trade in goods listed in Schedule 1 of this Agreement, provided such restrictions are imposed to prevent prejudice to balance of payment in accordance with such Party's international obligations. 


3. At the request of any of the Parties consultation shall be held regarding the application and effect of the restrictions referred to in paragraph 1 and 2 of this Article.  In the event that such restrictions are interfering unduly, with conditions of fair competition the Parties shall in those consultations consider appropriate measures to remedy the situation. 


4. A Party which is maintaining quantitative import restrictions from the other Parties shall ensure, to the extent permitted by its balance-of-payments, that the administration of such restrictions is in conformity with the objective of the gradual elimination of barriers to trade between the Parties to this Agreement.</article>
      <article number="ARTICLE 8" name="Quantitative Export Restrictions" article_identifier="9012">1. Subject to the provisions of paragraph 2 of this Article, a Party shall not impose new prohibitions or restrictions, or intensify existing prohibitions or restrictions on exports to the other Parties. 


2. A Party may take such measures as may be necessary to prevent evasion, by means of re-export, of restrictions, which it applies in respect of export to third countries.</article>
      <article number="ARTICLE 9" name="Revenue Duties Or Taxes" article_identifier="9013">A Party may levy revenue duties or taxes or taxes on goods contained in Schedule 1 to this Agreement imported from the territory of the other Parties, but such duties or taxes shall not be levied at a rate higher than the rate to which such goods would be subject if produced or manufactured in the territory of the importing Party.</article>
      <article number="ARTICLE 10" name="Deflection Of Trade" article_identifier="9014">1. If in the opinion of a Party (hereinafter referred to as "the first Party") the import of any goods specified in Schedule 1 of this Agreement from the territory of the other Parties causes or threatens to cause serious injury to its producers of like or directly competitive goods and the other Parties are deriving advantage because: 


(a) 	the duties or taxes by the other Parties on raw materials, intermediate products or machinery, imported from a third country and used in the production of those goods, are significantly lower than the duties or taxes levied by the first party on import of similar raw materials, intermediate products or machinery, imported from third countries, or 


(b) 	the prices of raw materials, intermediate products or machinery, used in the production of those goods, are unduly low by reason of dumping or subsidization by third countries; or 


(c) 	drawback, exemption or remission of import duties is allowed by the other Parties on raw materials, intermediate products or machinery, imported from third countries and used in the production of those goods; 


(d) 	then the first Party if it considers that action may be necessary to offset the advantage, shall in writing request consultation with the other Parties on the situation which has developed.  Such consultation shall be as full as circumstances permit, and the first Party shall consider any measures taken or proposed to be taken by the other Parties to offset the advantage. 
2. Unless, in the consultation referred to in paragraph 1 of this Article, some alternative solution acceptable to the first Party is found, the first Party may, in respect of the goods referred to in paragraph 1 of this Article, suspend the application of provisions of Article 6 and 7 of this Agreement to those goods to such extent and for such time, as it considers necessary to offset the advantage, provided that during any such suspension the first Party shall not levy on those goods revenue duties or taxes higher than those which could have been levied prior to the entry into force of this Agreement, or import duties at rates higher than the lowest rate applicable to imports of similar goods from any third country.</article>
      <article number="ARTICLE 11" name="Development Of Industry" article_identifier="9015">1. A Party after the consultation with the other Parties may for the purpose of encouraging new productive activities which contribute to economic development, whether by the establishment of a new industry or an extension of the range of commodities produced or manufactured by an existing industry suspend for a period of 3 years the application of the provisions of Article 6 of this Agreement and levy customs duties on goods contained in Schedule 1 to this Agreement which are imported from the territory of the other parties and which are like, or competing with, goods produced by the new activities. 


2. Duties shall not be levied under the provisions of paragraph 1 of this Article at a rate higher than the lowest rate applicable to import of similar goods from any third country. 


3. In exceptional circumstances and after consultation and renegotiations with other Parties a Party may, for the purpose of establishing new industries or encouraging the expansion of established industries, withdraw items from Schedule 1 to this Agreement.</article>
      <article number="ARTICLE 12" name="Temporary Suspension Of Obligations" article_identifier="9016">1. If as a result of the application of any of the provisions of Articles 6 and 7 of this Agreement, goods contained in Schedule 1 to this Agreement are, in the opinion of a Party being imported into the territory of that Party in such increased quantity and under such conditions as to cause or threaten serious injury to its producers of like or directly competitive products, that Parties may in writing request consultations with the other parties on measures to prevent future injury and shall consider any measures taken or proposed by the other Parties.  For the purpose of this Article consultations shall be deemed to have commenced on the day on which the request was made. 


2. If the Parties do not reach a satisfactory solution on the matter within sixty days from the commencement of the consultations referred to in paragraph 1 of this Article, the Party in whose territory the goods are being imported may after giving notice in writing to the other Parties suspend, to such extent and for such time as it considers necessary to prevent future injury to its producers of like or directly competitive products, the application of those goods of all or any of the provisions of Articles 6 and 7 of this Agreement. 


3. In that event, the Party whose exports are affected may after giving notice in writing to the other Parties suspend, for an equivalent period the application of all or any of the provisions of Articles 6 and 7 of this Agreement to goods imported from the territory of the first Party the value of which is equal to the value of goods affected by the measures taken by the first Party pursuant to the provisions of this Article. 


4. A Party taking action in accordance with the provisions of paragraph 2 of this Article shall not levy on the goods referred to in that paragraph revenue duties or taxes of rates higher than the lowest rate applicable to imports of similar goods from any third country.</article>
      <article number="ARTICLE 13" name="Preferential Treatment" article_identifier="9017">1. For the purpose of this Agreement, goods shall be accepted as eligible for preferential treatment if such goods: 


(a) 	originate in the Parties in accordance with the rules of origin applicable to this Agreement as set forth in Annex I; 


(b) 	are specified in Schedule 1 to this Agreement.</article>
      <article number="ARTICLE 14" name="Suspension Of Obligations" article_identifier="9018">1. 	Dumped or subsidized imports. 


2. If in the opinion of a Party goods being imported into it from the other Parties are being dumped or are being subsidized by the other Parties so as to cause or threaten material injury to an industry producing like or directly competitive goods or to materially retard the establishment of an industry to produce like or directly competitive goods, it may request the other Parties to consult with it on measures to reduce or prevent such injury or retardation. 

3. If a mutually acceptable solution is not reached within sixty days of the date of the request referred to in paragraph 1 of this Article, the Importing Party may, after giving notice to the other Parties, suspend the application of Article 6 of this Agreement to the extent necessary to enable it to levy dumping or countervailing duties on the goods concerned.</article>
      <article number="ARTICLE 15" name="Exceptions" article_identifier="9019">1. Provided that such measures are not used as a means of arbitrary or unjustifiable discrimination or as a disguised restriction on trade between the Parties nothing in this Agreement shall prevent the adoption or enforcement by a Party of measures: 

-necessary for the protection of its essential security interests; 
-necessary to protect public morals; 
-necessary for the prevention of public disorder or crime; 
-imposed for the protection of its national treasures or artistic, historical, 


anthropological geological, paleontological or archaeological value; -necessary to reserve for approval purposes the use of the national and provincial costs 

of arms, flags and seats; -necessary to protect human, animal or plant life or health; -necessary to protect its indigenous flora and fauna; -undertaken in pursuance of obligations in international commodity agreements; -necessary to prevent or relieve critical shortages of foodstuffs or other essential 

goods; -relating to the conservation of limited natural resources; -necessary to protect industrial property or copyrights or prevent deceptive practices ; -necessary for the application of standards or of regulations for the classifications, 

grading or making of goods; or 
-relating to the products of prison labour.</article>
      <article number="ARTICLE 16" name="Association With The Agreement" article_identifier="9020">1. The Parties may agree to the association of any other member of the Melanesian Spearhead Group or any other country, which is a member of the South Pacific Forum. 


2. The terms and conditions of the association referred to in paragraph 1 of this Article shall be negotiated between the parties and the other member of the Melanesian Spearhead Group or a country, which is a member of the South Pacific Forum.</article>
      <article number="ARTICLE 17" name="Administrative Co-Operation" article_identifier="9021">The Parties shall, having regard to the desirability of reducing as far as practicable the formalities required in connection with trade between them take appropriate measures, including arrangements relating to administrative co-operation, to promote the effective and harmonious application of the provisions of this Agreement.</article>
      <article number="ARTICLE 18" name="Institutional Framework" article_identifier="9022">1. The Parties shall utilize the existing Melanesian Spearhead Group Institutional framework for the purposes of overseeing the implementation of this Agreement. 


2. In accordance with paragraph 1 of this Article the Annual Summit of Heads of Governments of the Melanesian Spearhead Group shall provide policy directions with respect to the implementation of this Agreement. 


3. Trade officials of the Parties shall meet annually prior to the Annual Summit of Heads of Governments to jointly review trade among parties including goods not listed in Schedule 1 to this Agreement with the review to inclusion of additional items in that Schedule. 


4. The Annual Summit of the Heads of Governments may decide from time to time to establish technical committees to oversee the implementation of specific fields of activity of this Agreement such as quarantine customs and trade.</article>
      <article number="ARTICLE 19" name="Consultation And Review" article_identifier="9023">1. In addition to the provisions for consultation elsewhere in this Agreement, consultation shall take place between the Parties if a Party is of the opinion that any benefits conferred on it by this Agreement are not being achieved and if it requests such consultation in writing.  In such consultations, which shall take place as soon as practicable, the Parties shall consider appropriate measures to remedy the situation, which has prompted the request. 


2. The consultations provided for in this Article shall take place through the institutional framework established under Article 18 of this Agreement.</article>
      <article number="ARTICLE 20" name="Notices" article_identifier="9024">1. The Parties agree in addition to the provisions of Article 18 of this Agreement that any notice or request required or permitted to be given or made under this Agreement and any Agreement between the parties contemplated by this Agreement shall be in writing. 


2. Such notice or request shall be deemed to have been duly given or made when it shall be delivered by hand or by mail or facsimile to the Party to which it is required or permitted to be given or made at its address hereinafter specified, or at such other address as such party shall have designated by notice to the party giving such notice or making such request.  The addresses so specified are: 
For the Independent State of Papua New Guinea: 

Secretary, Department of Trade &amp; Industry 

P.O. Box 375 
WAIGANI 
New Capital District 
PORT MORESBY,  Papua New Guinea 
Telephone: (675) 325 6699/325 5351/325 5311 
Facsimile: (675)325 4482/325 3302 


For Solomon Islands: 

Permanent Secretary 
Ministry of Foreign Affairs 


P.O. Box G10 
HONIARA 
Solomon Islands 


Telephone: (677) 21250 
Facsimile: (677) 20351 


For the Republic of Vanuatu: 

The Secretary 
Department of Foreign Affairs 
Private Mail Bag 051 
PORT VILA 
Republic of Vanuatu 


Telephone: (678)22913 or (678) 22347 
Facsimile: (678) 23142</article>
      <article number="ARTICLE 21" name="Entry Into Force And Duration" article_identifier="9025">1. This Agreement shall be subject to ratification by the Parties and shall enter into force on the thirtieth day following the day on which they exchange instruments of ratification 


2. The Agreement shall remain in force unless terminated in accordance with the provisions of paragraph 3 of this Article. 


3. A Party which desires that this Agreement be terminated shall give to the other Parties notice in writing of its desire and consultations shall then take place between the Parties as soon as practicable.  If at the end of one hundred and eightieth (180th) day from the day on which notice was given, the Party which has given notice still desires that this Agreement be terminated and again gives to the other Parties notice in writing to this effect, this Agreement shall cease to have effect on the one hundred and eightieth (180th) day from the day on which the last mentioned notice is given.</article>
    </chapter>
  </body>
</treaty>
