<?xml version="1.0" encoding="UTF-8"?>
<treaty>
  <meta>
    <name>Korea, Republic of - Turkey</name>
    <type>Free Trade Agreement</type>
    <wto_rta_id>699</wto_rta_id>
    <treaty_identifier>399</treaty_identifier>
    <status>In Force</status>
    <notification>GATT Art. XXIV</notification>
    <date_signed>2012-08-01</date_signed>
    <date_into_force>2013-05-01</date_into_force>
    <date_notification>2013-04-30</date_notification>
    <end_implementation>2023-12-31</end_implementation>
    <date_inactive/>
    <parties_original>
      <partyisocode n="1">KOR</partyisocode>
      <partyisocode n="2">TUR</partyisocode>
    </parties_original>
    <parties>
      <partyisocode n="1">KOR</partyisocode>
      <partyisocode n="2">TUR</partyisocode>
    </parties>
    <composition>Bilateral</composition>
    <region>East Asia; Europe</region>
    <parties_wto>Yes</parties_wto>
    <crossregional>Yes</crossregional>
    <language>en</language>
    <source lang="en" type="full text">http://www.fta.go.kr/webmodule/_PSD_FTA/tr/1/02_tr_Hyeopjeongmun_eg.pdf</source>
    <source lang="en" type="annex">http://www.economy.gov.tr/index.cfm?sayfa=tradeagreements&amp;bolum=fta&amp;country=KP&amp;region=0</source>
  </meta>
  <body>
    <chapter name="Preamble" chapter_identifier="3907">
      <article article_identifier="33697">FRAMEWORK AGREEMENT 
ESTABLISHING A FREE TRADE AREA 
BETWEEN 
THE REPUBLIC OF KOREA 
AND 
THE REPUBLIC OF TURKEY 


PREAMBLE 


The Republic of Korea and the Republic of Turkey (hereinafter referred to as “the Parties” or “Korea” or “Turkey,” where appropriate); 

RECOGNISING their longstanding and strong friendship based on common principles, values and history; 

DESIRING to further strengthen their economic relationship as part of, and in a manner coherent with, their overall relations, and convinced that this Framework Agreement will create a new climate for the development of trade and investment between the Parties; 

CONVINCED that this Framework Agreement will create an expanded and secure market for goods and services and a stable and predictable environment for investment, thus enhancing the competitiveness of their firms in global markets; 

DESIRING to promote transparency for all interested parties; 

SEEKING to establish clear and mutually advantageous rules governing their trade and investment and to reduce or eliminate the barriers to mutual trade and investment; 

DESIRING to raise living standards, promote economic growth and stability, create new employment opportunities and improve the general welfare by liberalising and expanding mutual trade and investment; 

DECLARING their readiness to undertake activities with a view to promoting harmonious development of their trade as well as to expanding and diversifying their mutual cooperation in the fields of joint interest, thus creating a framework and supportive environment based on equality, non-discrimination, and a balance of rights and obligations; 

BUILDING on their respective rights and obligations under the Marrakesh Agreement Establishing the World Trade Organization, done on 15 April 1994 and other multilateral, regional and bilateral agreements and arrangements to which they are party; 

RESOLVED to contribute to the strengthening and reinforcement of the multilateral trading system as established through the World Trade Organization; and 

DESIRING to strengthen the development and enforcement of labour and environmental laws and policies, promote basic workers’ rights and sustainable development; 

HAVE AGREED as follows:</article>
    </chapter>
    <chapter number="CHAPTER 1" name="Initial Provisions And General Definitions" chapter_identifier="3908">
      <article number="ARTICLE 1.1" name="Establishment Of A Free Trade Area" article_identifier="33698">The Parties hereby establish a free trade area in accordance with this Framework Agreement.</article>
      <article number="ARTICLE 1.2" name="Objectives" article_identifier="33699">The objectives of the Korea-Turkey FTA are: 



(a) 	to gradually liberalise and facilitate substantially all trade in goods between the Parties in conformity with Article XXIV of “GATT 1994”; 


(b) 	to gradually liberalise trade in services and investment between the Parties, in conformity with Article V of “GATS”; 


(c) 	to promote competition in their economies, particularly as it relates to economic relations between the Parties; 


(d) 	to adequately and effectively protect intellectual property rights; 


(e) 	to contribute, by removing barriers to trade and by developing an environment conducive to increased investment flows, to the harmonious development and expansion of world trade; 


(f) 	to commit, in the recognition that sustainable development is an overarching objective, to the development of international trade in such a way as to contribute to the objective of sustainable development and strive to ensure that this objective is integrated and reflected at every level of the Parties’ trade relationship; and 


(g) 	to promote foreign direct investment without lowering or reducing environmental, labour or occupational health and safety standards in the application and enforcement of environmental and labour laws of the Parties.</article>
      <article number="ARTICLE 1.3" name="General Definitions" article_identifier="33700">For the purposes of this Framework Agreement, unless otherwise specified 
days means calendar days; 
DSU means Understanding on Rules and Procedures Governing the Settlement of Disputes, 


in Annex 2 to the WTO Agreement; 


existing means in effect on the date of entry into force of this Framework Agreement; 

GATS means the General Agreement on Trade in Services, in Annex 1B to the WTO Agreement; GATT 1994 means the General Agreement on Tariffs and Trade 1994, in Annex 1A to the 

WTO Agreement; 
goods means products as understood in GATT 1994; 
Joint Committee means the Joint Committee established under Article 7.1 (Joint 


Committee); 


Korea-Turkey FTA means the Korea-Turkey Free Trade Agreement established by this Framework Agreement and other relevant agreements stipulated in Article 1.4.2; measure means any measure by a Party, whether in the form of a law, regulation, rule, 

procedure, decision, administrative action or any other form; national means: 


(a) 	for Korea, a Korean national within the meaning of the Nationality Act; and 


(b) 	for Turkey, a Turkish citizen within the meaning of the Turkish Constitution; 
person means a natural person or a juridical person; state enterprise means an enterprise that is owned, or controlled through ownership interests, by a Party;
1 



territory means: 


(a) 	for Korea, the land, maritime, and airspace under its sovereignty, and those maritime areas, including the seabed and subsoil adjacent to and beyond the outer limit of the territorial seas over which it may exercise sovereign rights or jurisdiction in accordance with international law and its law; and 


(b) 	for Turkey, the land territory, internal waters, the territorial sea and the airspace above them, as well as the maritime areas over which Turkey has sovereign rights or jurisdiction for the purpose of exploration, exploitation and preservation of natural resources whether living or nonliving pursuant to international law; 
1 For greater certainty, ownership, or control through ownership interests, may be direct or indirect. 

TRIPS Agreement means the Agreement on Trade-Related Aspects of Intellectual Property Rights, in Annex 1C to the WTO Agreement;
2 


WTO means the World Trade Organization; and 

WTO Agreement means the Marrakesh Agreement Establishing the World Trade Organization, done on April 15, 1994.</article>
      <article number="ARTICLE 1.4" name="Relation With Other Agreements" article_identifier="33701">1. The Parties confirm their rights and obligations under the WTO Agreement and under any other international agreements to which they are a party. 


2. The following agreements shall form part of legal instruments establishing the Korea-Turkey FTA upon their respective entry into force: 


(a) 	this Framework Agreement; 


(b) 	the Agreement on Trade in Goods under this Framework Agreement as provided for in Article 1.5.1; 


(c) 	agreements on trade in services and on investment that may be concluded in accordance with Article 1.5.2 to Article 1.5.4; and 


(d) 	any other agreements such as government procurement that may be concluded in the context of the Korea-Turkey FTA. 

3. Except as otherwise provided in this Framework Agreement, this Framework Agreement or any action taken under it shall not affect or nullify the rights and obligations of a Party under the existing agreements to which it is a party.</article>
      <article number="ARTICLE 1.5" name="Liberalisation" article_identifier="33702">1. The Parties shall gradually liberalise substantially all the trade in goods between the Parties over a transitional period starting from the date of entry into force of and in accordance with the Agreement on Trade in Goods under this Framework Agreement and in conformity with Article XXIV of GATT 1994. 


2. The Parties shall gradually liberalise trade in services and investment between the Parties in conformity with Article V of GATS. 


3. The Parties shall begin negotiations on agreements on trade in services and on investment immediately after entry into force of the Agreement on Trade in Goods. 


4. The Parties, without prejudging the outcome of the negotiations, shall facilitate negotiations on agreements on trade in services and investment under this Framework Agreement with a goal of concluding the negotiations no later than one year after entry into force of the Agreement on Trade in Goods. 
2 For greater certainty, “TRIPS Agreement” includes any waiver in force between the Parties of any provision of the TRIPS Agreement granted by WTO Members in accordance with the WTO Agreement.</article>
      <article number="ARTICLE 1.6" name="Dispute Settlement" article_identifier="33703">1. Without prejudice to the outcome of negotiations on the agreements to be concluded stipulated in Article 1.4.2, any dispute concerning the interpretation, implementation or application of the Korea-Turkey FTA shall be resolved through the procedures and mechanism as set out in Chapter 6 (Dispute Settlement). 


2. Notwithstanding paragraph 1, any disputes arising from paragraph 4 of Article 1.5 shall not be subject to Chapter 6 (Dispute Settlement).</article>
    </chapter>
    <chapter number="CHAPTER 2" name="Intellectual Property Rights" chapter_identifier="3909">
      <article number="ARTICLE 2.1" name="General Provisions" article_identifier="33704">1. The Parties recognise the importance of intellectual property in promoting economic and social development, technological innovation, and the transfer and dissemination of technology to the mutual advantage of technology producers and users, particularly in the new digital economy. 


2. The Parties shall ensure an adequate and effective implementation of the international treaties dealing with intellectual property to which they are party, including the TRIPS Agreement. This Chapter shall complement and specify the rights and obligations between the Parties under the TRIPS Agreement. 


3. 	The objectives of this Chapter are: 


(a) 	to facilitate the production and commercialisation of innovative and creative products in the Parties; and 


(b) 	to achieve an adequate and effective level of protection and enforcement of intellectual property rights. 

4. 	For the purposes of the Korea-Turkey FTA, intellectual property rights embody: 


(a) 	copyright, including copyright in computer programmes and in databases, and related rights; 


(b) 	patents and utility models; 


(c) 	trademarks; 


(d) 	service marks; 


(e) 	designs; 


(f) 	layout-designs (topographies) of integrated circuits; 


(g) 	geographical indications; 


(h) 	plant varieties; and 


(i) 	protection of undisclosed information. 

5. The Parties agree to exchange views and information on their practices and policies affecting transfer of technology, both within their respective territories and with non-parties. This shall in particular include measures to facilitate information flows, business partnerships, licensing and subcontracting. Particular attention shall be paid to the conditions necessary to create an adequate enabling environment for technology transfer in 

the host countries, including, inter alia, issues such as development of human capital and legal framework. 

6. Nothing in this Chapter shall prevent a Party from adopting appropriate measures to prevent the abuse of intellectual property rights by right holders or the resort to practices that unreasonably restrain trade or adversely affect the international transfer of technology provided that such measures are consistent with the Korea-Turkey FTA. 


7. The Parties shall provide the legal means for interested parties to prevent commercial use of country names of the other Party in relation to goods in a manner which is likely to mislead consumers as to the origin of such goods. 


8. The Parties agree to cooperate with a view to supporting implementation of the commitments and obligations undertaken under this Chapter. Areas of cooperation include, but are not limited to, the following activities: 


(a) 	notification of contact points; 


(b) 	exchange of information on the legal framework concerning intellectual property rights and relevant rules of protection and enforcement; 


(c) 	exchange of experiences on legislative progress; 


(d) 	exchange of experiences on enforcement of intellectual property rights; 


(e) 	exchange of information regarding the intellectual property systems, aimed at promoting the efficient registration of industrial property rights; 


(f) 	capacity-building; 


(g) 	promotion and dissemination of information on intellectual property rights in, inter alia, business circles and civil society; 


(h) 	promotion of public awareness of consumers and right holders; and 


(i) 	other activities and initiatives as may be mutually determined between the Parties.</article>
      <article number="ARTICLE 2.2" name="Copyright And Related Rights" article_identifier="33705">Protection Granted 

1. 	The Parties shall comply with: 

(a) 	Articles 1 through 22 of the International Convention for the Protection of Performers, Producers of Phonograms and Broadcasting 

Organizations (1961) (hereinafter referred to as the “Rome Convention”); 


(b) 	Articles 1 through 18 of the Berne Convention for the Protection of Literary and Artistic Works (1971) (hereinafter referred to as the “Berne Convention”); 


(c) 	Articles 1 through 14 of the World Intellectual Property Organization (hereinafter referred to as the “WIPO”) Copyright Treaty (1996) (hereinafter referred to as the “WCT”); and 


(d) 	Articles 1 through 23 of the WIPO Performances and Phonograms Treaty (1996) (hereinafter referred to as the “WPPT”). 
Protection of Technological Measures 

2. Each Party shall provide adequate legal protection and effective legal remedies against the circumvention of effective technological measures that are used by right holders of any copyright or related rights in connection with the exercise of their rights under each Party’s domestic laws and that restrict acts, in respect of their works or other subject matters, which are not authorised by the right holders of copyright or related rights concerned or permitted by the law of a Party. 

Protection of Rights Management Information 

3. Each Party shall provide adequate legal protection against any person knowingly performing without authority any of the following acts: 


(a) 	the removal or alteration of any electronic rights management information; or 


(b) 	the distribution, importation for distribution, broadcasting, communication or making available to the public of works or other subject matter protected under the Korea-Turkey FTA from which electronic rights management information has been removed or altered without authority, 
if such person knows, or has reasonable grounds to know, that by doing so it is inducing, enabling, facilitating or concealing an infringement of any copyright or any rights related to copyright as provided by the law of the relevant Party. 


4. For the purposes of the Korea-Turkey FTA, rights management information means any information provided by right holders which identifies the work or other subject matter referred to in the Korea-Turkey FTA, the author or any other right holder, or information about the terms and conditions of use of the work or other subject matter, and any numbers or codes that represent such information. 


5. Paragraph 4 shall apply when any of these items of information is associated with a copy of, or appears in connection with the communication to the public of, a work or other subject matter referred to in the Korea-Turkey FTA.</article>
      <article number="ARTICLE 2.3" name="Trademarks" article_identifier="33706">1. Each Party may provide that trademarks include certification marks or guarantee marks. 


2. Each Party shall provide that the owner of a registered trademark shall have the exclusive right to prevent all third parties not having the owner’s consent from using in the course of trade identical or similar signs, at least for goods or services that are identical or similar to those goods or services in respect of which the owner’s trademark is registered, where such use would result in a likelihood of confusion. In the case of the use of an identical sign, for identical goods or services, a likelihood of confusion shall be presumed. 


3. Each Party may provide limited exceptions to the rights conferred by a trademark, such as fair use of descriptive terms, provided that such exceptions take account of the legitimate interests of the owner of the trademark and of third parties. 


4. Both Parties reaffirm the obligations under the Paris Convention for the Protection of Industrial Property (1967) and the TRIPS Agreement with respect to protection of well-known marks
3
. Additionally, for the protection of well-known marks with respect to identical or similar goods or services, neither Party shall deny remedies or relief solely because of the lack of: 


(a) a registration; 


(b) inclusion on a list of well-known marks; or 


(c) prior recognition of the mark as well-known. 

5. Each Party shall provide a system for the registration of trademarks in which the reasons for a refusal to register a trademark shall be communicated in writing and may be provided electronically to the applicant or his/her representative who will have the opportunity to contest such refusal and to appeal a final refusal judicially. Each Party shall also introduce the possibility to oppose trademark applications. The Parties shall provide a publicly available electronic database of trademark applications and trademark registrations. 


6. Each Party shall provide that initial registration and each renewal of registration of a trademark shall be for a term of no less than 10 years. 
3 For the purposes of determining whether a mark is well-known, neither Party shall require that the reputation of the trademark extend beyond the sector of the public that normally deals with the relevantgoods or services. 

7. Each Party shall provide a system that permits owners to assert rights in marks, and interested parties to challenge rights in marks, through administrative or judicial means, or both.</article>
      <article number="ARTICLE 2.4" name="Protection Of Geographical Indications" article_identifier="33707">1. With the recognition of the importance of the protection of geographical indications, each Party shall provide a system for the protection of geographical indications in accordance with Section 3, Part II of the TRIPS Agreement regarding Geographical Indications and protect the geographical indications of the other Party in accordance with its legislation. 


2. The names listed in the Turkish List of Annex 2 are geographical indications which have been registered under Turkey’s relevant laws, within the meaning of paragraph 1 of Article 22 of the TRIPS Agreement. Subject to Korea’s laws and regulations, in a manner that is consistent with the TRIPS Agreement, such names will be protected as geographical indications in the territory of Korea. 


3. The names listed in the Korean List of Annex 2 are geographical indications which have been registered under Korea’s relevant laws, within the meaning of paragraph 1 of Article 22 of the TRIPS Agreement. Subject to Turkey’s laws and regulations, in a manner that is consistent with the TRIPS Agreement, such names will be protected as geographical indications in the territory of Turkey. 


4. The Parties shall enter into consultations to protect additional geographical indications, at the request of any Party, after the entry into force of this Framework Agreement. As a result of these consultations, the Parties shall protect, under the terms stated in the Korea-Turkey FTA, such geographical indications.</article>
      <article number="ARTICLE 2.5" name="Enforcement Of Intellectual Property Rights" article_identifier="33708">1. Each Party shall establish provisions for the enforcement of intellectual property rights in its domestic laws in accordance with the TRIPS Agreement, in particular Articles 41 through 61. 


2. Without prejudice to its domestic laws, each Party shall provide measures to curtail repeated copyright and related rights infringement on the internet.</article>
      <article number="ARTICLE 2.6" name="Monitoring And Review" article_identifier="33709">1. The implementation of this Chapter shall be regularly monitored by the Parties. If problems in the area of intellectual property affecting trading conditions were to occur, consultations in the Joint Committee shall be undertaken, on request of a Party, with a view to reaching mutually satisfactory solutions. 


2. In pursuance of the objectives of this Chapter, the Parties shall enter into consultations with a view to reviewing the overall implementation of this Chapter and 
achieving a higher level of intellectual property rights protection, on request of a Party, after three years from the date of entry into force of this Framework Agreement.</article>
    </chapter>
    <chapter number="CHAPTER 3" name="Competition" chapter_identifier="3910">
      <article number="ARTICLE 3.1" name="Definitions" article_identifier="33710">For the purposes of this Chapter competition laws means 


(a) 	for Turkey, Act No 4054 on the Protection of Competition, and its implementing regulations and amendments; 


(b) 	for Korea, the Monopoly Regulation and Fair Trade Act and its implementing regulations and amendments; and 


(c) 	any changes that instruments set out in this Article may undergo after this Framework Agreement enters into force. 
anti-competitive practices means 


(a) 	agreements and concerted practices
4 
between undertakings, decisions and practices by associations of undertakings, which have as their object or effect the prevention, restriction or distortion of competition in the territory of either Party; 


(b) 	any abuse by one or more undertakings of a dominant position in the territory of either Party; or 


(c) 	concentrations between undertakings, which significantly lessen competition, in particular as a result of the creation or strengthening of a dominant position in the territory of either Party.</article>
      <article number="ARTICLE 3.2" name="Principles" article_identifier="33711">1. The Parties recognise the importance of free and undistorted competition in their trade relations. The Parties undertake to apply their respective competition laws so as to prevent the benefits of the trade liberalisation process from being removed or eliminated by anti-competitive practices. 


2. The Parties shall maintain in their respective territories comprehensive competition laws which effectively address restrictive agreements, concerted practices and abuse of dominant position, and which provide effective control of concentrations between undertakings. 
4 The application of this Chapter to concerted practices is determined by each Party’s competition laws.</article>
      <article number="ARTICLE 3.3" name="Implementation" article_identifier="33712">1. The Parties shall maintain an authority responsible and appropriately equipped for the implementation of the competition laws. 


2. The Parties recognise the importance of applying their respective competition laws in a transparent, timely and non-discriminatory manner, respecting the principles of procedural fairness and rights of defence of the parties concerned.</article>
      <article number="ARTICLE 3.4" name="Cooperation" article_identifier="33713">1. The Parties recognise the importance of cooperation and coordination between their respective competition authorities to further enhance effective competition law enforcement and to fulfil the objectives of the Korea-Turkey FTA. 


2. The Parties shall cooperate in relation to their respective enforcement policies and in the enforcement of their respective competition laws, including through notification, consultation and exchange of non-confidential information.</article>
      <article number="ARTICLE 3.5" name="Consultation" article_identifier="33714">1. To foster mutual understanding between the Parties, or to address specific matters that arise under this Chapter and without prejudice to the autonomy of each Party to develop, maintain and enforce its competition laws and policies, each Party shall, upon request of the other Party, enter into consultations on issues raised by the other Party. 


2. The Party to which a request for consultations has been addressed shall give full and sympathetic consideration to the concerns of the other Party.</article>
      <article number="ARTICLE 3.6" name="Notification" article_identifier="33715">1. Each Party shall, through its competition authority, notify the competition authority of the other Party of an enforcement activity regarding anti-competitive practices if it considers that such enforcement activity may substantially affect important interests of the other Party. 


2. Provided that it is not contrary to the Parties’ competition laws and does not affect any investigation being carried out, the notification shall take place at an early stage of the enforcement activity.</article>
      <article number="ARTICLE 3.7" name="Confidentiality" article_identifier="33716">1. The competition authority of a Party shall, upon request of the competition authority of the other Party, endeavour to provide information to facilitate effective enforcement of their respective competition laws, provided that it does not affect any 

ongoing investigation and is compatible with the rules and standards of confidentiality of each Party. 

2. The competition authority of each Party shall maintain the confidentiality of any information provided in confidence by the competition authority of the other Party and shall not disclose such information to any entity that is not authorised by the competition authority providing the information.</article>
      <article number="ARTICLE 3.8" name="State Enterprises" article_identifier="33717">1. Each Party shall ensure that state enterprises are subject to their respective competition laws and do not adopt or maintain any anti-competitive practices that affect trade between the Parties, insofar as the application of this provision does not obstruct the performance, in law or in fact, of the particular tasks assigned to them. 


2. Nothing in paragraph 1 shall be construed to prevent a Party from establishing or maintaining state enterprises.</article>
      <article number="ARTICLE 3.9" name="Dispute Settlement" article_identifier="33718">Neither Party shall have recourse to Chapter 6 (Dispute Settlement) for any matter arising under this Chapter.</article>
    </chapter>
    <chapter number="CHAPTER 4" name="Transparency" chapter_identifier="3911">
      <article number="ARTICLE 4.1" name="Exchange Of Information" article_identifier="33719">1. On request of the other Party, and to the extent possible under its domestic legislation, a Party shall promptly provide information and reply to any question from the requesting Party relating to an actual or proposed measure that might substantially affect the operation of the Korea-Turkey FTA. 


2. The information referred to under this Chapter shall be considered to have been provided when the information has been made available by appropriate notification to the WTO or when the information has been made available on the official, public and fee-free accessible website of the Party concerned. 


3. Nothing in the Korea-Turkey FTA shall require any Party to disclose confidential information, the disclosure of which would impede law enforcement, otherwise be contrary to the public interest or prejudice the legitimate commercial interests of any economic operator. 


4. In the case of any inconsistency between the provisions of this Chapter and provisions relating to transparency in other Chapters of the Korea-Turkey FTA, the latter shall prevail to the extent of the inconsistency.</article>
      <article number="ARTICLE 4.2" name="Publication And Administrative Proceedings" article_identifier="33720">1. For the purposes of this Article, interested person means any natural or juridical person that may be subject to any rights or obligations under measures of general application within the meaning of paragraph 2. 


2. Each Party shall exert its best efforts to ensure that its laws, regulations and administrative rulings of general application relating to trade matters covered by the Korea-Turkey FTA, are promptly published or made publicly available. 


3. To the extent possible under its domestic legislation, each Party shall provide interested persons and the other Party reasonable prior notice of measures to implement its laws, regulations and administrative rulings of general application relating to trade matters covered by the Korea-Turkey FTA, and a reasonable opportunity to comment on such measures on request of the other Party.</article>
      <article number="ARTICLE 4.3" name="Review And Appeal" article_identifier="33721">Without prejudice to its domestic legislation: 


(a) 	Each Party shall establish or maintain judicial, quasi-judicial or administrative tribunals or procedures for the purposes of the prompt review and, where warranted, correction of administrative action relating 

to matters covered by the Korea-Turkey FTA. Such tribunals shall be impartial and independent of the office or authority entrusted with administrative enforcement and shall not have any substantial interest in the outcome of the matter. 

(b) 	Each Party shall ensure that, in any such tribunals or procedures, the parties to the proceeding are provided with the right to: 


(i) 	a reasonable opportunity to support or defend their respective positions; and 


(ii) 	a decision based on the evidence and submissions on record or, where required by its domestic legislation, the record compiled by the administrative authority. 

(c) 	Each Party shall ensure, subject to appeal or further review as provided for in its domestic legislation, that such decision shall be implemented by, and shall govern the practice of, the office or authority with respect to the administrative action at issue.</article>
    </chapter>
    <chapter number="CHAPTER 5" name="Trade And Sustainable Development" chapter_identifier="3912">
      <article number="ARTICLE 5.1" name="Context And Objectives" article_identifier="33722">1. Recalling Agenda 21 on Environment and Development of 1992, the Johannesburg Plan of Implementation on Sustainable Development of 2002, and the 2006 Ministerial Declaration of the UN Economic and Social Council on Full Employment and Decent Work, the Parties reaffirm their commitments to promoting the development of international trade in such a way as to contribute to the objective of sustainable development and shall strive to ensure that this objective is integrated and reflected at every level of their trade relationship. 


2. The Parties recognise that economic development, social development and environmental protection are interdependent and mutually reinforcing components of sustainable development. They underline the benefit of cooperation on trade-related social and environmental issues as part of a global approach to trade and sustainable development. 


3. The Parties recognise that it is not their intention in this Chapter to harmonise the environment or labour standards of the Parties, but to strengthen their trade relations and cooperation in ways that promote sustainable development in the context of paragraphs 1 and 2.</article>
      <article number="ARTICLE 5.2" name="Scope" article_identifier="33723">1. Except as otherwise provided in this Chapter, this Chapter applies to measures adopted or maintained by the Parties affecting trade-related aspects of environmental and labour
5 
issues in the context of Articles 5.1.1 and 5.1.2. 


2. The Parties stress that environmental and labour standards should not be used for protectionist trade purposes. The Parties note that their comparative advantage should in no way be called into question.</article>
      <article number="ARTICLE 5.3" name="Right To Regulate And Levels Of Protection" article_identifier="33724">Recognising the right of each Party to establish its own levels of environmental and labour protection, and to adopt or modify accordingly its relevant laws and policies, each Party shall seek to ensure that those laws and policies provide for and encourage high levels of environmental and labour protection, consistent with the internationally recognised standards or agreements referred to in Articles 5.4 and 5.5, and shall strive to continue to improve those laws and policies. 

5 When labour is referred to in this Chapter, it includes the issues relevant to the Decent Work Agenda as agreed on in the International Labour Organization (hereinafter referred to as the “ILO”) and in the 2006

Ministerial Declaration of the UN Economic and Social Council on Full Employment and Decent Work.</article>
      <article number="ARTICLE 5.4" name="Multilateral Labour Standards And Agreements" article_identifier="33725">1. The Parties recognise the value of international cooperation and agreements on employment and labour affairs as a response of the international community to economic, employment and social challenges and opportunities resulting from globalisation. They commit to consulting and cooperating as appropriate on trade-related labour and employment issues of mutual interest. 


2. The Parties reaffirm the commitment, under the 2006 Ministerial Declaration of the UN Economic and Social Council on Full Employment and Decent Work, to recognising full and productive employment and decent work for all as a key element of sustainable development for all countries and as a priority objective of international cooperation and to promoting the development of international trade in a way that is conducive to full and productive employment and decent work for all, including men, women and young people. 


3. The Parties, in accordance with the obligations deriving from membership of the ILO and the ILO Declaration on Fundamental Principles and Rights at Work and its Follow-up, adopted by the International Labour Conference at its 86th Session in 1998, commit to respecting, promoting and realising, in their laws and practices, the principles concerning the fundamental rights, namely: 


(a) 	freedom of association and the effective recognition of the right to collective bargaining; 


(b) 	the elimination of all forms of forced or compulsory labour; 


(c) 	the effective abolition of child labour; and 


(d) 	the elimination of discrimination in respect of employment and occupation. 

4. The Parties reaffirm the commitment to effectively implementing the ILO Conventions that Turkey and Korea have ratified respectively.</article>
      <article number="ARTICLE 5.5" name="Multilateral Environmental Agreements" article_identifier="33726">1. The Parties recognise the value of international environmental governance and agreements as a response of the international community to global or regional environmental problems and they commit to consulting and cooperating as appropriate with respect to negotiations on trade-related environmental issues of mutual interest. 


2. The Parties reaffirm their commitment to the effective implementation in their laws and practices of the multilateral environmental agreements to which they are party. 


3. The Parties reaffirm their commitment to reaching the ultimate objective of the United Nations Framework Convention on Climate Change and its Kyoto Protocol. The 
Parties commit to cooperating on the development of the future international climate change framework in accordance with the Bali Action Plan.
6</article>
      <article number="ARTICLE 5.6" name="Trade Favouring Sustainable Development" article_identifier="33727">1. The Parties reconfirm that trade should promote sustainable development in all its dimensions. The Parties recognise the beneficial role that core labour standards and decent work can have on economic efficiency, innovation and productivity, and the Parties highlight the value of greater policy coherence between trade policies, on the one hand, and employment and labour policies on the other. 


2. The Parties shall strive to facilitate and promote trade and foreign direct investment in environmental goods and services, including environmental technologies, sustainable renewable energy, energy-efficient products and services and eco-labelled goods, including through addressing related non-tariff barriers. The Parties shall strive to facilitate and promote trade in goods that contribute to sustainable development, including goods that are the subject of schemes such as fair and ethical trade and those involving corporate social responsibility and accountability.</article>
      <article number="ARTICLE 5.7" name="Upholding Levels Of Protection In The Application And Enforcement Of Laws, Regulations Or Standards" article_identifier="33728">1. Each Party shall not fail to effectively enforce its environmental and labour laws, through a sustained or recurring course of action or inaction, in a manner affecting trade or investment between the Parties. 


2. Each Party shall not weaken or reduce the environmental or labour protections afforded in its laws to encourage trade or investment, by waiving or otherwise derogating from, or offering to waive or otherwise derogate from, its laws, regulations or standards, in a manner affecting trade or investment between the Parties.</article>
      <article number="ARTICLE 5.8" name="Scientific Information" article_identifier="33729">The Parties recognise the importance, when preparing and implementing measures aimed at protecting the environmental and social conditions that affect trade between the Parties, of taking account of scientific and technical information, and relevant international standards, guidelines or recommendations.</article>
      <article number="ARTICLE 5.9" name="Transparency" article_identifier="33730">The Parties, in accordance with their respective domestic laws, agree to develop, introduce and implement any measures aimed at protecting the environment and labour conditions that affect trade between the Parties in a transparent manner. 

6 UNFCCC Decision-1/CP.13 adopted by the 13th session of the Conference of the Parties to the United Nations Framework Convention on Climate Change.</article>
      <article number="ARTICLE 5.10" name="Cooperation" article_identifier="33731">1. Recognising the importance of cooperating on trade-related aspects of social and environmental policies in order to achieve the objectives of the Korea-Turkey FTA, the Parties commit to initiating cooperative activities as set out in paragraph 2. 


2. In order to promote the achievement of the objectives of this Chapter and to assist in the fulfilment of their obligations pursuant to it, the Parties have established the following indicative list of areas of cooperation: 


(a) 	exchange of views on the positive and negative impacts of the Korea-Turkey FTA on sustainable development and ways to enhance, prevent or mitigate them, taking into account sustainability impact assessments carried out by the Parties; 


(b) 	cooperation in international fora responsible for social or environmental aspects of trade and sustainable development, including in particular the WTO, the ILO, the United Nations Environment Programme and multilateral environmental agreements; 


(c) 	cooperation with a view to promoting the ratification of fundamental and other ILO Conventions and multilateral environmental agreements with an impact on trade; 


(d) 	exchange of information and cooperation on corporate social responsibility and accountability, including on the effective implementation and follow-up of internationally agreed guidelines, fair and ethical trade, private and public certification and labelling schemes including eco-labelling, and green public procurement; 


(e) 	exchange of views on the trade impact of environmental regulations, norms and standards; 


(f) 	cooperation on trade-related aspects of the current and future international climate change regime, including issues relating to global carbon markets, ways to address adverse effects of trade on climate, as well as means to promote low-carbon technologies and energy efficiency; 


(g) 	cooperation on trade-related aspects of biodiversity including in relation to biofuels; 


(h) 	cooperation on trade-related measures to promote sustainable fishing practices; 


(i) cooperation on trade-related measures to tackle deforestation including by addressing problems regarding illegal logging; 


(j) 	cooperation on trade-related aspects of multilateral environmental agreements, including customs cooperation; 


(k) 	cooperation on trade-related aspects of the ILO Decent Work Agenda, including on the inter-linkages between trade and full and productive employment, labour market adjustment, core labour standards, labour statistics, human resources development and life-long learning, social protection and social inclusion, social dialogue and gender equality; 


(l) 	exchange of views on the relationship between multilateral environmental agreements and international trade rules; 


(m) 	exchange of information and cooperation on the prevention of industrial pollution and best practice techniques; and 


(n) 	other forms of environmental cooperation as the Parties may deem appropriate. 

3. The Parties shall exert their best efforts to ensure that the applications and benefits of cooperative activities between them are as broad as possible.</article>
      <article number="ARTICLE 5.11" name="Contact Points" article_identifier="33732">1. For the purpose of implementing this Chapter, the Parties hereby establish the following contact points for environment and labour issues respectively: 


(a) 	for Turkey: Ministry of Environment and Urbanisation and Ministry of Labour and Social Security, or their successors; and 


(b) 	for Korea: Ministry of Environment and Ministry of Employment and Labor, or their successors. 
2. To the extent possible under its domestic legislation, each Party shall provide information through its contact point on the request of the other Party and reply promptly to any question from the other Party relating to this Chapter. Each Party shall notify the other Party of any changes of its contact point in due time.</article>
      <article number="ARTICLE 5.12" name="Institutional Mechanism And Dispute Settlement" article_identifier="33733">1. On request of a Party, the Joint Committee may decide to establish a committee or working groups to deal with any matter of mutual interest arising under this Chapter. 


2. The committee or working groups to be established pursuant to paragraph 1 shall comprise officials from the relevant ministries of each Party. 


3. Neither Party shall have recourse to Chapter 6 (Dispute Settlement) for any matter arising under this Chapter.</article>
    </chapter>
    <chapter number="CHAPTER 6" name="Dispute Settlement" chapter_identifier="3913">
      <article number="ARTICLE 6.1" name="Objective" article_identifier="33734">1. The objective of this Chapter is to avoid and settle any dispute between the Parties concerning the good faith application of the Korea-Turkey FTA and to arrive, where possible, at a mutually agreed solution. 


2. The Parties shall at all times endeavour to agree on the interpretation and application of the Korea-Turkey FTA, and shall make every attempt through cooperation and consultations to avoid and settle disputes between the Parties and to arrive at a mutually satisfactory resolution of any matter that might affect the operation of the Korea-Turkey FTA.</article>
      <article number="ARTICLE 6.2" name="Scope" article_identifier="33735">This Chapter shall apply to any dispute concerning the interpretation and application of the Korea-Turkey FTA, unless otherwise provided.</article>
      <article number="ARTICLE 6.3" name="Choice Of Dispute Settlement Procedure" article_identifier="33736">1. Recourse to the dispute settlement provisions of this Chapter shall be without prejudice to any action in the WTO framework, including dispute settlement action. 


2. However, where a Party has, with regard to a particular measure, initiated a dispute settlement proceeding, either under this Chapter or under the WTO Agreement, it shall not institute a dispute settlement proceeding regarding the same measure in the other forum until the first proceeding has been concluded. In addition, unless the forum selected fails for procedural or jurisdictional reasons, a Party shall not subsequently initiate dispute settlement proceedings in the other forum, if an obligation is identical under the Korea-Turkey FTA and under the WTO Agreement. 


3. 	For the purposes of paragraph 2: 


(a) 	dispute settlement proceedings under the WTO Agreement are deemed to be initiated by a Party’s request for the establishment of a panel under Article 6 of the DSU and are deemed to be concluded when the Dispute Settlement Body adopts the Panel’s report, and the Appellate Body’s report as the case may be, under Articles 16 and 17.14 of the DSU; and 


(b) 	dispute settlement proceedings under this Chapter are deemed to be initiated by a Party’s request for the establishment of an arbitration panel under Article 6.5.1 and are deemed to be concluded when the arbitration panel issues its ruling to the Parties and to the Joint Committee under Article 6.10.3.</article>
      <article number="ARTICLE 6.4" name="Consultations" article_identifier="33737">1. Each Party may request consultations with respect to any matter relating to the interpretation and application of the Korea-Turkey FTA, pursuant to Article 6.2. 


2. In order to initiate the consultation procedure, a Party shall deliver written notification to the other Party, stating the reasons for the request, including the identification of the measure at issue and an indication of the legal basis for the complaint. A copy of the request for consultations shall be delivered to the Joint Committee. 


3. The Party to which the request for consultations is made shall reply within 10 days of the date of receipt. 


4. These consultations shall take place within 30 days of the date of receipt of the request for consultations. Consultations shall take place, unless the Parties agree otherwise, in the territory of the Party complained against. 


5. Upon initiation of consultations, the Parties shall provide information to enable the examination of how the measure at issue might affect the interpretation and application of the Korea-Turkey FTA, and give confidential treatment to the information exchanged during consultations. 


6. Consultations under this Article shall be confidential and without prejudice to the rights of either Party in any further proceedings.</article>
      <article number="ARTICLE 6.5" name="Establishment Of The Arbitration Panel" article_identifier="33738">1. If the Parties do not reach a mutually satisfactory solution within 30 days of the date of receipt of the request for the consultations, the complaining Party may request the establishment of an arbitration panel. 


2. The request for the establishment of an arbitration panel shall be made in writing to the Party complained against and the Joint Committee. The complaining Party shall identify in its request, the specific measure at issue, the legal basis of the complaint including any provision of the Korea-Turkey FTA, and the factual basis for the complaint. 


3. The establishment of an arbitration panel shall not be requested on any matter relating to a proposed measure.</article>
      <article number="ARTICLE 6.6" name="Terms Of Reference Of The Arbitration Panel" article_identifier="33739">Unless the Parties otherwise agree, within 20 days of the date of receipt of the request for the establishment of the arbitration panel, the terms of reference of the arbitration panel shall be: 

“To examine, in the light of the relevant provisions of the Korea-Turkey FTA, the matter referred to in the request for the establishment of an arbitration panel pursuant to Article 6.5, to make findings together with the reasons on the compatibility of the measure with the Korea-Turkey FTA, and to issue a written report containing the reasons for the findings for the resolution of the dispute.”</article>
      <article number="ARTICLE 6.7" name="Composition Of The Arbitration Panel" article_identifier="33740">1. An arbitration panel shall consist of three arbitrators. 


2. Each Party shall appoint one arbitrator, who may be its national, within 20 days of the date of receipt of the request for the establishment of the arbitration panel. The Parties shall agree on and appoint the third arbitrator, who shall be the chairperson of the arbitration panel, within 45 days of the date of receipt of the request for the establishment of the arbitration panel, taking into account the list established pursuant to paragraph 4. If the Parties fail to agree on and appoint the third arbitrator within 45 days, the third arbitrator shall be chosen within seven days by lot from the list established pursuant to paragraph 4. The selection shall be done by the chairperson of the Joint Committee, in the presence of representatives of each Party. 


3. The date of establishment of an arbitration panel shall be the date on which the three arbitrators are appointed. 


4. The Joint Committee shall, in its first meeting, establish a list of 10 individuals who are willing and able to serve as third arbitrator. The Joint Committee shall ensure that the list always contains 10 individuals at any point in time. These individuals shall not be a national of either Party, nor have his or her permanent place of residence in either Party, nor be employed by either Party, nor have dealt with the dispute in any capacity. 


5. All arbitrators shall have specialised knowledge or experience in law, international trade or other matters relating to the Korea-Turkey FTA, or in the resolution of disputes arising under international trade agreements. Each arbitrator shall be independent, serve in their individual capacities and not be affiliated with, nor take instructions from, any Party or organisation related to the dispute, and shall comply with Annex 6-B. 


6. Where a Party considers that an arbitrator does not comply with the requirements of Annex 6-B, the Parties shall consult and, if so agreed, the Parties shall replace that arbitrator in accordance with paragraph 7. 


7. If an arbitrator appointed under this Article becomes unable to participate in the proceeding or resigns, or is to be replaced according to paragraph 6, a successor shall be selected within 10 days in accordance with the selection procedure followed to select that arbitrator. The successor shall have all the powers and duties of the original arbitrator. The work of the arbitration panel shall be suspended for a period beginning on the date the arbitrator becomes unable to participate in the proceeding, resigns, or is to be replaced according to paragraph 6. The work of the arbitration panel shall resume on the date the successor is appointed.</article>
      <article number="ARTICLE 6.8" name="Proceedings Of The Arbitration Panel" article_identifier="33741">1. The arbitration panel shall meet in closed session, unless the Parties decide otherwise. 


2. The Parties shall be given the opportunity to provide at least one written submission and to attend any of the presentations, statements or rebuttals in the proceedings. All information or written submissions submitted by a Party to the arbitration panel, including any comments on the interim report and responses to questions put by the arbitration panel, shall be made available to the other Party. 


3. A Party asserting that a measure of the other Party is inconsistent with the Korea-Turkey FTA shall have the burden of establishing such inconsistency. A Party asserting that a measure is subject to an exception under the Korea-Turkey FTA shall have the burden of establishing that the exception applies. 


4. The arbitration panel should consult with the Parties as appropriate and provide adequate opportunities for the development of a mutually satisfactory resolution. 


5. The arbitration panel shall aim to make its decisions, including its report, by consensus but may also make its decisions, including its report, by majority vote. 


6. On request of a Party or on its own initiative and subject to such terms and conditions as the Parties may agree within 10 days of the date of establishment of the arbitration panel, the arbitration panel may seek information from any relevant source and may consult experts to obtain their opinion or advice on certain aspects of the matter. The arbitration panel shall provide the Parties with a copy of any advice or opinion obtained and an opportunity to provide comments. 


7. The deliberations of the arbitration panel and the documents submitted to it shall be kept confidential. 


8. Notwithstanding paragraph 7, either Party may make public statements as to its views regarding the dispute, but shall treat as confidential information and written submissions submitted by the other Party to the arbitration panel which the other Party has designated as confidential. Where a Party has provided information or written submissions designated to be confidential, that Party shall, within 20 days of a request of the other Party, provide a non-confidential summary of the information or written submissions which may be disclosed publicly. 


9. Each Party shall bear its own expenses and the cost of the arbitrator it appoints pursuant to Article 6.7.2. The cost of the chairperson of an arbitration panel and other expenses associated with the conduct of the proceedings shall be borne by the Parties in equal shares. The costs and expenses of the arbitrators shall normally conform to WTO standards.</article>
      <article number="ARTICLE 6.9" name="Suspension Or Termination Of Proceedings" article_identifier="33742">1. The Parties may agree that the arbitration panel suspend its work at any time for a period not exceeding 12 months from the date of such agreement. In the event of such a 

suspension, the time-frames regarding the work of the arbitration panel shall be extended by the amount of time that the work was suspended. If in any case, the suspension of the work of the arbitration panel exceeds 12 months, the authority for the establishment of the arbitration panel shall lapse unless the Parties agree otherwise. This lapse shall not prejudice to the rights of the complaining Party to request, at a later stage, the establishment of an arbitration panel on the same subject matter. 

2. The Parties may agree to terminate the proceedings of the arbitration panel by jointly so notifying the chair of the arbitration panel at any time before the issuance of the final report to the Parties.</article>
      <article number="ARTICLE 6.10" name="Arbitration Panel Report" article_identifier="33743">1. The arbitration panel shall issue to the Parties an interim report setting out the findings of facts, the applicability of the relevant provisions and the basic rationale behind any findings within 90 days of the date of establishment of the arbitration panel. If the Parties agree, the interim report may also contain recommendations. Where the arbitration panel considers that this deadline cannot be met, the chairperson of the arbitration panel must notify the Parties and the Joint Committee in writing, stating the reasons for the delay and the date on which the panel plans to issue its interim report. Under no circumstances should the interim report be issued later than 120 days after the date of the establishment of the arbitration panel. 


2. Any Party may submit a written request for the arbitration panel to review precise aspects of the interim report within 14 days of the issuance of the interim report. After considering any written comments by the Parties on the interim report, the arbitration panel may modify its report and make any further examination it considers appropriate. 


3. The arbitration panel shall issue its final report to the Parties and to the Joint Committee within 120 days of the date of the establishment of the arbitration panel. Where the arbitration panel considers that this deadline cannot be met, the chairperson of the arbitration panel shall notify the Parties and the Joint Committee in writing, stating the reasons for the delay and the date on which the panel plans to issue its ruling. Under no circumstances should the ruling be issued later than 150 days after the date of the establishment of the arbitration panel. 


4. The report of the arbitration panel shall be drafted without the presence of the Parties. The arbitration panel shall base its report on the relevant provisions of the Korea-Turkey FTA, and the submissions and arguments of the Parties, and may take into account any other relevant information provided to the arbitration panel. 


5. Arbitration panels shall interpret the Korea-Turkey FTA, in accordance with customary rules of interpretation of public international law and due account being taken of the fact that the Parties shall perform the Korea-Turkey FTA, in good faith and avoid circumvention of their obligations. 


6. On matters of urgency, including those regarding perishable goods, the arbitration panel shall make every effort to issue its interim and final reports to the Parties within half 

of the respective time periods under paragraphs 1 and 3. The arbitration panel may issue a preliminary report on whether a case is urgent. 

7. The report of the arbitration panel shall be final and binding on the Parties. 


8. The report of the arbitration panel shall contain both the descriptive part summarizing the submissions and arguments of the Parties and the findings and determinations of the arbitration panel. If the Parties agree, the arbitration panel may make recommendations for resolution of the dispute in its report. The findings and determinations and, if applicable, any recommendations of the arbitration panel cannot add to or diminish the rights and obligations of the Parties provided in the Korea-Turkey FTA.</article>
      <article number="ARTICLE 6.11" name="Implementation Of The Report" article_identifier="33744">1. Unless the Parties agree otherwise, the Party complained against shall eliminate the non-conformity as determined in the report of the arbitration panel immediately, or if this is not practicable, within a reasonable period of time. 


2. The reasonable period of time referred to in paragraph 1 shall be mutually determined by the Parties. Where the Parties fail to agree on the reasonable period of time within 45 days of the date of issuance of the final report of the arbitration panel referred to in Article 6.10, the complaining Party may refer the matter to an arbitration panel, which shall determine the reasonable period of time. 


3. The Party complained against shall notify to the complaining Party the implementing measures that it has taken to comply with the determinations and, if any, recommendations of the arbitration panel, before the expiry of the reasonable period of time agreed by the Parties or determined by the arbitration panel in accordance with paragraph 2. Where there is disagreement between the Parties as to whether the Party complained against has eliminated the non-conformity as determined in the report of the arbitration panel within the reasonable period of time as determined pursuant to paragraph 2, either Party may refer the matter to an arbitration panel.</article>
      <article number="ARTICLE 6.12" name="Non–Implementation, Compensation And Suspension Of Concessions Or Other Obligations" article_identifier="33745">1. If the Party complained against fails to notify the implementing measures before the expiry of the reasonable period of time, or notifies the complaining Party that implementation is impracticable, or the arbitration panel to which the matter is referred pursuant to Article 6.11.3 rules that the Party complained against has failed to eliminate the non-conformity within the reasonable period of time, the Party complained against shall, if so requested by the complaining Party, enter into negotiations with the complaining Party with a view to reaching a mutually satisfactory compensation. 


2. If there is no agreement on satisfactory compensation within 20 days of the date of receipt of the request mentioned in paragraph 1, the complaining Party may suspend the application to the Party complained against of concessions or other obligations under the Korea-Turkey FTA, after giving notification of such suspension 30 days in advance. Such 

notification may only be given 20 days after the date of receipt of the request mentioned in paragraph 1. 

3. The compensation referred to in paragraph 1 and the suspension referred to in paragraph 2 shall be temporary measures. Neither compensation nor suspension is preferred to full elimination of the non-conformity as determined in the report of the arbitration panel. The suspension shall only be applied until such time as the nonconformity is fully eliminated or a mutually satisfactory solution is reached. 


4. In considering what concessions or other obligations to suspend pursuant to paragraph 2: 


(a) 	the complaining Party should first seek to suspend concessions or other obligations with respect to the same sector(s) as that in which the report of the arbitration panel referred to in Article 6.10 has found a failure to comply with the obligations under the Korea-Turkey FTA; 


(b) 	if the complaining Party considers that it is not practicable or effective to suspend concessions or other obligations with respect to the same sector(s), it may suspend concessions or other obligations with respect to other sectors. The notification of such suspension pursuant to paragraph 2 shall indicate the reasons on which it is based. In the selection of the benefits to suspend, the complaining Party will take into consideration those which least disturb the functioning of the Korea-Turkey FTA; and 


(c) 	the level of suspension referred to in paragraph 2 shall be equivalent to the level of the nullification or impairment. 

5. If the Party complained against considers that the requirements for the suspension of concessions or other obligations by the complaining Party set out in paragraph 2, 3, or 4 have not been met, it may refer the matter to an arbitration panel. Concessions or other obligations shall not be suspended until the arbitration panel has issued its ruling. 


6. 	The arbitration panel that is established for the purposes of this Article or Article 
6.11 shall have, to the extent possible, as its arbitrators, the arbitrators of the original arbitration panel. If this is not possible, then the arbitrators of the arbitration panel that is established for the purposes of this Article or Article 6.11 shall be appointed pursuant to Article 6.7. The arbitration panel established under this Article or Article 6.11 shall issue its report to the Parties within 20 days on the reasonable period of time and 45 days on the other issues after the date when the matter is referred to it. When the arbitration panel considers that it cannot issue its report within the aforementioned periods, the relevant period may be extended by the arbitration panel for a maximum of 30 days with the consent of the Parties. The report shall be final and binding on the Parties.</article>
      <article number="ARTICLE 6.13" name="Rules Of Procedure" article_identifier="33746">1. Dispute settlement procedures under this Chapter shall be governed by Annex 6-A. Arbitration panels may, after consulting the Parties, adopt additional rules of procedure not inconsistent with the Korea-Turkey FTA. 


2. Any time period or other rules and procedures for arbitration panels provided for in this Chapter may be modified by mutual consent of the Parties. The Parties may also agree at any time not to apply any provision of this Chapter.</article>
    </chapter>
    <chapter number="CHAPTER 7" name="Institutional Provisions" chapter_identifier="3914">
      <article number="ARTICLE 7.1" name="Joint Committee" article_identifier="33747">1. The Parties hereby establish a Joint Committee comprising representatives of Turkey, on the one hand, and representatives of Korea, on the other. 


2. The Joint Committee shall meet once a year or on request of either Party in Ankara or Seoul alternately. The Joint Committee shall be co-chaired by the Minister of Economy of Turkey and the Minister for Trade of Korea; or their respective designees. The Joint Committee shall agree on its meeting schedule and set its agenda. 


3. 	The Joint Committee shall: 


(a) 	ensure that the Korea-Turkey FTA operates properly; 


(b) 	supervise and facilitate the implementation and application of the Korea-Turkey FTA, and further its general aims; 


(c) 	supervise the work of all committees, working groups and other bodies established under the Korea-Turkey FTA; 


(d) 	consider ways to further enhance trade relations between the Parties; 


(e) 	without prejudice to the rights conferred in Chapter 6 (Dispute Settlement), seek appropriate ways and methods of forestalling problems which might arise in areas covered by the Korea-Turkey FTA, or of resolving disputes that may arise regarding the interpretation or application of the Korea-Turkey FTA; 


(f) 	study the development of trade between the Parties; and 


(g) 	consider any other matter of interest relating to an area covered by the Korea-Turkey FTA. 

4. 	The Joint Committee may: 


(a) 	decide to establish and delegate responsibilities to committees, working groups or other bodies; 


(b) 	communicate with all interested parties including private sector and civil society organisations; 


(c) 	decide to recommend to the Parties amendments to the Korea-Turkey FTA; 


(d) 	adopt interpretations of the provisions of the Korea-Turkey FTA; 


(e) 	make recommendations or adopt decisions as envisaged by the Korea-Turkey FTA; 


(f) 	adopt its own rules of procedure; and 


(g) 	take such other actions in the exercise of its functions as the Parties may agree. 

5. When a Party submits information considered as confidential under its laws and regulations to the Joint Committee, committees, working groups or any other bodies, the other Party shall treat that information as confidential.</article>
      <article number="ARTICLE 7.2" name="Committees And Working Groups" article_identifier="33748">1. The committees, working groups or any other bodies may be established under the auspices of the Joint Committee. 


2. The composition, frequency of meetings, and functions of the committees, working groups or any other bodies may be established either by relevant provisions of the Korea-Turkey FTA or by the Joint Committee acting consistently with the Korea-Turkey FTA. 


3. The committees, working groups or any other bodies shall inform the Joint Committee of their schedule and agenda sufficiently in advance of their meetings. They shall report to the Joint Committee on their activities at each regular meeting of the Joint Committee. The creation or existence of a committee, a working group or any other body shall not prevent either Party from bringing any matter directly to the Joint Committee. 


4. The Joint Committee may decide to change or undertake the task assigned to a committee, a working group or any other body; or may dissolve a committee, a working group or any other body.</article>
      <article number="ARTICLE 7.3" name="Decision-Making" article_identifier="33749">1. The Joint Committee shall, for the purpose of attaining the objectives of the Korea-Turkey FTA, have the power to take decisions in respect of all matters in the cases provided by the Korea-Turkey FTA, without prejudice to the Parties’ respective applicable legal requirements and procedures. 


2. The decisions taken shall be binding on the Parties, which shall take the necessary measures to implement the decisions taken in accordance with their respective applicable legal requirements and procedures. The Joint Committee may also make appropriate recommendations. 


3. The Joint Committee shall draw up its decisions and recommendations by agreement between the Parties.</article>
      <article number="ARTICLE 7.4" name="Amendments" article_identifier="33750">The Parties may agree, in writing, to amend the Korea-Turkey FTA. An amendment shall enter into force after the Parties exchange written notifications certifying that they have completed their respective applicable legal requirements and procedures, or on such other date as the Parties may agree.</article>
      <article number="ARTICLE 7.5" name="Contact Points" article_identifier="33751">1. In order to facilitate communication between the Parties on any trade matter covered by the Korea-Turkey FTA, the Parties hereby establish the following contact 

points: 


(a) 

for Turkey, the Ministry of Economy, or its successor; and 


(b) 

for Korea, the Ministry of Foreign Affairs and Trade, or its successor. 
2. 

On request of either Party, the contact point of the other Party shall indicate the 
office or official responsible for any matter pertaining to the implementation of the Korea-Turkey FTA, and provide the required support to facilitate communication with the requesting Party. Each Party shall notify the other Party of any changes in its contact point in due time.</article>
    </chapter>
    <chapter number="CHAPTER 8" name="Exceptions And Final Provisions" chapter_identifier="3915">
      <article number="ARTICLE 8.1" name="Taxation" article_identifier="33752">1. For the purposes of this Article, tax convention means a convention for the avoidance of double taxation or other international taxation agreement or arrangement in force between the Parties; and taxation measures do not include a “customs duty” as defined in Article 2.2 (Customs Duty) of the Agreement on Trade in Goods as stipulated in Article 1.4.2 (Relation with Other Agreements). 


2. Except as provided in this Article and without prejudice to the outcome of negotiations on the agreements to be concluded stipulated in Article 1.4.2 (Relation with Other Agreements), nothing in the Korea-Turkey FTA shall apply to taxation measures. 


3. 	(a) the Korea-Turkey FTA shall only grant rights or impose obligations with respect to taxation measures where corresponding rights or obligations are also granted or imposed under Article III of GATT 1994. 

(b) 	Article 2.9 (Duties, Taxes or Other Fees and Charges on Exports) of the Agreement on Trade in Goods shall apply to taxation measures. 

4. 	(a) Nothing in the Korea-Turkey FTA shall affect the rights and obligations of either Party under any tax convention in force between the Parties. In the event of any inconsistency relating to a taxation measure between such tax convention and the Korea-Turkey FTA, the tax convention shall prevail to the extent of the inconsistency. In the case of a tax convention between the Parties, the competent authorities under the tax convention shall have sole responsibility for determining whether any inconsistency exists between the tax convention and the Korea-Turkey FTA. 
(b) For the purposes of this paragraph, competent authorities are: 


(i) 	in the case of Korea, the Deputy Minister for Tax and Customs, Ministry of Strategy and Finance, or his authorised representative; and 


(ii) 	in the case of Turkey, the Minister of Finance, or his authorised representative.</article>
      <article number="ARTICLE 8.2" name="Balance-Of-Payments Exceptions" article_identifier="33753">1. Without prejudice to the outcome of negotiations on the agreements to be concluded stipulated in Article 1.4.2 (Relation with Other Agreements), should a Party decide to impose measures for balance-of-payments purposes, it shall do so only in 

accordance with its rights and obligations under GATT 1994, including the Declaration on Trade Measures Taken for Balance of Payments Purposes (1979 Declaration) and the Understanding on the Balance of Payments Provisions of the GATT 1994 (BOP Understanding). In adopting such measures, the Party shall immediately consult with the other Party. 

2. The Parties shall endeavour to avoid the application of the restrictive measures referred to in paragraph 1. 


3. Any restrictive measure adopted or maintained under this Article shall be nondiscriminatory.</article>
      <article number="ARTICLE 8.3" name="Security Exceptions" article_identifier="33754">Nothing in the Korea-Turkey FTA shall be construed: 


(a) 	to require a Party to furnish any information, the disclosure of which it considers contrary to its essential security interests; 


(b) 	to prevent a Party from taking any action which it considers necessary for the protection of its essential security interests: 


(i) 	connected with the production of or trade in arms, munitions or war material or relating to economic activities carried out directly or indirectly for the purpose of provisioning a military establishment; 


(ii) 	relating to fissionable and fusionable materials or the materials from which they are derived; or 
(iii) 	taken in time of war or other emergency in international relations; or 

(c) 	to prevent a Party from taking any action in order to carry out its international obligations for the purpose of maintaining international peace and security.</article>
      <article number="ARTICLE 8.4" name="Entry Into Force" article_identifier="33755">1. This Framework Agreement shall be approved by the Parties in accordance with their own procedures. 


2. This Framework Agreement shall enter into force on the first day of the second month, following the date of the exchange of the written notifications through diplomatic channels, by which the Parties inform each other that all necessary requirements foreseen 
by their domestic legislation for the entry into force of this Framework Agreement have been fulfilled, or on such other date as the Parties may agree.</article>
      <article number="ARTICLE 8.5" name="Duration" article_identifier="33756">1. This Framework Agreement shall be valid indefinitely. 


2. Either Party may notify in writing the other Party of its intention to denounce this Framework Agreement. 


3. The denunciation shall take effect six months after the notification under paragraph 2.</article>
      <article number="ARTICLE 8.6" name="Annexes" article_identifier="33757">The Annexes to this Framework Agreement shall form an integral part thereof.</article>
      <article number="ARTICLE 8.7" name="Customs Unions And Free Trade Areas" article_identifier="33758">1. Nothing in this Framework Agreement shall preclude the maintenance or establishment of customs unions, free trade areas or other arrangements between either of the Parties and non-parties, insofar as they do not alter the rights and obligations provided for in this Framework Agreement. 


2. On request of a Party, consultations between the Parties shall take place within the Joint Committee concerning agreements establishing or adjusting customs unions or free trade areas and, where required, on other major issues related to the Parties’ respective trade policies with non-parties. 


3. In case of accession of Turkey to the European Union, the Parties shall enter into consultations on the consequences of the accession.</article>
      <article number="ARTICLE 8.8" name="Authentic Texts" article_identifier="33759">This Framework Agreement is drawn up in duplicate in the Turkish, Korean and English languages, each of these texts being equally authentic. In case of divergence, the English text shall prevail.</article>
    </chapter>
    <chapter name="Conclusion" chapter_identifier="3916">
      <article article_identifier="33760">IN WITNESS WHEREOF the undersigned plenipotentiaries, being duly authorised thereto, have signed this Framework Agreement. 

DONE at …., Republic of …, in duplicate, this … day of … two thousand and twelve. 

For the Republic of Korea For the Republic of Turkey</article>
    </chapter>
  </body>
</treaty>
