<?xml version="1.0" encoding="UTF-8"?>
<treaty>
  <meta>
    <name>Ukraine - Kazakhstan</name>
    <type>Free Trade Agreement</type>
    <wto_rta_id>572</wto_rta_id>
    <treaty_identifier>355</treaty_identifier>
    <status>In Force</status>
    <notification>GATT Art. XXIV</notification>
    <date_signed>1994-09-17</date_signed>
    <date_into_force>1998-10-19</date_into_force>
    <date_notification>2008-08-18</date_notification>
    <end_implementation>1998-12-31</end_implementation>
    <date_inactive/>
    <parties_original>
      <partyisocode n="1">KAZ</partyisocode>
      <partyisocode n="2">UKR</partyisocode>
    </parties_original>
    <parties>
      <partyisocode n="1">KAZ</partyisocode>
      <partyisocode n="2">UKR</partyisocode>
    </parties>
    <composition>Bilateral</composition>
    <region>Commonwealth of Independent States (CIS)</region>
    <parties_wto>Yes</parties_wto>
    <crossregional>No</crossregional>
    <language>en</language>
    <source lang="en" type="full text">http://rtais.wto.org/rtadocs/572/TOA/English/FTA Ukraine - Kazakhstan_ToA.doc</source>
    <source lang="en" type="annex">http://rtais.wto.org/rtadocs/572/AnnexAndRelatedDocs/English/FTA Ukraine - Kazakhstan Trade Info Annex.doc</source>
  </meta>
  <body>
    <chapter chapter_identifier="3227">
      <article article_identifier="27213">Ð£Ð“ÐžÐ”Ð?Ð£Ð“ÐžÐ”Ð?Mescolto2016-06-14MFERTFREE TRADE AGREEMENT BETWEEN UKRAINE AND REPUBLIC OF KAZAKHSTANFREE TRADE AGREEMENT
between the Government of Ukraine and the Government of the Republic of Kazakhstan
  
Date of signing: September 17, 1994
  
Date of ratification: October 2, 1998
  
Effective date: October 19, 1998
  
The Government of Ukraine and the Government of the Republic of Kazakhstan, referred to hereinafter as the Parties,
  
taking guidance from the Agreement of Friendship and Cooperation between Ukraine and the Republic of Kazakhstan of January 20, 1994,
  
desiring to develop trade and economic cooperation between Ukraine and the Republic of Kazakhstan on the basis of equality and mutual benefit,
  
taking guidance from the Agreement of the Council of Heads of CIS States of April 14, 1994 on the establishment of a free trade area,
  
expressing their resolve to develop bilateral trade and economic relations with allowance for the principles of the General Agreement on Tariffs and Trade (GATT),
  
confirming their favorable regard to the free development of mutual economic cooperation,
  
have agreed as follows:</article>
    </chapter>
    <chapter chapter_identifier="3228">
      <article number="ARTICLE 1" article_identifier="27214">1. The Parties shall not apply customs duties, taxes and charges of equivalent effect on the export or import of commodities originating from the customs territory of one of the Parties and intended for the customs territory of another Contracting Party. Exclusion from the given trade regime by a conciliated classification of commodities shall be formalized by a separate Protocol, if the Parties deem it necessary.
  
2. For the purposes of the present Agreement and for its validity period, the commodities originating from the customs territories of the Contracting Parties shall mean commodities that have been:
  
a) completely manufactured on the territory of the Parties
  
b) processed on the territory of the Parties with the use of raw materials, materials and components originating from third countries and, therefore, changed their affiliation with the Harmonized System of Description and Coding of Commodities at least as regards the first four digits;
  
c) manufactured with the use of the raw materials, materials and components specified in subitem “b” .
  
The Parties shall conciliate the detailed rules for origination of commodities in a separate document that will be an inseparable part of the present Agreement.</article>
      <article number="ARTICLE 2" article_identifier="27215">The Parties shall not:
  
directly or indirectly impose on commodities, which come within the purview of the present Agreement, domestic taxes and charges that exceed corresponding taxes or charges imposed on similar commodities of domestic manufacture or commodities originating from third countries;
    
apply to the import or export of commodities, which come within the purview of the present Agreement, special restrictions and requirements, which under similar situations are not applied to similar commodities of domestic manufacture or commodities originating from third countries;
    
apply to the warehousing, reloading, storage, movement of commodities originating from another Party, as well as payments and remittance of payments other rules than those that are applied in similar cases to its own commodities or commodities originating from third countries.</article>
      <article number="ARTICLE 3" article_identifier="27216">The present Agreement shall not preclude the right of each of the Parties from taking measures generally accepted in international practice in state regulation of foreign trade relations, which it considers necessary for the performance of the international treaties to which it is a party or intends to be a party, if these measures concern the following:
  
protection of public morals and public order;
    
protection of human life and health,
    
protection of animals and plants;
    
protection of the environment;
    
protection of artistic, archeological and historical values that constitute the national heritage
    
protection of industrial and intellectual property;
    
trade in gold, silver and other precious metals and stones;
    
restriction of the export of products the domestic prices which are below world prices owing to programs of government support;
    
conservation of irreplaceable natural resources;
    
upsetting the balance of payments.
    
2. Nothing in the present Agreement shall preclude the right of any of the Parties from applying any measures of state regulation it deems necessary, if these measures concern the following:
  
assurance of national security, including prevention of the outflow of confidential information referred to state secrets;
    
trade in weapons, ammunition and materiel, provision of services of a military nature, transfer of technologies and provision of services for the manufacture of armaments and materiel, as well as for other military purposes;
    
supply of fission material and sources of radioactive substances, recovery of radioactive waste;
    
measures applied at times of war or under other emergency circumstances in international relations;
    
actions aimed to meet the commitments under the UN Charter for the preservation of international peace and security.</article>
      <article number="ARTICLE 4" article_identifier="27217">By mutual agreement the Parties may restrict the export of individual commodities with regard to their volumes and classification, which are annually specified in the agreements on trade and economic cooperation.
  
Such commodities may be reexported only by a written consent and on the terms set by the authorized agency of the country of origin of the said commodities. In case of failure to comply with this provision, the Party concerned shall be entitled, after preliminary consultations with the other Party, to unilaterally take measures on regulating the export of such commodities to the territory of the other Party that permitted the unconciliated reexport.
  
Reexport shall mean the removal of commodities, which originate from the customs territory of one Party, by another Party beyond its customs territory in order to export them to a third country.</article>
      <article number="ARTICLE 5" article_identifier="27218">The Parties shall on a regular basis exchange all principal information about customs issues, available customs statistics included, which is the subject matter of the present Agreement. Corresponding authorized agencies of the Parties shall conciliate the procedure for exchanging such information.</article>
      <article number="ARTICLE 6" article_identifier="27219">1. The Parties shall exchange information about their free trade agreements with third countries.
  
2. The Parties shall inform each other about all amendments to the operative customs tariffs in their countries.</article>
      <article number="ARTICLE 7" article_identifier="27220">The Parties, in accordance with the legislation of the parties, shall recognize as being incompatible with the purposes of the present Agreement unfair business practices resorted to, in particular, in the following:
  
agreements between enterprises or associations of enterprises that aim to hinder or restrict competition or violate the terms for it on the territories of the Parties;
    
actions by which one or several enterprises use their dominating status, restricting competition on the entire or a substantial part of the Parties’ territories.</article>
      <article number="ARTICLE 8" article_identifier="27221">When effecting measures of tariff and nontariff regulation of bilateral economic relations, for the exchange of statistical information and for conducting customs procedures, the Parties shall apply the uniform nine-digital classification of foreign trade commodities (CFTC) based on the Harmonized System of Description and Coding of Commodities and the combined tariff-statistical classification of the European Union. For their own needs the state Parties shall, when necessary, develop the commodity classification beyond the nine-digital limit.
  
A model copy of commodity classification shall be maintained on the basis of mutual agreement through the existing missions at corresponding international organizations.</article>
      <article number="ARTICLE 9" article_identifier="27222">Each Party, in compliance with its operative domestic legislation, shall ensure free transit through its territory of commodities originating from the customs territory of another Party or third countries and intended for the customs territory of the other Party or third country, and provide to exporters, importers or carriers all the available and required facilities and services, financial services included, for transit on terms that are not worse than those on which the very same facilities and services are provided to their own exporters, importers, or national carriers of any third country. Each Party shall guarantee exemption of transit commodities, originating from the customs territory of the other Party, from customs duty and transit charges, which shall be formalized by a separate Agreement.</article>
      <article number="ARTICLE 10" article_identifier="27223">Nothing in the present Agreement shall hinder the Parties from maintaining relations (which do not contradict the goals and terms of the present Agreement) with states that are not parties to the present Agreement, as well as with their associations and international organizations.</article>
      <article number="ARTICLE 11" article_identifier="27224">Disputes between the Parties as to the interpretation or application of provisions of the present Agreement shall be settled through negotiations.</article>
      <article number="ARTICLE 12" article_identifier="27225">Proceeding from the purposes of the present Agreement and in order to design recommendations for the improvement of trade and economic cooperation between the two states, the Parties have agreed to establish a bilateral Commission:
  
The main objectives of the referred to Commission shall be to:
  
consider issues referred to the interpretation and application of the present Agreement, as well as settlement of disputes between the Parties;
    
analyze the development of bilateral trade and economic relations;
    
design proposals for improving the conditions and trade and economic cooperation between the two countries and for their continued development;
    
consider issues of export control, including the list of commodities to be subject to control, the methods and forms of control over exports, facts of violation of requirement to export control, design of proposals for introducing and lifting sanctions;
    
consider the execution of the present Agreement and design corresponding recommendations.
    
The sessions of the Commission shall be held by proposal of one of the Parties, but not less than once a year, alternately in the Republic of Kazakhstan and in Ukraine.</article>
      <article number="ARTICLE 13" article_identifier="27226">The present Agreement shall come into force after the exchange of notes, in which the Parties shall notify each other about their performance of the inter-state procedures required for its commencement, and remain in force until one of the Parties notifies the other Party in writing within six months about its intention to terminate the effect of the Agreement.</article>
    </chapter>
    <chapter chapter_identifier="3229">
      <article article_identifier="27227">Made at the city of Almaty in two valid copies, each in the Ukrainian, Kazakh and Russian languages, all texts being of equal force.
  
In case of differences among the Parties as to interpretation, application of execution of the present Agreement, the Parties shall take guidance of the text of the Agreement in the Russian language.
  
For the Government of Ukraine
       
For the Government of the Republic of Kazakhstan
       
____________________
(signature)
       
___________________
(signature)
       * * *</article>
    </chapter>
  </body>
</treaty>
