<?xml version="1.0" encoding="UTF-8"?>
<treaty>
  <meta>
    <name>Economic Cooperation Organization (ECO)</name>
    <type>Partial Scope Agreement</type>
    <wto_rta_id>128</wto_rta_id>
    <treaty_identifier>117</treaty_identifier>
    <status>In Force</status>
    <notification>Enabling Clause</notification>
    <date_signed>2003-07-17</date_signed>
    <date_into_force>1992-02-17</date_into_force>
    <date_notification>1992-07-10</date_notification>
    <end_implementation>2015-12-31</end_implementation>
    <date_inactive/>
    <parties_original>
      <partyisocode n="1">IRN</partyisocode>
      <partyisocode n="2">PAK</partyisocode>
      <partyisocode n="3">TUR</partyisocode>
    </parties_original>
    <parties>
      <partyisocode n="1">IRN</partyisocode>
      <partyisocode n="2">PAK</partyisocode>
      <partyisocode n="3">TUR</partyisocode>
    </parties>
    <composition>Plurilateral</composition>
    <region>Middle East; West Asia; Europe</region>
    <parties_wto>No</parties_wto>
    <crossregional>Yes</crossregional>
    <language>en</language>
    <source lang="en" type="full text">http://wits.worldbank.org/GPTAD/PDF/archive/ECO.pdf</source>
    <source lang="en" type="annex">http://www.ecosecretariat.org/</source>
  </meta>
  <body>
    <chapter name="Preamble" chapter_identifier="1322">
      <article article_identifier="10855">ECO Trade Agreement (ECOTA) 

 

  

PREAMBLE 

 

  

 

1.       The members of the Economic Cooperation Organization (hereinafter referred to as ECO); the Transitional Islamic State of Afghanistan, the Republic of Azerbaijan, the Islamic Republic of Iran, the Republic of Kazakhstan, the Kyrgyz Republic, the Islamic Republic of Pakistan, the Republic of Tajikistan, the Republic of Turkey, Turkmenistan and the Republic of Uzbekistan (hereinafter referred to as the Contracting Parties); 

 

  

 

2.       Motivated by the commitment to promote regional cooperation for the prosperity and stability of the region, in a spirit of mutual accommodation, with full respect for the principles of sovereign equality, independence and territorial integrity of all States; 

 

  

 

3.       Recalling their intention to participate actively in the process of liberalizing trade through the progressive reduction of tariffs and elimination of non-tariff barriers to trade, and expressing their readiness to cooperate in seeking ways and means to strengthen this process; 

 

  

 

4.       Bearing in mind the aims and objectives of ECO as laid down in its Charter, the Treaty of İzmir; and provisions of the Economic Cooperation Strategy for the ECO region, in particular the Articles of the Framework Agreement on ECO Trade Cooperation and recognizing the importance of the principles of a market economy and striving to coordinate economic policy to the extent necessary to achieve the objectives of these agreements; 

 

  

 

5.       Recalling the importance of maintaining consistency with internationally recognized rules as well as the importance of liberal trade regimes in order to foster economic development; 

 

  

 

6.       Confident that Contracting Parties that are not members of the WTO will continue to pursue the WTO accession process, and those Contracting signatory Parties that are WTO members shall facilitate their accession through appropriate support; 

 

  

 

7.       Bearing in mind the urgent need to promote the intra-regional trade which presently constitutes a negligible share in the total volume of trade of the ECO member states; 

 

  

 

8.       Considering that the rights and obligations arising from other agreements between one or more member states on the one hand and one or more third countries on the other, shall not be affected by the provisions of this Agreement; 

 

  

 

9.       Convinced that this Agreement will create a new climate for economic relations among the Contracting Parties and in particular for the development of trade and investment, which are essential to economic development; 

 

  

 

have agreed as follows:</article>
    </chapter>
    <chapter number="CHAPTER I" name="Goods" chapter_identifier="1323">
      <article number="ARTICLE 3" name="Scope" article_identifier="10856">1.       The provisions of this Chapter shall apply to goods, originating in the territories of the concerned Contracting Parties, and commercial contracts concluded between natural and juridical persons of the Contracting Parties with regard to these goods, except sensitive goods which shall not exceed 1% of the six digit tariff lines. Lists of sensitive goods conveyed by the Contracting Parties shall be annexed to the Agreement and Contracting Parties may review it periodically as mutually agreed. 

 

  

 

2. The Agreement will, inter alia, consist of arrangements relating to: 

 

  

 

a.   Non-tariff barriers 

 

b.   Para-tariffs 

 

c.   Tariffs</article>
      <article number="ARTICLE 4" name="Tariffs On Import Of Goods" article_identifier="10857">1.       Upon entry into force the Agreement, unless otherwise provided therein, the applied tariff rates on imports shall not be changed to effect an increase without approval of the Cooperation Council. The Contracting Parties shall communicate to each other their respective applied tariff rates. 

 

  

 

2.       For each product the basic tariff rates and successive reductions agreed under the Agreement shall be applied in accordance with the principles of Most Favoured Nation. 

 

  

 

3.       Each Contracting Party shall extend to any other Contracting Party, not a member state of WTO, a treatment no less favourable than that extended to the WTO member states in relation to tariffs, para-tariffs, non-tariff barriers and the protection of Intellectual Property Rights falling within the scope of the Agreement. 

 

  

 

4.       Upon entry into force of the Agreement the Contracting Parties agree to reduce the tariffs rates on goods as follows: 

 

  

 

a.   To reduce tariffs, within a maximum period of 15 years for the Islamic State of Afghanistan and 8 years for other Contracting Parties, to a maximum of 15 percent as the highest tariff slab. 

 

  

 

b.   All goods being actually traded among the Contracting Parties till the date of entry into force of the Agreement shall constitute the positive list, except for the goods reflected in the negative list notified by a Contracting Party. The applied tariff schedule of the positive list shall be notified by each Contracting Party. 

 

  

 

c.   The positive list of goods shall be expanded gradually on proportionate basis in 8 equal annual stages so as to cover at least 80 percent of the goods on tariff lines. 

 

  

 

d.   Each Contracting Party shall, keeping in view the extent of tariff reduction required, notify a schedule of concessions to all member states for gradual and progressive reduction of applied tariffs to bring the highest tariff slab of each item to a maximum of 15 percent at the end of 8 years, but reduction shall not be less than 10 percent per annum of the existing tariff.</article>
      <article number="ARTICLE 5" name="Para-Tariff Charges On Import Of Goods" article_identifier="10858">1.       The Contracting Parties shall notify each other regarding the types of para tariff charges and their custom duties equivalence. 

 

  

 

2.       Upon entry into force of the Agreement no new para tariff charges shall be introduced in trade among the Contracting Parties without the approval of the Cooperation Council. 

 

  

 

3.       All para tariff charges having effect equivalent to customs duties on imports shall be abolished within two years of the entry into force of the Agreement.</article>
      <article number="ARTICLE 6" name="Measures Relating To Non-Tariff Barriers On Imports And Measures Having Equivalent Effect" article_identifier="10859">No prohibitions or restrictions other than tariffs shall be applied by any Contracting Party by means of quotas, other quantitative restrictions, import licensing or other restrictive measures on imports from other Contracting Parties, except those explicitly set forth in the Agreement, within two years of the entry into force of the Agreement.</article>
      <article number="ARTICLE 7" name="National Treatment" article_identifier="10860">The products of any Contracting Party imported to any other Contracting Party shall be accorded treatment no less favourable than that accorded to like products of national origin, in respect of all laws, regulations and requirements affecting their sale, offer for sale, purchase, transportation, distribution or use.</article>
      <article number="ARTICLE 8" name="Customs Duties On Exports And Charges Having Equivalent Effect" article_identifier="10861">The Contracting Parties shall progressively abolish any customs duties on exports and charges having equivalent effect among them within two years from the entry into force of the Agreement.</article>
      <article number="ARTICLE 9" name="Quantitative Restrictions On Exports And Measures Having Equivalent Effect" article_identifier="10862">1.       No new quantitative restrictions on exports or measures having equivalent effect shall be introduced in trade among the Contracting Parties. 

 

  

 

2.       All quantitative restrictions and measures having equivalent effect on export of products originating in the Contracting Parties shall be abolished within two years of the date of entry into force of the Agreement.</article>
      <article number="ARTICLE 10" name="Maintaining The Value Of Concessions" article_identifier="10863">No Contracting Party, after coming into force of this Agreement, shall prejudice or withdraw any concessions already granted through imposition of duties or levies or trade-restricting practices in excess of those already existing, without permission of the Cooperation Council.   The provisions of this Article shall not apply to Anti-Dumping Measures (Article 20), safeguard measures (Article 21) and measures relating to balance-of-payments (Article 25).</article>
      <article number="ARTICLE 11" name="Transparency" article_identifier="10864">Laws, regulations and other relevant measures of general application including technical standards, specifications and certifications, which pertain to or effect the operation of the Agreement, shall be published within a period of 30 days, or where such publication is not applicable, made publicly available.</article>
    </chapter>
    <chapter number="CHAPTER II" name="General Provisions" chapter_identifier="1324">
      <article number="ARTICLE 12" name="Rules Of Origin" article_identifier="10865">1.       The Contracting Parties recognize that rules of origin is a necessity in the application of tariff concessions granted under the provisions of the Agreement and for this purpose agree to apply the ECO Rules of Origin annexed to the Agreement. 

 

  

 

2.       Products contained in the National Schedules of Concessions annexed to the Agreement shall be treated according to the provisions of the Agreement. 

 

  

 

3.       The Contracting Parties shall take appropriate measures, including regular reviews by the Cooperation Council and arrangements for administrative cooperation, to ensure that the ECO Rules of Origin are effectively and harmoniously applied, and to reduce, as far as possible the formalities imposed on trade, and to achieve mutually satisfactory solutions to any difficulties arising from the application of ECO Rules of Origin. 

 

  

 

4.       The Contracting Parties agree that, in adopting and executing the laws and regulations related to the Rules of Origin, the resulting difficulties and inconveniences, which can be caused to the trade and industry of exporting countries, must be minimized, and the necessity of protecting the consumers against false or misleading instructions should be taken into account.</article>
      <article number="ARTICLE 13" name="Transport" article_identifier="10866">1.       The Contracting Parties agree to undertake appropriate steps and measures for developing and improving the transport infrastructure and transport facilities for accelerating the growth of trade within the ECO region; and within the framework of ECO Transit Trade Agreement (TTA) and ECO Transit Transport Framework Agreement(TTFA). 

 

  

 

2.       While taking into consideration the need of landlocked member states, the Contracting Parties agree that the principle of free transit is an essential condition for promoting trade in the ECO region.</article>
      <article number="ARTICLE 14" name="Repayment Of Internal Taxation" article_identifier="10867">Repayment of internal duties and taxes on goods exported to the territory of a Contracting Party shall not be in excess of the amount of duties and taxes internally imposed on them.</article>
      <article number="ARTICLE 15" name="Exceptions" article_identifier="10868">A.  General Exceptions 

 

  

 

1.       The agreement shall not preclude the prohibitions or restrictions on imports, exports, or goods in transit justified on grounds of national security, religious faith, public morality, public security; the protection of health and life of humans, animals or plants, or to pursue sanitary and quarantine objectives, the protection of national treasures possessing artistic, historic or archaeological value, protection of intellectual property or rules relating to gold or silver or the conservation of exhaustible natural resources if such measures are made effective in conjunction with restrictions on domestic production or consumption. Such prohibitions or restrictions shall not, however, constitute a means of arbitrary discrimination or disguised restriction on trade among the Contracting Parties. 

 

  

 

2.       Pursuant to paragraph (1), nothing in this Agreement shall prevent the right of any Contracting Party to take any measures of public regulation, which it considers necessary, provided these measures refer to: 

 

  

 

a.   delivery of fissionable materials and sources of radio active substances, utilization of radio active wastes; and 

 

  

 

b.   actions it takes in pursuance of commitments as per the UN Charter to preserve the international peace and security. 

 

  

B.  Security Exceptions 

 

  

 

3.       Nothing in the Agreement shall prevent a Contracting Party from taking any measures, which it considers necessary: 

 

  

 

a.   to prevent the disclosure of confidential information contrary to its essential security interests; 

 

  

 

b.   for  the protection of its essential security interests or for the implementation of international obligations or national policies such as: 

 

  

 

i.         relating to the traffic in arms, ammunition and implements of war, provided that such measures do not impair the conditions of competition  in respect of products not intended for specifically military purposes, and  to such traffic in other goods, materials and services as is carried on directly or indirectly for the purpose of supplying a military  establishment; or 

 

  

 

ii.        relating to the non-proliferation  of biological and chemical weapons, nuclear weapons or other nuclear explosive devices; or 

 

  

 

iii.         taken in time of war or other serious international tension.</article>
      <article number="ARTICLE 16" name="State Monopolies" article_identifier="10869">1.       The Contracting Parties shall adjust progressively any State monopoly of a commercial character so as to ensure that by the end of the eighth year after the entry into force of the Agreement, no discrimination regarding the conditions under which goods are procured and marketed exists between nationals of the Contracting Parties.  The Cooperation Council shall be informed about the measures adopted to implement this objective. 

 

  

 

2.       The provisions of this Article shall apply to any body through which the competent authorities of the Contracting Parties, in law or in fact, either directly or indirectly supervise, determine or appreciably influence imports or exports among the Contracting Parties. These provisions shall likewise apply to monopolies delegated by a Contracting Party to others.</article>
      <article number="ARTICLE 17" name="Payments" article_identifier="10870">1.       Payments in freely convertible currencies relating to trade in goods among the Contracting Parties and the transfer of such payments to the territory of a Contracting Party to the Agreement, where the creditor resides shall be free from any restrictions. 

 

  

 

2.       The Contracting Parties shall refrain from any exchange or administrative restrictions on the grant, repayment or acceptance of short and medium term credits to trade in goods in which a resident participates. 

 

  

 

3.       Notwithstanding the provisions of paragraph 2, any measures concerning current payments connected with the movement of goods shall be in conformity with the conditions laid down under Article VIII of the Agreement of the International Monetary Fund.</article>
      <article number="ARTICLE 18" name="State Aid" article_identifier="10871">1.       Any financial contribution granted by a Contracting Party or through resources of that Contracting Party in any form whatsoever, which distorts or threatens to distort competition by favoring certain goods shall, in so far as it may affect trade between that Contracting Party and other Contracting Parties to the Agreement, be deemed incompatible with the proper functioning of the Agreement. 

 

  

 

2.       The provisions of paragraph 1 shall not apply to the agricultural products. 

 

  

 

3.       The criteria on the basis of which the practices contrary to paragraph 1 shall be assessed, as well as the rules for their implementation will be reflected in the Annex to the Agreement. 

 

  

 

4.       The Contracting Parties shall ensure transparency in the area of state aid, inter alia by reporting annually to the Cooperation Council on the total amount and the distribution of the aid given and by providing to the other Contracting Parties, upon request, information on aid schemes and on particular individual cases of state aid. 

 

  

 

5.          If a Contracting Party considers that a particular practice: 

 

  

 

a.   is incompatible with the terms of paragraph 1,  and is not adequately dealt with under the implementing rules referred to in paragraph 3; or 

 

  

 

b.   in the absence of such rules, and if such practice causes or threatens to cause serious prejudice to the interest of that Contracting Party or material injury to its domestic industry, 

 

  

 

          it may take appropriate measures under the conditions of and in accordance with the provisions laid down in Article 21.</article>
      <article number="ARTICLE 19" name="Protection Of Intellectual Property Rights" article_identifier="10872">1.       The Contracting Parties shall grant and ensure protection of intellectual property rights on a non-discriminatory basis, including measures for the grant and enforcement of such rights. 

 

  

 

2.       For the purpose of the Agreement, protection of “intellectual property rights” includes in particular protection of copyright, comprising computer programs and databases, and neighboring rights, archeological heritage, trademarks, geographical indications, industrial designs, patents, plant varieties as well as traditional knowledge, undisclosed information and know-how. 

 

  

 

3.       The protection shall be gradually improved and, before the end of the eighth year after the entry into force of the Agreement, of a level corresponding to the substantive standards of the multilateral agreements, which shall be reflected in Annexes to the Agreement. 

 

  

 

4.       The Contracting Parties shall co-operate in matters of intellectual property rights. They shall hold, upon request of any Contracting Party, expert consultations on these matters, in particular on activities relating to the existing or to future international conventions on harmonization, administration and enforcement of intellectual property and on activities in international organizations, such as WTO and WIPO, as well as relations of the Contracting Parties with third countries on matters concerning intellectual property.</article>
      <article number="ARTICLE 20" name="Dumping And Anti-Dumping Measures" article_identifier="10873">In order to counteract or prevent dumping and unfair trading practices, the Contracting Parties shall prepare, within one year after the entry into force of the Agreement, the anti-dumping rules to be followed in the application of anti-dumping measures. Such rules governing the anti-dumping measures shall be formulated and annexed to the Agreement.</article>
      <article number="ARTICLE 21" name="General Safeguard Measures" article_identifier="10874">1.       If any product, which is subject to concession with respect to a preference under this Agreement, is imported into the territory of a Contracting Party in such a manner or in such quantities as to cause or threaten to cause serious injury in the importing Contracting Party, the importing Contracting Party concerned may, with prior consultations, except in critical situations, suspend provisionally without discrimination, the concession accorded under the Agreement. When such action has taken place, the Contracting Party which initiates such action shall notify the other Contracting Party(s) concerned, inform the ECO Secretariat and shall enter into consultation with the concerned Contracting Party and endeavour to reach mutually acceptable agreement to remedy the situation. 

 

  

 

2.       In particular, where any products are being imported in such increased quantities and under such conditions as to cause or threaten to cause: 

 

  

 

a.     serious injury to domestic producers of like or directly  competitive products in the territory of the importing Contracting Party, or 

 

  

 

b.     serious disturbances in any related sector of the economy or difficulties, which could bring about serious deterioration in the economic situation  of a region, the Contracting Party concerned may take appropriate measures under the conditions and in accordance with the procedure laid down in Article 24.  Such measures should: 

 

  

 

i.   be consistent with the objectives of the Agreement; 

 

ii.  be applied non-discriminately to imports from all Contracting Parties; and 

 

iii. be applied only for such duration and to such extent as may be necessary for the  prevention of the injury. 

 

  

 

3.       Before initiating the procedure for the application of safeguard measures set out in the following paragraph of the present Article, the Contracting Parties shall endeavor to solve any differences among them through direct consultations. Any Contracting Party intending to apply safeguard measures shall notify the other Contracting Parties through the ECO Secretariat within a maximum period of 30 days. 

 

  

 

4.       Safeguard measures will be applied in consultation with the other Contracting Parties, except in critical situations where a Contracting Party may introduce provisional measures without prior consultation, provided that it enters into consultation promptly after the application of such measures. 

 

  

 

5.       The Contracting Parties shall enter into consultation to reach an agreement on the nature and extent of safeguard measures within 90 days after the receipt of the initial notification. If no agreement is reached within this period, the matter shall be referred to the dispute settlement authority provided for in Article 27 below. If the aforesaid authority fails to settle the case within four weeks from the date of reference, the affected Contracting Parties shall have the right to withdraw the equivalent concessions or other commitments. 

 

  

 

6.       The safeguard measures taken shall be notified immediately to the other Contracting Party and to the Cooperation Council. They shall be restricted with regard to their extent and to their duration to what is strictly necessary in order to rectify the situation giving rise to their application and shall not be in excess of the injury caused by the practice or the difficulty in question.  Priority shall be given to such measures as will least disturb the functioning of the Agreement. The measures taken by a Contracting Party against an action or an omission of another Contracting Party may only affect the trade with that Contracting Party. 

 

  

 

7.       The safeguard measures taken shall be subject to periodic consultations within the Cooperation Council with a view to their relaxation as soon as possible or abolition when conditions no longer justify their maintenance.</article>
      <article number="ARTICLE 22" name="Re-Export And Serious Shortages" article_identifier="10875">Where compliance with the provisions of Articles 8 and 9 of the Agreement leads to: 

 

  

 

a.   re-export towards a third country against which the exporting Contracting Party maintains for the product concerned quantitative export restrictions, export duties or measures or charges having equivalent effect, or 

 

  

 

b.   a serious shortage,  or threat thereof,  of a product essential to the exporting Contracting Party; and 

 

  

 

c.   where the situations referred to above give rise or are likely to give rise to major difficulties for the exporting Contracting Party. That Contracting Party may take appropriate measures under the conditions and in accordance with the procedures laid down in Article 24.</article>
      <article number="ARTICLE 23" name="Fulfillment Of Obligations" article_identifier="10876">1.       The Contracting Parties shall take all necessary measures required to ensure the achievement of the objectives of the Agreement and the fulfillment of their obligations under the Agreement. 

 

  

 

2.       If a Contracting Party considers that the other Contracting Party has failed to fulfill an obligation under the Agreement, the Contracting Party concerned may take appropriate measures under the conditions in accordance with the procedure laid down in Article 24, or may take the issue to the Cooperation Council.</article>
      <article number="ARTICLE 24" name="Procedure For The Application Of Other Measures" article_identifier="10877">1.       For action under Article 17, the Contracting Parties concerned shall give the Cooperation Council all assistance required in order to examine the case and, where appropriate, eliminate the practice objected to.   If the Contracting Party in question fails to put an end to the practice objected to within the period fixed by the Cooperation Council, or if the Cooperation Council fails to reach an agreement within thirty working days of the matter being referred to it, the Contracting Party concerned may adopt the appropriate measures to deal with the difficulties resulting from the practice in question. 

 

  

 

2.       As regards Articles 20 and 22, the Cooperation Council shall examine the case or the situation and may take the decision needed to put an end to the difficulties notified by the Contracting Party concerned.  In the absence of such decision within thirty days of the matter being referred to the Cooperation Council, the Contracting Party concerned may adopt the measures necessary in order to remedy the situation. 

 

  

 

3.       As regards Article 23, the Contracting Party concerned may take appropriate measures after the consultations have been concluded or a period of 90 days has elapsed from the date of notification.</article>
      <article number="ARTICLE 25" name="Balance Of Payments Difficulties" article_identifier="10878">1.       The Contracting Parties shall endeavor to the extent possible to avoid the imposition of restrictive measures including measures relating to imports for balance of payments purposes. 

 

  

 

2.       Where a Contracting Party is in serious balance of payments difficulties, or under imminent threat thereof, that Contracting Party may, based on agreed provisions approved by the Cooperation Council, adopt restrictive measures, including measures related to imports, which shall be of limited duration and may not go beyond what is necessary to remedy the balance of payments situation.  The measures shall be progressively relaxed as balance of payments conditions improve and they shall be eliminated when conditions no longer justify their maintenance.  The Contracting Party shall inform the other Contracting Party forthwith of their introduction and, whenever practicable, of time schedule for their removal. 

 

  

 

3.       Such measures shall be promptly notified to the authority responsible for surveillance over the implementation of the Agreement. 

 

  

4.       The Contracting Parties shall make every effort to create favourable conditions for holding consultation aimed at maintaining the concessions granted under the provisions of the Agreement. 

 

  

 

5.       Any Contracting Party which takes action in accordance with paragraph 2 of this Article shall afford, upon request from any other Contracting Party, adequate opportunities for consultations with a view to preserving the stability of the concessions negotiated under the Agreement. If no satisfactory adjustment is effected among the Contracting Parties concerned within 90 days of such notification, the matter may be referred to the Cooperation Council for review.</article>
      <article number="ARTICLE 26" name="Evolutionary Clause" article_identifier="10879">1.       Where a Contracting Party considers that it will be useful in the interest of the economies of the Contracting Parties to develop and deepen the relations established by the Agreement by extending them to fields not covered thereby, it shall submit a reasoned request to the other Contracting Parties. The Contracting Parties may require the Cooperation Council to examine such a request and, where appropriate, to make recommendations, particularly with a view to opening negotiations. 

 

  

 

2.       The Contracting Parties agree to consult promptly through appropriate channels at the request of a Contracting Party to discuss any matter concerning the interpretation and application of the Agreement and other relevant aspects of the relation among the Contracting Parties. 

 

  

 

3.       Agreements resulting from the procedure referred to in paragraph 1 shall be subject to ratification or approval by the Contracting Parties in accordance with their own procedures. 

 

  

 

4.       The decisions under this clause shall be affected by a consensus vote of all the Contracting Parties.</article>
      <article number="ARTICLE 27" name="Dispute Settlement" article_identifier="10880">1.       Any dispute arising from the interpretation and or application of the Agreement shall first be settled amicably through bilateral consultation within 90 days. 

 

  

 

2.       In case the dispute is not settled amicably, any Contracting Party may refer to the Cooperation Council. 

 

  

 

3.       The Cooperation Council shall act as the dispute settlement body and may seek the assistance of legal and trade experts. 

 

  

 

4.       The Contracting Parties shall give the Cooperation Council all assistance required to examine and resolve the case. 

 

  

 

5.       The Cooperation Council shall settle the dispute by means of decision and the Contracting Parties concerned shall be bound to take the measures involved in carrying out the decisions of the Cooperation Council. If any Contracting Party fails to implement the decisions of the Cooperation Council, the other concerned Contracting Parties shall have the right to adopt measures necessary in order to remedy the situation.</article>
      <article number="ARTICLE 28" name="Depository" article_identifier="10881">The Secretary General of the ECO shall be the depository of the Agreement. The ECO Secretariat shall notify all Member States that have signed the Agreement of the deposit of any instrument of ratification, acceptance, or approval, the entry into force of the Agreement, any other act or notification relating to the Agreement or of its validity.</article>
      <article number="ARTICLE 29" name="The Cooperation Council" article_identifier="10882">1.       The Contracting Parties agree to set up the Cooperation Council comprising representatives of the Contracting Parties, preferably at senior civil servants level with relevant expertise. 

 

  

 

2.       For the purpose of the proper implementation of the Agreement, the Contracting Parties shall exchange information and, at the request of any Contracting Party, shall hold consultations within the Cooperation Council.  The Cooperation Council shall keep under review the possibility of further removal of the obstacles to trade among the Contracting Parties. 

 

  

 

3.       The Cooperation Council may take decisions in the cases provided for in the Agreement. On other matters the Cooperation Council may make recommendations.</article>
      <article number="ARTICLE 30" name="Procedures Of The Cooperation Council" article_identifier="10883">1.       The ECO Secretariat shall act as the Secretariat of the Cooperation Council and its allied bodies. 

 

  

 

2.       For the proper implementation of the Agreement the Cooperation Council shall meet whenever necessary but at least twice a year.  Any Contracting Party may request for holding an extraordinary meeting as and when required. 

 

  

 

3.       Each member of the Cooperation Council shall have one vote. 

 

  

 

4.       Decisions and recommendations of the Cooperation Council shall be made by consensus where possible. In case the consensus is not reached the Cooperation Council shall decide by a two-third majority of the total votes. 

 

  

 

5.       If a representative in the Cooperation Council of a Contracting Party to the Agreement has accepted a decision subject to the fulfillment of constitutional requirements, the decision shall enter into force if no later date is contained therein, on the day the lifting of the reservation is notified. 

 

  

 

6.       For the purpose of the Agreement the Cooperation Council shall adopt its rules of procedure which shall, inter alia, contain provisions for convening meetings and for the designation of the Chairman and his term of office. 

 

  

 

7.       The office of the Chairman of the Cooperation Council shall be held by rotation for one year by a representative of a Contracting Party in an alphabetical order.</article>
      <article number="ARTICLE 31" name="Implementation Support Bodies" article_identifier="10884">1.       The Cooperation Council shall coordinate, liaison, monitor, administer and supervise the operation and implementation of the Agreement; and in particular, the compliance of the Contracting Parties with their obligation thereunder. 

 

  

 

2.       In order to accomplish its tasks, the Cooperation Council may decide to set up such bodies, committees or groups as it may consider necessary, with reference to dispute settlement, surveillance, and any other matter pertaining to the effective implementation of the Agreement.</article>
      <article number="ARTICLE 32" name="Cooperation With International And Regional Organizations And Groupings" article_identifier="10885">1.       In order to promote ECO trade, the Contracting Parties agree to make whatever arrangements are appropriate for cooperation with the United Nations and its specialized agencies, and other international and regional trade and economic organizations and groupings. 

 

  

 

2.       The Contracting Parties shall reserve the right to identify the regime of external economic relations with the States, not participating therein, independently.</article>
      <article number="ARTICLE 33" name="Trade Relations Governed By This And Other Agreements" article_identifier="10886">1.       The Agreement shall not prevent the maintenance or establishment of customs unions, free trade areas or arrangements for frontier trade to the extent that these do not negatively affect the ECO trade regime and in particular the provisions concerning Rules of Origin provided for by the Agreement. 

 

  

 

2.       Notwithstanding the measures as set out in Article 4, the provisions of the Agreement shall not apply in relation to trade preferential arrangements under which preferences already granted or to be granted by any Contracting Party to other Contracting Parties outside the framework of the Agreement, and to third countries through bilateral, plurilateral and multilateral trade arrangements, and similar arrangements. The Contracting Parties shall not be obliged to grant preferences in the Agreement which impair the concession extended under those agreements. 

 

  

 

3.       The Contracting Parties shall abstain from actions which contradict the Agreement's provisions and hinder the objectives outlined in Article 2. This provision shall refer, in particular, to the conditions of participation of the Contracting Parties in other regional economic groupings and other matters related to the regulation of relations thereunder.</article>
      <article number="ARTICLE 34" name="Withdrawal And Validity" article_identifier="10887">1.       A Contracting Party may withdraw from the Agreement at any time after its entry into force. Such withdrawal shall be effective after six months from the day on which written notice thereof is received by the ECO Secretariat, the depository of the Agreement. Upon receiving such notification ECO Secretariat  shall inform other Contracting Parties accordingly. 

 

  

 

2.       The rights and obligations of a Contracting Party, which has withdrawn from the Agreement, shall cease to apply as of that effective date. 

 

  

 

3.       Following the withdrawal by any Contracting Party, the Cooperation Council shall meet within 30 days to consider action subsequent to withdrawal. 

 

  

 

4.       Each Contracting Party shall at any time be free to withhold or to withdraw in whole or in part any item in its schedule of concessions in respect of which it determines that it was initially negotiated with a Contracting Party, which has ceased to be a Contracting Party in the Agreement. A Contracting Party taking such action shall notify the Cooperation Council and upon request consult with Contracting Parties that have a substantial interest in the product concerned. 

 

  

 

5.       If a Contracting Party withdraws, the agreement shall remain in force for the other Contracting Parties.</article>
      <article number="ARTICLE 35" name="Annexes And Protocols" article_identifier="10888">The Annexes and Protocols to the Agreement are integral parts of it and references to the Agreement also constitute references to its annexes.</article>
      <article number="ARTICLE 36" name="Territorial Application" article_identifier="10889">The Agreement shall apply to the territories of the Contracting Parties to the Agreement as defined in their national laws.</article>
      <article number="ARTICLE 37" name="Reservations" article_identifier="10890">The Agreement may not be signed with reservations nor shall reservations be admitted at the time of notification to the ECO Secretariat after the completion of formalities.</article>
      <article number="ARTICLE 38" name="Amendments" article_identifier="10891">The Agreement may be modified or amended through mutual agreement. Amendments shall enter into force in accordance with the procedure laid down in Article 39 of the Agreement.</article>
      <article number="ARTICLE 39" name="Entry Into Force" article_identifier="10892">1.       The Agreement shall enter into force on the thirtieth day after the date of receipt by the depository of the instrument of ratification, acceptance, or approval by five governments of the Contracting Parties. 

 

  

 

2.       If the Agreement has not entered into force in accordance with the provision of paragraph 1, representatives of the Parties having deposited their instruments of ratification shall meet within one year and may decide when the Agreement shall enter into force in relation to those Contracting Parties. 

 

  

 

        The Agreement comprising 39 Articles and related Annexes is concluded for an initial period of ten years.  The Agreement shall be automatically renewed year by year provided that no Party gives the other Parties written notice of denunciation of the Agreement six months before it expires.</article>
    </chapter>
    <chapter name="Conclusion" chapter_identifier="1325">
      <article article_identifier="10893">IN WITNESS WHEREOF the Ministers/Heads of delegation being duly authorized thereto, have signed the present Agreement. 

 

  

 

        Done at Islamabad on July 17th, 2003  in two authentic copies in English and Russian language which shall be deposited with the Secretary General of the ECO Secretariat.  In case of discrepancy between the English and Russian texts, the English text shall prevail. The depositary shall transmit certified copies to all Contracting Parties. 

 

  

 

For the Transitional Islamic State of Afghanistan 

 

For the Republic of Azerbaijan 

 

For the Islamic Republic of Iran 

 

For the Republic of Kazakhstan 

 

For the Kyrgyz Republic 

 

For the Islamic Republic of Pakistan 

 

For the Republic of Tajikistan 

 

For the Republic of Turkey 

 

For Turkmenistan 

 

For the Republic of Uzbekistan 

 

[1] : Such as Commercial Benefit Tax in IR of Iran 

 

             

 

[Home] - [Back]</article>
    </chapter>
  </body>
</treaty>
