<?xml version="1.0" encoding="UTF-8"?>
<treaty>
  <meta>
    <name>Slovenia - Estonia</name>
    <type>Free Trade Agreement</type>
    <wto_rta_id>355</wto_rta_id>
    <treaty_identifier>305</treaty_identifier>
    <status>Inactive</status>
    <notification>GATT Art. XXIV</notification>
    <date_signed>1996-11-26</date_signed>
    <date_into_force>1997-01-01</date_into_force>
    <date_notification>1997-02-20</date_notification>
    <end_implementation/>
    <date_inactive>2004-05-01</date_inactive>
    <parties_original>
      <partyisocode n="1">EST</partyisocode>
      <partyisocode n="2">SVN</partyisocode>
    </parties_original>
    <parties>
      <partyisocode n="1"/>
    </parties>
    <composition>Bilateral</composition>
    <region>Europe</region>
    <parties_wto>Yes</parties_wto>
    <crossregional>No</crossregional>
    <language>en</language>
    <source lang="en" type="full text">http://docsonline.wto.org/imrd/gen_redirectsearchdirect.asp?RN=0&amp;searchtype=browse&amp;query=@meta_Symbol"WT/REG37/1"&amp;language=1&amp;ct=DDFEnglish</source>
    <source lang="es" type="full text">http://docsonline.wto.org/imrd/gen_redirectsearchdirect.asp?RN=0&amp;searchtype=browse&amp;query=@meta_Symbol"WT/REG37/1"&amp;language=3&amp;ct=DDFSpanish</source>
    <source lang="fr" type="full text">http://docsonline.wto.org/imrd/gen_redirectsearchdirect.asp?RN=0&amp;searchtype=browse&amp;query=@meta_Symbol"WT/REG37/1"&amp;language=2&amp;ct=DDFFrench</source>
  </meta>
  <body>
    <chapter name="Preamble" chapter_identifier="2655">
      <article number="ARTICLE 1" name="Objectives" article_identifier="22121">1. The Parties shall gradually establish a free-trade area on substantially all their bilateral trade in accordance with the provisions of this Agreement and in conformity with Article XXIV of the General Agreement on Tariffs and Trade 1994 and with the Understanding on the Interpretation of Article XXIV of the Agreement Establishing the World Trade Organization, 


2. 	The objectives of the Agreement are: 


(a) 	to promote through the expansion of mutual trade the harmonious development of the economic relations between the Parties and thus to foster the advance of economic activity in the Parties, the improvement of living and employment conditions, and increased productivity and financial stability, 


(b) 	to provide fair conditions and competition for trade between the Parties, 


(c) 	to contribute in this way, by the removal of barriers to trade, to the harmonious development and expansion of world trade.</article>
    </chapter>
    <chapter number="CHAPTER I" name="Industrial Products" chapter_identifier="2656">
      <article number="ARTICLE 2" name="Scope" article_identifier="22122">The provisions of this Chapter shall apply to industrial products originating in the Parties. The term "industrial products" means for the purpose of this Agreement the products falling within Chapters 25 to 97 of the Harmonized Commodity Description and Coding System.</article>
      <article number="ARTICLE 3" name="Customs Duties On Imports And Charges Having Equivalent Effect" article_identifier="22123">1. No new customs duties on imports or charges having equivalent effect shall be introduced in trade between the Parties. 


2. The Parties shall abolish between them on the date of entry into force of this Agreement all customs duties on imports and all charges having equivalent effect.</article>
      <article number="ARTICLE 5" name="Fiscal Duties" article_identifier="22124">The provisions of Article 3 shall also apply to customs duties of a fiscal nature.</article>
      <article number="ARTICLE 5" name="Customs Duties On Exports And Charges Having Equivalent Effect" article_identifier="22125">1. No new customs duties on exports or charges having equivalent effect shall be introduced in trade between the Parties. 


2. The Parties shall abolish between them on the date of entry into force of this Agreement all customs duties on exports and all charges having equivalent effect.</article>
      <article number="ARTICLE 6" name="Quantitative Restrictions On Imports And Measures Having Equivalent Effect" article_identifier="22126">1. No new quantitative restrictions on imports or measures having equivalent effect shall be introduced in trade between the Parties. All quantitative restrictions and measures having equivalent effect on imports of products originating in the Parties shall be abolished on the date of entry into force of this Agreement.</article>
      <article number="ARTICLE 7" name="Quantitative Restrictions On Exports And Measures Having Equivalent Effect" article_identifier="22127">1. No new quantitative restrictions on exports or measures having equivalent effect shall be introduced in trade between the Parties. 


2. All quantitative restrictions and measures having equivalent effect on exports of products originating in the Parties shall be abolished on the date of entry into force of this Agreement.</article>
      <article number="ARTICLE 8" name="Information Procedure On Draft Technical Regulations" article_identifier="22128">1. ThePartiesshallco-operateandexchangeinformationinthefieldofstandardization,metrology, conformity assessment and accreditation with the aim of reducing technical barriers to trade. 


2. To eliminate technical barriers and effectively implement this Agreement, the Parties can on the basis of this Article conclude an arrangement for mutual recognition of test reports, certificates of conformity and other documents directly or indirectly related to conformity assessment of products 

which are the subject of the goods exchange between the Parties on the basis of regulation in force in the importing state. 

3. Aspecificationofconditionsandmethodsforconformityassessmentshallbepreparedinmutual agreement by the competent national authorities for the carrying out of procedures of conformity assessment on the basis of the regulations in force in the exporting state. 


4. The Parties commit themselves to notify the technical regulations in accordance with the provisions of the WTO Agreement on Technical Barriers to Trade.</article>
    </chapter>
    <chapter number="CHAPTER II" name="Agricultural Products" chapter_identifier="2657">
      <article number="ARTICLE 9" name="Scope" article_identifier="22129">The provisions of this Chapter shall apply to agricultural products originating in the Parties. The term "agricultural products" means for the purpose of this Agreement the products falling within Chapters 1 to 24 of the Harmonized Commodity Description and Coding System.</article>
      <article number="ARTICLE 10" name="Customs Duties On Imports And Charges Having Equivalent Effect" article_identifier="22130">1. No new customs duties on imports or charges having equivalent effect shall be introduced in trade between the Parties. 


2. Customs duties on imports shall be applied in accordance with the provisions of Protocol 1 to this Agreement. 


3. The Parties shall abolish between them on the date of entry into force of this Agreement all charges having equivalent effect to customs duties on imports.</article>
      <article number="ARTICLE 11" name="Fiscal Duties" article_identifier="22131">The provisions of Article 10 shall also apply to customs duties of a fiscal nature.</article>
      <article number="ARTICLE 12" name="Basic Duties" article_identifier="22132">1. For each product the basic duty to which the successive reductions set out in this Agreement are to be applied shall be the most-favoured-nation rate of duty in force on 1 July 1996. 


2. If, after entry into force of this Agreement, any tariff reduction is applied on an erga omnes basis, such reduced duties shall replace the basic duties referred to in paragraph 1 as from that date when such reductions are applied. 


3. The reduced duties calculated in accordance with paragraph 2 shall be applied rounded to the first decimal place. 


4. The Parties shall communicate to each other their respective national basic rates of duties in accordance with the provisions of paragraph 2.</article>
      <article number="ARTICLE 13" name="Customs Duties On Exports And Charges Having Equivalent Effect" article_identifier="22133">1. No new customs duties on exports or charges having equivalent effect shall be introduced in trade between the Parties. 


2. The Parties shall abolish between them on the date of entry into force of this Agreement all customs duties on exports and all charges having equivalent effect.</article>
      <article number="ARTICLE 14" name="Quantitative Restrictions On Imports And Measures Having Equivalent Effect" article_identifier="22134">1. No new quantitative restrictions on imports or measures having equivalent effect shall be introduced in trade between the Parties. 


2. All quantitative restrictions and measures having equivalent effect on imports of products originating in the Parties shall be abolished on the date of entry into force of this Agreement.</article>
      <article number="ARTICLE 15" name="Concessions And Agricultural Policies" article_identifier="22135">1. Without prejudice to the concessions granted under Protocol 1 to this Agreement, the provisions of this Chapter shall not restrict in any way the pursuance of the respective agricultural policies of the Parties or the taking of any measures under such policies, including the implementation of the respective provisions of the Agreement on Agriculture within the framework of the World Trade Organization. 


2. The Parties shall notify each other of changes in their respective agricultural policies pursued or measures applied which may affect the conditions of agricultural trade between them as provided for in this Agreement. Prompt consultations shall be held, upon request of any Party, to examine the situation. 


3. Taking into account the Estonian customs tariff structure on the date of entry into force of this Agreement, where no customs duties are applied for agricultural products, in the event that a new tariff regime for the imports of agricultural products is established, the Republic of Estonia may, by way of derogation from the provisions of Article 10 of this Agreement and pursuant to the implementation of its agricultural policy, introduce customs duties on imports on a limited number of agricultural products originating in the Republic of Slovenia. 


4. Customs duties on imports may be introduced by the Republic of Estonia during the first two years following the entry into force of this Agreement and after consultations in the Joint Committee. If necessary, the period of two years may be prolonged by one year by the decision of the Joint Committee. These measures shall be applied for a period not exceeding three years. 


5. In all such cases, the Republic of Estonia shall ensure a sizeable margin of preference for products originating in the Republic of Slovenia granting them treatment not less favourable, than granted by the Republic of Slovenia to the products originating in the Republic of Estonia.</article>
      <article number="ARTICLE 16" name="Special Safeguard" article_identifier="22136">Notwithstanding other provisions of the Agreement and, in particular, Article 29, if, given the particular sensitivity of the agricultural markets, imports of products originating in a Party, which are subject to concessions granted under this Agreement, cause serious disturbance to the markets of the other Party, the Party concerned shall enter into consultations immediately to find the appropriate solution. Pending such solution, the Party concerned may take the measures it deems necessary.</article>
      <article number="ARTICLE 17" name="Veterinary, Health And Phytosanitary Measures" article_identifier="22137">1. Measures concerning veterinary and phytosanitary control will be harmonized with the European Union legislation and between the Parties. 


2. The veterino-sanitary measures and the work of the veterinary services will be in accordance with the Office International des Epizoodies Codex and other international conventions in this field. 


3. The phytosanitary measures and the work of the plant protection service will be in accordance with the International Plant Protection Convention and other international conventions in this field. 


4. The Parties shall apply their regulations in sanitary and phytosanitary matters in non-discriminatory fashion and shall not introduce any new measures that have the effect of unduly obstructing trade</article>
    </chapter>
    <chapter number="CHAPTER III" name="General Provisions" chapter_identifier="2658">
      <article number="ARTICLE 18" name="Rules Of Origin And Co-Operation In Customs Administration" article_identifier="22138">1. Protocol 2 to this Agreement lays down the rules of origin and related methods of administrative co-operation. 


2. The Parties shall take appropriate measures, including regular reviews by the Joint Committee and arrangements for administrative co-operation, to ensure that the provisions of Protocol 2 to this Agreement and Articles 3 to 7, 10 to 14, 19 and 30 of this Agreement are effectively and harmoniously applied, and to reduce, as far as possible, the formalities imposed on trade, and to achieve mutually satisfactory solutions to any difficulties arising from the operation of those provisions. 


3. The mutual assistance between administrative authorities in customs matters shall take place in accordance with the provisions of Protocol 3 to this Agreement.</article>
      <article number="ARTICLE 19" name="Internal Taxation" article_identifier="22139">1. The Parties shall refrain from any measure or practice to an internal fiscal nature establishing, whether directly or indirectly, discrimination between the products originating in the Parties. 


2. Products exported to the territory of one of the Parties may not benefit from repayment of internal taxation in excess of the amount of direct or indirect taxation imposed on them.</article>
      <article number="ARTICLE 20" name="General Exceptions" article_identifier="22140">This Agreement shall not preclude prohibitions or restrictions on imports, exports or goods in transit justified on the grounds of public morality, public policy or public security; the protection of human, animal or plant life or health; the protection of national treasures possessing artistic, historic or archaeological value; the protection of intellectual property or rules relating to gold or silver or to the conservation of exhaustible natural resources if such measures are made effective in conjunction with restrictions on domestic production or consumption. Such prohibitions or restrictions shall not, however, constitute a means of arbitrary discrimination or a disguised restriction on trade between the Parties.</article>
      <article number="ARTICLE 21" name="Security Exceptions" article_identifier="22141">Nothing in this Agreement shall prevent a Party from taking any appropriate measure which it considers necessary: 


(a) 	to prevent the disclosure of information contrary to its essential security interests; 


(b) 	for the protection of its essential security interests or for the implementation of international obligations or national policies; 


(i) 	relating to the traffic in arms, ammunition and implements of war, provided that such measures do not impair the conditions of competition in respect of products not intended for specifically military purposes, and to such traffic in other goods, materials and services as is carried on directly or indirectly for the purpose of supplying a military establishment; or 


(ii) 	relating to a non-proliferation of biological and chemical weapons, nuclear weapons or other nuclear explosive devices; or 
(iii) 	taken in time of war or other serious international tension.</article>
      <article number="ARTICLE 22" name="State Monopolies" article_identifier="22142">1. The Parties shall adjust progressively and State monopoly of commercial character so as to ensure that by 1 January 2001 no discrimination regarding the conditions under which goods are procured 

and marketed exist between nationals of the Parties. The Parties shall inform each other about the measures adopted to implement this objective. 

2. The provisions of this Article shall apply to any body through which the competent authorities of the Parties, in law or in fact, either directly or indirectly, supervise, determine or appreciably influence imports or exports between the Parties. These provisions shall likewise apply to monopolies delegated by a Party to other bodies.</article>
      <article number="ARTICLE 23" name="Payments" article_identifier="22143">1. Payments in freely convertible currencies relating to trade in goods between the Parties and the transfer of such payments to the territory of the Party to this Agreement, where the creditor resides, shall be free from any restrictions. 


2. The Parties shall refrain from any exchange or administrative restrictions on the grant, repayment or acceptance of short-and medium-term credits related to trade in goods in which a resident of a Party participates. 


3. Notwithstanding the provisions of paragraph 2, any measures concerning current payments connected with the movement of goods shall be in conformity with the conditions laid down under Article VIII of the Articles of the Agreement of the International Monetary Fund.</article>
      <article number="ARTICLE 24" name="Rules Of Competition Concerning Undertakings" article_identifier="22144">1. The following are incompatible with the proper functioning of this Agreement in so far as they may affect trade between the Parties: 


(a) 	all agreements between undertakings, decisions by associations of undertakings and concerted practices between undertakings which have as their object or effect the prevention, restriction or distortion of competition; 


(b) 	abuse by one or more undertakings of a dominant position in the territories of the Parties as a whole or in substantial part thereof. 

2. The provisions of paragraph 1 of this Article shall apply to the activities of all undertakings including public undertakings and undertakings to which the Parties grant special or exclusive rights. Undertakings entrusted with the operation of services of general economic interest or having the character of a revenue-producing monopoly, shall be subject to provisions of paragraph 1 in so far as the application of these provisions does not obstruct the performance, in law or in fact, of the particular public tasks assigned to them. 


3. With regard to products referred to in Chapter II the provisions stipulated in paragraph 1(a) of this Article shall not apply to such agreements, decisions and practices which form an integral part of a national market organization. 


4. If a Party considers that a given practice is incompatible with paragraphs 1, 2 and 3 of this Article and if such practice causes or threatens to cause serious prejudice to the interest of that Party 
or material injury to its domestic industry, it may take appropriate measures under the conditions and in accordance with the procedure laid down in Article 33.</article>
      <article number="ARTICLE 25" name="State Aid" article_identifier="22145">1. Any aid granted by a State being a Party to this Agreement or through state resources in any form whatever, which distorts or threatens to distort competition by favouring certain undertakings or the production of certain goods shall, in so far as it may affect trade between the Parties, be incompatible with the proper functioning of this Agreement. 


2. The provisions of paragraph 1 of this Article shall not apply to products referred to in Chapter II. 


3. The Joint Committee shall, within three years from entry into force of this Agreement adopt the criteria on the basis of which the practices contrary to paragraph 1 of this Article shall be assessed, as well as the rules of their implementation. 


4. The Parties shall ensure transparency in the area of state aid, inter alia, by reporting annually to the Joint Committee on the total amount and the distribution of the aid given and by providing to the other Party, upon request, information on aid schemes and in particular individual cases of state aid. 


5. If a Party considers that a particular practice: 
-is incompatible with the terms of paragraph 1, and is not adequately dealt with under the implementing rules referred to in paragraph 3, or 

-in the absence of such rules referred to in paragraph 3 causes or threatens to cause serious prejudice to the interest of that Party or material injury to its domestic industry, 

it may take appropriate measures under the conditions of and in accordance with the provisions of Article 33. Such appropriate measures may only be taken in conformity with the procedures and under the conditions laid down by the General Agreement on Tariffs and Trade 1994 and by the Agreement Establishing the World Trade Organization and any other relevant instruments negotiated under their auspices which are applicable between the Parties concerned.</article>
      <article number="ARTICLE 26" name="Public Procurement" article_identifier="22146">1. The Parties consider the liberalization of their respective public procurement markets as an objective of this Agreement. 


2. The Parties shall progressively develop their respective regulations for public procurement with a view to grant suppliers of the other Party, on 1 January 1999 at the latest, access to contract award procedures on their respective public procurement markets according to the provisions of the Agreement on Government Procurement in Annex IV to the Agreement Establishing the World Trade Organization. 


3. The Joint Committee shall examine developments related to the achievement of the objectives of this Article and may recommend practical modalities of implementing the provisions of paragraph 2 so as to ensure free access, transparency and full balance of rights and obligations. 


4. Duringtheexaminationreferredtoinparagraph3,theJointCommitteemayconsider,especially in the light of international developments and regulations in this area, the possibility of extending the coverage and/or the degree of the market opening provided for in paragraph 2. 


5. The Parties shall endeavour to accede to the relevant Agreements negotiated under the auspices of the General Agreement on Tariffs and Trade 1994 and the Agreement Establishing the World Trade Organization.</article>
      <article number="ARTICLE 27" name="Protection Of Intellectual Property" article_identifier="22147">1. The Parties shall grant and ensure the protection of intellectual property rights on a non-discriminatory basis, including measures for granting the enforcing such rights. The protection shall be gradually improved on a level corresponding to the substantive standards of the multilateral agreements which are specified in Annex I by 1 January 1999 at the latest. 


2. For the purposes of this Agreement "intellectual property protection" includes, in particular, protection of copyright, comprising computer programs and databases, and neighbouring rights, trademarks for goods and services, geographical indications including appellation of origin, industrial designs, patents, topographies of integrated circuits, as well as undisclosed information. 


3. The Parties shall co-operate in matters of intellectual property. They shall hold, upon request of any Party, expert consultations on these matters, in particular, on activities relating to the existing or to future international conventions on harmonization, administration and enforcement of intellectual property and on activities in international organizations, such as the World Trade Organization and the World Intellectual Property Organization, as well as relations of the Parties with any third country on matters concerning intellectual property. 


4. The Parties may conclude further agreements exceeding the requirements of this Agreement which are not contrary to the TRIPS Agreement.</article>
      <article number="ARTICLE 28" name="Dumping" article_identifier="22148">If a Party finds that dumping within the meaning of Article VI of the General Agreement on Tariffs and Trade 1994 is taking place in trade relations governed by this Agreement, it may take appropriate measures against that practice in accordance with Article VI of the General Agreement on Tariffs and Trade 1994 and the Agreement on Implementation of Article VI of the General Agreement on Tariffs and Trade 1994 under the conditions and in accordance with the procedure laid down in Article 33.</article>
      <article number="ARTICLE 29" name="General Safeguards" article_identifier="22149">Where any product is being imported in such increased quantities and under such conditions as to cause or threaten to cause: 


(a) 	serious injury to domestic producers of like or directly competitive products in the territory of the importing Party, or 


(b) 	serious disturbances in any related sector of the economy or difficulties which could bring about serious deterioration in the economic situation of a region, 
the Party concerned may take appropriate measures under the conditions and in accordance with the procedure laid down in Article 33.</article>
      <article number="ARTICLE 30" name="Structural Adjustment" article_identifier="22150">1. Exceptional measures of limited duration which derogate from the provisions of Article 3 may be taken by any of the Parties in the form of increased customs duties. 


2. These measures may only concern infant industries, or certain sectors undergoing restructuring or facing serious difficulties, particularly where these difficulties produce important social problems. 


3. Customs duties on imports applicable in the Party concerned to products originating in the other Party introduced by these measures may not exceed 25 per cent ad valorem and shall maintain an element of preference for products originating in the other Party. The total value of imports of the products which are subject to these measures may not exceed 15 per cent of total imports of industrial products from the other Party as defined in Chapter I during the last year for which statistics are available. 


4. These measures shall be applied for a period not exceeding three years, unless longer duration is authorized by the Joint Committee. They shall cease to apply on 1 January 2001 at the latest. 


5. No such measures can be introduced in respect of a product if more than two years have elapsed since the entry into force of this Agreement or elimination of all customs duties and quantitative restrictions or charges or measures having an equivalent effect concerning that product. 


6. The Party concerned shall inform the other Party of any exceptional measures it intends to take and, upon request of the other Party, consultations shall be held within the Joint Committee on such measures and the sectors to which they apply prior to their introduction. When taking such measures the Party concerned shall provide the Joint Committee with a schedule for the elimination of the customs duties introduced under this Article. This schedule shall provide for a phasing out of these customs duties starting at the latest one year after their introduction, at equal annual rates. The Joint Committee may decide on a different schedule.</article>
      <article number="ARTICLE 31" name="Re-Export And Serious Shortage" article_identifier="22151">Where compliance with the provisions of Articles 5 and 7 leads to: 


(a) 	re-export towards a third country against which the exporting Party maintains for the product concerned quantitative export restrictions, exportduties or measures orcharges having equivalent effect; or 


(b) 	a serious shortage, or threat thereof, of a product essential to the exporting Party; 
and where the situations referred to above give rise or are likely to give rise to major difficulties for the exporting Party, that Party may take appropriate measures under the conditions and in accordance with the procedure laid down in Article 33.</article>
      <article number="ARTICLE 32" name="Fulfilment Of Obligations" article_identifier="22152">1. The Parties shall take any general or specific measures required to fulfil their obligations under this Agreement. They shall see to it that the objectives set out in this Agreement are attained. 


2. If a Party considers that the other Party has failed to fulfil an obligation under this Agreement, the Party concerned may take appropriate measures under the conditions and in accordance with the procedure laid down in Article 33.</article>
      <article number="ARTICLE 33" name="Procedure For The Application Of Safeguard Measures" article_identifier="22153">1. Before initiating the procedure for the application of safeguard measures set out in the following paragraphs of this Article, the Parties shall endeavour to solve any differences between them through direct consultations. 


2. In the event of a Party subjecting imports of products liable to give rise to the situation referred to in Article 29 to an administrative procedure having as its purpose the rapid provision of information on the trend of trade flows, it shall inform the other Party. 


3. Without prejudice to paragraph 7 of this Article, a Party which considers resorting to safeguard measures shall promptly notify the other Party thereof and supply all relevant information. Consultations between the Parties shall take place without delay in the Joint Committee with a view to finding a solution. 


4. 	(a) With regard to Articles 28, 29 and 31, the Joint Committee shall examine the case or the situation and may take any decision needed to put an end to the difficulties notified by the Party concerned. In the case of the absence of such decision within thirty days of the matter being referred to the Joint Committee, the Party concerned may adopt the measures necessary in order to remedy the situation. 


(b) 	With regard to Article 32, the Party concerned may have appropriate measures after the consultations have been concluded or a period of three months has elapsed from the date of the first notification to the other Party. 


(c) 	With regard to Articles 24 and 25, the Party concerned shall give the Joint Committee allthe assistancerequired in orderto examine thecase and, whereappropriate, eliminate the practice objected to. If the Party in question fails to put an end to the practice objected to within the period fixed by the Joint Committee or if the Joint Committee fails to reach an agreement within thirty days of the matter being referred to it, the Party concerned may adopt the appropriate measures to deal with the difficulties resulting from the practice in question. 

5. The safeguard measures taken shall be immediately notified to the other Party. They shall be restricted with regard to their extent and to their duration to what is strictly necessary in order to rectify the situation giving rise to their application and shall not be in excess of the injury caused by the practice or the difficulty in question. Priority shall be given to such measures which will least disturb the functioning of this Agreement. 


6. The safeguard measures taken shall be the subject of periodic consultations within the Joint Committee with a view to their relaxation as soon as possible, or abolition when conditions no longer justify their maintenance. 


7. Where exceptional circumstances requiring immediate action make prior examination impossible, the Party concerned may, in the cases of Articles 28, 29 and 31, apply forthwith the provisional measures strictlynecessarytoremedythesituation. The measures shall be notified without delay and consultations between the Parties shall take place as soon as possible within the Joint Committee.</article>
      <article number="ARTICLE 34" name="Balance Of Payments Difficulties" article_identifier="22154">1. The Parties shall endeavour to avoid the imposition of restrictive measures including measures relating to imports for balance of payments purposes. 


2. Where one of the Parties is in serious balance of payments difficulties, or under imminent threat thereof, the Party concerned may, in accordance with the relevant provisions of the General Agreement on Tariffs and Trade 1994 adopt restrictive measures, including measures related to imports, which shall be of limited duration and may not go beyond what is necessary to remedy the balance of payments situation. The measures shall be progressively relaxed as balance of payments conditions improve and they shall be eliminated when conditions no longer justify their maintenance. The Party concerned shall inform the other Party forthwith of their introduction and, whenever practicable, of a schedule for their removal.</article>
      <article number="ARTICLE 35" name="Evolutionary Clause" article_identifier="22155">1. Where a Party considers that it would be useful in the interests of the economies of the Parties to develop and deepen the relations established by this Agreement by extending them to fields not covered thereby, it shall submit a reasonable request to the other Party. The Parties may instruct the Joint Committee to examine such a request and, where appropriate, to make recommendations, particularly with a view to opening negotiations. 


2. Agreements resulting from the procedure referred to in paragraph 1 will be subject to the ratification or the approval by the Parties in accordance with their own procedures.</article>
    </chapter>
    <chapter number="CHAPTER IV" name="Institutional And Final Provisions" chapter_identifier="2659">
      <article number="ARTICLE 36" name="The Joint Committee" article_identifier="22156">1. The Joint Committee is hereby established and shall consist of a representative appointed by the Government of the Republic of Estonia, on the one hand, and of a representative appointed by the Government of the Republic of Slovenia, on the other hand. 


2. The implementation of this Agreement shall be supervised and administered by the Joint Committee. 


3. For the purpose of the proper implementation of this Agreement, the Parties shall exchange information and, upon request of any Party, shall hold consultations within the Joint Committee. The Joint Committee shall keep under review the possibility of further removal of the obstacles to trade between the Parties. 


4. The Joint Committee may take decisions in the cases provided for in this Agreement. On other matters the Joint Committee may make recommendations.</article>
      <article number="ARTICLE 37" name="Procedures Of The Joint Committee" article_identifier="22157">1. For the proper implementation of this Agreement the Joint Committee shall meet whenever necessary but at least once a year. Each Party may request that a meeting be held. 


2. The Joint Committee shall act by common agreement. 


3. If a representative in the Joint Committee of a Party has, under the reservation, accepted a decision subject to the fulfilment of internal legal requirements, the decision shall enter into force, if no later date is contained therein, on the day the lifting of the reservation is notified. 


4. For the purpose of this Agreement, the Joint Committee shall adopt its rules of procedure which shall, inter alia, contain provisions for convening meetings and for the designation of the Chairman and his/her term of office. 


5. The Joint Committee may decide to set up such sub-committees and working groups as it considers necessary to assist it in accomplishing its tasks.</article>
      <article number="ARTICLE 38" name="Customs Unions, Free-Trade Areas And Frontier Trade This Agreement Shall Not Prevent The Maintenance Or Establishment Of Customs Unions, Free-Trade" article_identifier="22158">areas or arrangements for frontier trade to the extent that these do not negatively affect the trade between 
the Parties and in particular the provisions concerning rules of origin provided for by this Agreement.</article>
      <article number="ARTICLE 39" name="Services And Investments" article_identifier="22159">1. ThePartiesrecognizethegrowingimportanceofcertainareas,suchasservicesandinvestments. In their efforts to gradually develop and broaden their co-operation, in particular in the context of the European integration, they will co-operate with the aim of achieving a progressive liberalization and mutual opening of markets for investments and trade in services, taking into account relevant provisions of the General Agreement on Trade in Services. 


2. The Parties will discuss in the Joint Committee the possibilities to extend their trade relations to the fields of foreign direct investment and trade in services.</article>
      <article number="ARTICLE 40" name="Annexes, Protocols And Amendments" article_identifier="22160">1. Annexes and Protocols to this Agreement are an integral part of it. 


2. The Joint Committee may decide to amend the Annexes and Protocols. In this case the amendments shall enter into force on the date of a receipt of the latter diplomatic note confirming that their internal legal requirements for the entry into force of the amendments have been fulfilled.</article>
      <article number="ARTICLE 41" name="Entry Into Force" article_identifier="22161">1. This Agreement shall enter into force on the first day of the month following the date of receipt of the latter diplomatic note confirming that their respective internal legal requirements for the entry into force of this Agreement have been fulfilled. 


2. This Agreement shall be applied provisionally from 1 January 1997.</article>
      <article number="ARTICLE 42" name="Validity And Termination" article_identifier="22162">1. This Agreement is concluded for an unlimited period of time. 


2. Either Party may terminate this Agreement by a written notification to the other Party. The termination shall take effect on the first day of the seventh month following the date on which the notification was received by the other Party.</article>
    </chapter>
    <chapter name="Conclusion" chapter_identifier="2660">
      <article article_identifier="22163">IN WITNESS WHEREOF the undersigned plenipotentiaries, being duly authorized thereto, have signed this Agreement. 

Done at Tallinn this 26 day of November one thousand nine hundred and ninety-six, in two originals, each in the English Language. 

For the Republic of Estonia For the Republic of Slovenia RECORD OF UNDERSTANDINGS 


1. The Parties shall continue in their efforts with a view to achieve further liberalization of trade in agricultural products within the framework of their respective agricultural policies and their international commitments. 


2. In the second half of 1997 at the latest, the Parties shall examine the possibilities of granting each other further concessions. 


3. The prohibition of drawback of, or exemption from, customs duties laid down in Article 15 of Protocol 2 to this Agreement shall be temporarily derogated until it will be applied in the framework of the diagonal cumulation between both Parties and the European Union.</article>
    </chapter>
  </body>
</treaty>
