<?xml version="1.0" encoding="UTF-8"?>
<treaty>
  <meta>
    <name>East African Community (EAC) - Accession of Burundi and Rwanda</name>
    <type>Customs Union</type>
    <wto_rta_id>838</wto_rta_id>
    <treaty_identifier>426</treaty_identifier>
    <status>In Force</status>
    <notification>Enabling Clause</notification>
    <date_signed>2007-06-18</date_signed>
    <date_into_force>2007-07-01</date_into_force>
    <date_notification>2012-08-01</date_notification>
    <end_implementation/>
    <date_inactive/>
    <parties_original>
      <partyisocode n="1">KEN</partyisocode>
      <partyisocode n="2">TZA</partyisocode>
      <partyisocode n="3">UGA</partyisocode>
    </parties_original>
    <parties>
      <partyisocode n="1">BDI</partyisocode>
      <partyisocode n="2">KEN</partyisocode>
      <partyisocode n="3">RWA</partyisocode>
      <partyisocode n="4">TZA</partyisocode>
      <partyisocode n="5">UGA</partyisocode>
    </parties>
    <composition>Plurilateral</composition>
    <region>Africa</region>
    <parties_wto>Yes</parties_wto>
    <crossregional>No</crossregional>
    <related_agreement_wto_id n="1">94</related_agreement_wto_id>
    <language>en</language>
    <source lang="en" type="full text">http://www.eappf.org/uploads/media/TREATY_OF_ACCESSION_RWANDA_01.pdf</source>
    <source lang="en" type="annex">http://www.eac.int/commonmarket/documentation/cat_view/24-documents-a-downloads/30-common-market-protocol-a-annexes.html</source>
  </meta>
  <body>
    <chapter chapter_identifier="4259">
      <article article_identifier="36922">TREATY OF ACCESSION OF 
THE REPUBLIC OF RWANDA INTO 
THE EAST AFRICAN COMMUNITY 


THE EAST AFRICAN COMMUNITY AND THE REPUBLIC OF RWANDA, 

UNITED in their desire to pursue the attainment of the objectives of the Treaty for the Establishment ofthe East African Community ("the Treaty"); 

DETERMINED in the spirit of the Treaty to strengthen the economic, social, cultural, political, technological and other ties for the accelerated, balanced and sustainable development of the United Republic of Tanzania, the Republic of Kenya, the Republic of Uganda, the Republic of Rwanda and the Republic of Burundi through the establishment of an East African Customs Union and a Common Market as transitional stages to and integral parts thereof, subsequently a Monetary Union and ultimately a Political Federation; 

CONSIDERING that Article 3 of the Treaty affords countries other than the United Republic of Tanzania, the Republic of Kenya and the Republic of Uganda the opportunity of becoming members of the East African Community; 

RECALLING that at the 8th Summit of East African Community Heads of State held on 30th November, 2006 in Arusha, Tanzania, the Summit ofEast African Community Heads of State decided to admit the Republic of Rwanda as a full member of the East African Community effective 1st July, 

2007; 

HA VE DECIDED to establish by common agreement the conditions of accession and to this end, have designated as their Plenipotentiaries: 

HIS EXCELLENCY YOWERI KA GUT A MUSEVENI, CHAIRPERSON, EAST AFRICAN COMMUNITY SUMMIT OF HEADS OF STATE 

ms EXCELLENCY PAUL KAGAME, PRESIDENT OF THE REPUBLIC OF RWANDA 

WHO having exercised their full powers in good and due form; 

HA VE AGREED AS FOLLOWS:</article>
    </chapter>
    <chapter chapter_identifier="4260">
      <article number="ARTICLE 1" name="Interpretation" article_identifier="36923">In this Treaty, except where the context otherwise requires, 

"Accession" means an act by which one Country becomes party to engagements already in force among other Countries; 

''Acquis Communautaire" means a body of East African Community legislation, policies, protocols, agreements, projects, programmes, agreed positions and actions; 

"Community" has the same meaning assigned to it under Article 1 of the Treaty Establishing the East African Community; 

"Partner States" has the same meaning assigned to it under Article 1 of the Treaty Establishing the East African Community; 

"Plenipotentiary" means a person fully authorized to represent his or her Government or inter-Governmental authority; 

"The Treaty" means the Treaty Establishing the East African Community;</article>
      <article number="ARTICLE 2" name="Accession" article_identifier="36924">1. The Republic of Rwanda hereby becomes a member of the East African Community and a party to the Treaty, all Protocols to the Treaty, Tripartite Agreements and Memoranda of Understanding by which the Treaty is supplemented, 


2. The conditions of admission, levels of co-operation, accession to the acquis communautaire of the East African Community entailed by such admission are set out in the Annex to this Treaty. The provisions of this Annex shall form an integral part ofthis Treaty. 


3. The provisions concerning the rights and obligations of the Republic of Rwanda and the powers and jurisdiction of the Institutions of the East African Community as set out in the Treaty shall apply in respect of this Treaty. 


4. The Republic of Rwanda shall within twelve months from the date of signing this Treaty secure the enactment and the effective implementation of such legislation as is necessary to give effect to this Treaty and in particular: 


(a) 	to confer upon the Community the legal capacity and personality required for the performance ofits functions; and 


(b) 	to confer upon the legislation, regulations and directives of the Community and its institutions the force of law within her territory.</article>
      <article number="ARTICLE 3" name="Co-Operation In Legal And Political Affairs" article_identifier="36925">The Republic of Rwanda shall take over and implement the acquis communautaire under this area of co-operation as from the date of accession and in particular be bound by the provisions ofthe Treaty on the: 


(a) 	objectives of the Community as provided for under Article 5 of the Treaty; 


(b) 	fundamental principles ofthe Community as provided for under Article 6 ofthe Treaty; and 


(c) 	operational principles of the Community as provided for under Article 7 ofthe Treaty.</article>
      <article number="ARTICLE 4" name="Co-Operation In Trade, Finance, Investment, Monetary And Fiscal Affairs" article_identifier="36926">The Republic of Rwanda shall take over and implement the acquis communautaire under the areas of co-operation as from the date of accession, subject to the specific arrangements as stipulated in the Annex hereto including according the same preferential trade treatment to The United Republic of Tanzania as that accorded to the Republic of Uganda on a reciprocal basis ..</article>
      <article number="ARTICLE 5" name="Co-Operation In Infrastructure And Services" article_identifier="36927">The Republic of Rwanda shall take over and implement the acquis communautaire under these areas of co-operation as from the date of accession subject to the specific arrangements as stipulated in the Annex hereto.</article>
      <article number="ARTICLE 6" name="Co-Operation In Productive Sectors" article_identifier="36928">The Republic of Rwanda shall take over and implement the acquis communautaire under this area of co-operation as from the date of accession, subject to the specific arrangements as stipulated in the Annex hereto.</article>
      <article number="ARTICLE 7" name="Co-Operation In The Social Sector" article_identifier="36929">The Republic of Rwanda shall take over and implement the acquis communautaire under this area of co-operation as from the date of accession, subject to the specific arrangements as stipulated in the Annex hereto.</article>
      <article number="ARTICLE 8" name="Participation In The Institutions, Projects And Programmes" article_identifier="36930">Subject to the obligations and requirements that apply to the Partner States of the East African Community, the Republic of Rwanda shall upon accession, be entitled to participate in the: 


(1) 	institutional framework as provided for under Article 9 of the Treaty; 


(2) 	projects and programmes of the East African Community as provided for in the East African Community Development Strategy (2006 -2010) and in particular the following: 


(a) 	Co-operation in Trade Liberalisation and Development; 


(b) 	Co-operation in Investment and Industrial Development; 


(f) 	Co-operation in the Development of Human Resources, Science and Technology; 


(g) 	Co-operation in adopting measures to achieve the Free Movement of Persons, Labour, Services and Right of Establishment and Residence; 


(h) 	Co-operation in Agriculture and Food Security; 


(i) 	Co-operation in Environment and Natural Resources Management; 


(j) 	Co-operation in Tourism and Wildlife; 


(k) 	Co-operation in Health, Social and Cultural Activities and Gender Development; 


(1) 	Co-operation in Political Matters; 


(m) 	Co-operation in Legal and Judicial Affairs~ and 


(n) 	Private Sector and Civil Society involvement and development. 
( c) 

Co-operation 

in 

Standardisation, 

Quality 

Assurance, 


Metrology and Testing; 


(d) 

Monetary and Financial Co-operation; 


(e) 

Co-operation in Infrastructure and Services; 


5</article>
      <article number="ARTICLE 9" name="Financial Obligations" article_identifier="36931">The Republic of Rwanda shall upon accession be subject to the financial and budgetary obligations and requirements of the Treaty on the Partner States.</article>
      <article number="ARTICLE 10" name="Ratification And Depository" article_identifier="36932">This Treaty shall be ratified by the Republic of Rwanda in accordance with her constitutional requirements. The Republic of Rwanda shall deposit her instruments of ratification with the Secretary General ofthe East African Community.</article>
      <article number="ARTICLE 11" name="Entry Into Force" article_identifier="36933">This Treaty shall enter into force on 1st July, 2007 provided that all the instruments ofratification have been deposited before that date.</article>
      <article number="ARTICLE 12" name="Registration" article_identifier="36934">This Treaty shall be registered with the African Union, the United Nations and such other organizations as the East African Community Council of Ministers may determine.</article>
    </chapter>
    <chapter chapter_identifier="4261">
      <article article_identifier="36935">IN FAITH WHEREOF the undersigned have appended their signatures hereto: 

For The East African Community For The Republic of Rwanda 


p~!(.

YOW KAGUTA MUSEVENI CHAIRPERSON PRESIDE~ SUMMIT OF HEADS OF STATE</article>
    </chapter>
  </body>
</treaty>
