<?xml version="1.0" encoding="UTF-8"?>
<treaty>
  <meta>
    <name>India - Afghanistan</name>
    <type>Partial Scope Agreement</type>
    <wto_rta_id>389</wto_rta_id>
    <treaty_identifier>323</treaty_identifier>
    <status>In Force</status>
    <notification>Enabling Clause</notification>
    <date_signed>2003-03-06</date_signed>
    <date_into_force>2003-05-13</date_into_force>
    <date_notification>2010-03-08</date_notification>
    <end_implementation>2003-12-31</end_implementation>
    <date_inactive/>
    <parties_original>
      <partyisocode n="1">AFG</partyisocode>
      <partyisocode n="2">IND</partyisocode>
    </parties_original>
    <parties>
      <partyisocode n="1">AFG</partyisocode>
      <partyisocode n="2">IND</partyisocode>
    </parties>
    <composition>Bilateral</composition>
    <region>West Asia</region>
    <parties_wto>No</parties_wto>
    <crossregional>No</crossregional>
    <language>en</language>
    <source lang="en" type="full text">http://commerce.gov.in/trade/international_ta_indafg.asp</source>
    <source lang="en" type="annex">http://commerce.gov.in/trade/international_ta_indafg.asp</source>
  </meta>
  <body>
    <chapter chapter_identifier="2810">
      <article article_identifier="23293">PREFERENTIAL TRADE AGREEMENT
 BETWEEN
 THE REPUBLIC OF INDIA
 AND
 THE TRANSITIONAL ISLAMIC STATE OF AFGHANISTAN
 PREAMBLE

  The Government of the Republic of India and The Transitional Islamic
  State of Afghanistan, (hereinafter referred to as the
  "Contracting Parties"),

  CONSIDERING that the expansion of their domestic markets, through
  economic integration, is a vital prerequisite for accelerating their
  processes of economic development.

  BEARING in mind the desire to promote mutually beneficial bilateral
  trade.

  CONVINCED of the need to establish and promote free trade for
  strengthening intra-regional economic cooperation and the development
  of national economies.

  FURTHER RECOGNISING that progressive reductions and elimination of
  obstacles to bilateral trade through a bilateral preferential trading
  arrangement (hereinafter referred to as "The Agreement")
  would contribute to the expansion of world trade.

  HAVE agreed as follows:</article>
    </chapter>
    <chapter chapter_identifier="2811">
      <article number="ARTICLE I" name="Objectives" article_identifier="23294">The Contracting Parties shall establish a Preferential Trading
      Arrangement in accordance with the provisions of this Agreement.
    
      The objectives of this Agreement are:
    
      To promote through the expansion of trade the harmonious
      development of the economic relations between India and
      Afghanistan.
    
      To provide fair conditions of competition for trade between India
      and Afghanistan.
    
      In the implementation of this Agreement the Contracting Parties
      shall pay due regard to the principle of reciprocity.
    
      To contribute in this way, by the removal of barriers to trade, to
      the harmonious development and expansion of world trade.</article>
      <article number="ARTICLE II" name="Definitions" article_identifier="23295">For the purpose of this agreement:
"Tariffs" means basic
      customs duties included in the national schedules of the
      Contracting Parties;
    "Products" means all
      products including manufactures and commodities in their raw,
      semi-processed and processed forms.
    "Preferential
      Treatment" means any concession or privilege
      granted under this Agreement by a Contracting Party through the
      progressive reduction and/or elimination of tariffs on the
      movement of goods.
    "The Committee" means
      the Joint committee referred to in Article XI.
    "Serious injury"
      means significant damage to domestic producers, of like or similar
      products resulting from a substantial increase of preferential
      imports in situations which cause substantial losses in terms of
      earnings, production or employment unsustainable in the short
      term. The examination of the impact on the domestic industry
      concerned shall also include an evaluation of other relevant
      economic factors and indices having a bearing on the state of the
      domestic industry of that product.
    "Threat of serious
      injury" means a situation in which a substantial
      increase of preferential imports is of a nature so as to cause
      "Serious injury" to domestic producers, and that such
      injury, although not yet existing is clearly imminent. A
      determination of threat of serious injury shall be based on facts
      and not on mere allegation, conjecture, or remote or hypothetical
      possibility.
    "Critical
      circumstances" means the emergence of an
      exceptional situation where massive preferential imports are
      causing or threatening to cause "serious injury"
      difficult to repair and which calls for immediate action.</article>
      <article number="ARTICLE III" name="Elimination Of Tariffs" article_identifier="23296">The Contracting Parties hereby agree to establish a Preferential
  Trading Arrangement for the purpose of free movement of goods between
  their countries through reduction of tariffs on the movement of goods
  in accordance with the provisions of Annexures A &amp; B which shall
  form an integral part of this Agreement.</article>
      <article number="ARTICLE IV" name="General Exceptions" article_identifier="23297">Nothing in this Agreement shall prevent any Contracting Party from
  taking action and adopting measures, which it considers necessary for
  the protection of its national security, the protection of public
  morals, the protection of human, animal or plant life and health,
  those relating to importation or exportation of gold and silver, the
  conservation of exhaustible natural resources and the protection of
  national treasures of artistic, historic and archaeological value.</article>
      <article number="ARTICLE V" name="National Treatment" article_identifier="23298">Both Contracting Parties agree to accord to each others products
  imported into their territory, treatment no less favourable than that
  accorded to like domestic products in respect of internal taxation and
  in respect of all other domestic laws and regulations affecting their
  sale, purchase, transportation, distribution or use.</article>
      <article number="ARTICLE VI" name="National Treatment" article_identifier="23299">Nothing in this Agreement shall be construed to prevent a
      Contracting Party from maintaining or establishing a state trading
      enterprise.
    
      Each Contracting Party shall ensure that any state enterprise that
      it maintains or establishes acts in a manner that is not
      inconsistent with the obligations of the Contracting Parties,
      under this Agreement and accords non-discriminatory treatment in
      the import from and export to the other Contracting Party.</article>
      <article number="ARTICLE VII" name="Rules Of Origin" article_identifier="23300">Products covered by the provisions of this Agreement shall be
      eligible for preferential treatment provided they satisfy the
      Rules of Origin as set out in Annexure C to this Agreement which
      shall form an integral part of this Agreement.
    
      For the development of specific sectors of the industry of either
      Contracting Party, lower value addition norms for the products
      manufactured or produced by those sectors may be considered
      through mutual negotiations.</article>
      <article number="ARTICLE VIII" name="Safeguard Measures" article_identifier="23301">If any product, which is the subject of preferential treatment
      under this Agreement, is imported into the territory of a
      Contracting Party in such a manner or in such quantities as to
      cause or threaten to cause, serious injury in the importing
      Contracting Party, the importing Contracting Party may, with prior
      consultations except in critical circumstances, suspend
      provisionally without discrimination the preferential treatment
      accorded under the Agreement.
    
      When action has been taken by either Contracting Party in terms of
      paragraph 1 of this Article, it shall simultaneously notify the
      other Contracting Party and the Joint Committee established in
      terms of Article XI. The Committee shall enter into consultations
      with the concerned Contracting Party and endeavor to reach
      mutually acceptable agreement to remedy the situation. Should the
      consultations in the Committee fail to resolve the issue within
      sixty days, the party affected by such action shall have the right
      to withdraw the preferential treatment.</article>
      <article number="ARTICLE IX" name="Domestic Legislation" article_identifier="23302">The Contracting Parties shall be free to apply their domestic
      legislation to restrict imports, in cases where prices are
      influenced by unfair trade practices including subsidies or
      dumping.
    
      The contracting parties undertake to notify at the earliest
      opportunity, through the competent bodies, of the opening of
      investigations and preliminary and final conclusions regarding
      such unfair trade practices that affect reciprocal trade.</article>
      <article number="ARTICLE X" name="Balance Of Payment Measures" article_identifier="23303">Notwithstanding the provisions of this Agreement, any Contracting
      Party facing balance of payments difficulties may suspend
      provisionally the
    
  preferential treatment as to the quantity and value of merchandise
  permitted to be imported under the Agreement. When such action has
  taken place, the Contracting Party, which initiates such action shall
  simultaneously notify the other Contracting Party.

      Any Contracting Party, which takes action according to paragraph 1
      of this Article, shall afford, upon request from the other
      Contracting Party, adequate opportunities for consultations with a
      view to preserving the stability of the preferential treatment
      provided under this Agreement.</article>
      <article number="ARTICLE XI" name="Joint Committee" article_identifier="23304">A Joint Committee shall be established at Ministerial level. The
      Committee shall meet at least once a year to review the progress
      made in the implementation of this Agreement and to ensure that
      benefits of trade expansion emanating from this Agreement accrue
      to both Contracting Parties equitably. The Committee may set up
      Sub-Committees and/or Working Groups as considered necessary.
    
      In order to facilitate cooperation in customs matters, the
      Contracting Parties agree to establish a Working Group on Customs
      related issues including harmonisation of tariff headings. The
      Working Group shall meet as often as required and shall report to
      the Committee on its deliberations.
    
      The Committee shall accord adequate opportunities for consultation
      on representations made by any Contracting Party with respect to
      any matter affecting the Implementation of the Agreement. The
      Committee shall adopt appropriate measures for settling any matter
      arising from such representations within 6 months of the
      representation being made. Each Contracting Party shall implement
      such measures immediately.
    
      The Committee shall nominate one apex chamber of trade and
      industry in each country as the nodal chamber to represent the
      views of the trade and industry on matters relating to this
      Agreement.</article>
      <article number="ARTICLE XII" name="Consultations" article_identifier="23305">Each Contracting Party shall accord sympathetic consideration to
      and shall afford adequate opportunity for, consultations regarding
      such representations as may be made by the other Contracting Party
      with respect to any matter affecting the operation of this
      Agreement.
    
      The Committee may meet at the request of a Contracting Party to
      consider any matter for which it has not been possible to find a
      satisfactory solution through consultations under paragraph 1
      above.</article>
      <article number="ARTICLE XIII" name="Settlement Of Disputes" article_identifier="23306">Any dispute that may arise between commercial entities of the
      Contracting Parties shall be referred for amicable settlement to
      the nodal apex chambers. Such references shall, as far as
      possible, be settled through mutual consultations by the Chambers.
      In the event of an amicable solution not being found, the matter
      shall be referred to an Arbitral Tribunal for a binding decision.
      The Tribunal shall be constituted by the Joint Committee in
      consultation with the relevant Arbitration Bodies in the two
      countries.
    
      Any dispute between the Contracting Parties regarding the
      interpretation and application of the provisions of this Agreement
      or any instrument adopted within its framework shall be amicably
      settled through negotiations failing which a notification may be
      made to the Committee by any one of the Contracting Parties.</article>
      <article number="ARTICLE XIV" name="Duration And Termination Of Agreement" article_identifier="23307">This Agreement shall remain in force until either Contracting Party
  terminates this Agreement by giving six months written notice to the
  other of its intention to terminate the Agreement.</article>
      <article number="ARTICLE XV" name="Amendments" article_identifier="23308">The Agreement may be modified or amended through mutual agreement
      of the Contracting Parties. Proposals for such modifications or
      amendments shall be submitted to the Joint Committee and upon
      acceptance by the Joint Committee, shall be approved in accordance
      with the applicable legal procedures of each Contracting Party.
      Such modifications or amendments shall become effective when
      confirmed through an exchange of diplomatic notes and shall
      constitute an integral part of the Agreement.
    
      Provided however that in emergency situations, proposals for
      modifications may be considered by the Contracting parties and if
      agreed, given effect to through an exchange of diplomatic notes.</article>
      <article number="ARTICLE XVI" name="Annexures" article_identifier="23309">The list of items covered under preferential tariff by the Government
  of Afghanistan is at Annexure - A and the list of items covered under
  preferential tariff by the Government of India is at Annexure-B which
  are integral parts of this Agreement.</article>
      <article number="ARTICLE XVII" name="Entry Into Force" article_identifier="23310">The Agreement shall enter into force on the thirtieth day after
      the Contracting Parties hereto have notified each other that their
      respective constitutional requirements and procedures have been
      completed.</article>
    </chapter>
    <chapter chapter_identifier="2812">
      <article article_identifier="23311">In witness whereof the undersigned, duly authorised thereto by
      their respective Governments, have signed this Agreement.
    
      Signed at New Delhi on the 6th day of March 2003 in two originals
      each in Hindi, Dari and English languages, all of them being
      equally authentic. In case of any divergence in interpretation,
      the English Text shall prevail.
    (ARUN JAITLEY)
 MINISTER OF COMMERCE AND INDUSTRY
 GOVERNMENT OF THE REPUBLIC OF INDIA(SAYED MUSTAFA KAZEMI)
 MINISTER OF COMMERCE
 TRANSITIONAL ISLAMIC STATE OF AFGHANISTAN</article>
    </chapter>
  </body>
</treaty>
