<?xml version="1.0" encoding="UTF-8"?>
<treaty>
  <meta>
    <name>EC - Faeroe Islands Agreement of 1992</name>
    <type>Free Trade Agreement</type>
    <wto_rta_id>244</wto_rta_id>
    <treaty_identifier>216</treaty_identifier>
    <status>Inactive</status>
    <notification>GATT Art. XXIV</notification>
    <date_signed>1991-12-02</date_signed>
    <date_into_force>1992-01-01</date_into_force>
    <date_notification>1995-10-25</date_notification>
    <end_implementation/>
    <date_inactive>1997-01-01</date_inactive>
    <parties_original>
      <partyisocode n="1">BEL</partyisocode>
      <partyisocode n="2">DEU</partyisocode>
      <partyisocode n="3">DNK</partyisocode>
      <partyisocode n="4">ESP</partyisocode>
      <partyisocode n="5">FRA</partyisocode>
      <partyisocode n="6">FRO</partyisocode>
      <partyisocode n="7">GBR</partyisocode>
      <partyisocode n="8">GRC</partyisocode>
      <partyisocode n="9">IRL</partyisocode>
      <partyisocode n="10">ITA</partyisocode>
      <partyisocode n="11">LUX</partyisocode>
      <partyisocode n="12">NLD</partyisocode>
      <partyisocode n="13">PRT</partyisocode>
    </parties_original>
    <parties>
      <partyisocode n="1"/>
    </parties>
    <composition>Plurilateral</composition>
    <region>Europe</region>
    <parties_wto>No</parties_wto>
    <crossregional>No</crossregional>
    <language>en</language>
    <source lang="en" type="full text">http://docsonline.wto.org/imrd/gen_redirectsearchdirect.asp?RN=0&amp;searchtype=browse&amp;query=@meta_Symbol"WT/REG21/1"&amp;language=1&amp;ct=DDFEnglish</source>
    <source lang="es" type="full text">http://docsonline.wto.org/imrd/gen_redirectsearchdirect.asp?RN=0&amp;searchtype=browse&amp;query=@meta_Symbol"WT/REG21/1"&amp;language=3&amp;ct=DDFSpanish</source>
    <source lang="fr" type="full text">http://docsonline.wto.org/imrd/gen_redirectsearchdirect.asp?RN=0&amp;searchtype=browse&amp;query=@meta_Symbol"WT/REG21/1"&amp;language=2&amp;ct=DDFFrench</source>
  </meta>
  <body>
    <chapter chapter_identifier="2198">
      <article article_identifier="18289">AGREEMENT BETWEEN THE EUROPEAN ECONOMIC COMMUNITY 

OF THE ONE PART AND THE GOVERNMENT OF DENMARK AND 


THE HOME GOVERNMENT OF THE FAROE ISLANDS OF THE OTHER PART 


THE EUROPEAN ECONOMIC COMMUNITY 

of the one part, and 

THE GOVERNMENT OF DENMARK AND THE HOME GOVERNMENT OF THE FAROE ISLANDS, 

of the other part, 

RECALLING the status of the Faroe Islands as a self-governing integral part of one of the Member States of the Community; 

RECALLING the Resolution of the Council of 4 February 1974 on the problems of the Faroe Islands; 

CONSIDERING the vital importance for the Faroe Islands of fisheries, which constitute their essential economic activity, fish and fishery products being their main export articles; 

CONSIDERING the importance of the fisheries relationship laid down in the agreement on fisheries between the parties, who confirm that the trade aspects of the present agreement should not affect the functioning of the fisheries agreement and that, consequently, the volume of the mutual fisheries possibilities under that agreement should continue to be maintained at a satisfactory level; 

DESIRING toconsolidateandtoextend theeconomicrelationsexisting betweentheCommunity and the Faroe Islands and to ensure, with due regard for fair conditions of competition, the harmonious development of their commerce for the purpose of contributing to the work of constructing Europe; 

RESOLVED to this end to eliminate progressively the obstacles to substantially all their trade, in accordance with the provisions of the General Agreement on Tariffs and Trade concerning the establishment of free trade areas; 

DECLARING their readiness to examine, in the light of any relevant factor, and in particular of developments in the Community, the possibility of developing and deepening their relations where it would appear to be useful in the interests of their economies to extend them to fields not covered by this Agreement; 

HAVE DECIDED, in pursuit of these objectives and considering that no provisions of this Agreement may be interpreted as exempting the Contracting Parties from the obligations which are incumbent upon them, under other international agreements, 

TO CONCLUDE THIS AGREEMENT:</article>
    </chapter>
    <chapter chapter_identifier="2199">
      <article number="ARTICLE 1" article_identifier="18290">The aim of this Agreement is: 


(a) 	to promote through the expansion of reciprocal trade harmonious development of economic relations between the European Economic Community and the Faroe Islands and thus to foster in the Community and in the Faroe Islands the advance of economic activity, the improvement of living and employment conditions, and increased productivity and financial stability; 


(b) 	to provide fair conditions of competition for trade between the Contracting Parties; 


(c) 	to contribute in this way, by the removal of barriers to trade, to the harmonious developments and expansion of world trade.</article>
      <article number="ARTICLE 2" article_identifier="18291">This Agreement shall apply to products originating in the Community or the Faroe Islands: 


(i) 	which fall within Chapters 25 to 97 of the Harmonized System, other than those listed in Annex II to the Treaty establishing the European Economic Community, and other than those listed in Annex I; 


(ii) 	which are specified in Protocols 1, 2 and 4, with due regard to the arrangements provided for in those Protocols.</article>
      <article number="ARTICLE 3" article_identifier="18292">1. No new customs duty on imports shall be introduced in trade between the Community and the Faroe Islands. 


2. The Community as constituted on 31 December 1985 shall abolish customs duties on imports from the Faroe Islands on 1 January 1992. 


3. The Kingdom of Spain shall reduce its customs duties applicable to the Faroe Islands in accordance with Article 31 (1) and (3) of the Act of Accession. 


4. The Portuguese Republic shall reduce its customs duties applicable to the Faroe Islands in accordance with Article 190 (1) and (3) of the Act of Accession.</article>
      <article number="ARTICLE 4" article_identifier="18293">The Faroe Islands shall abolish customs duties on imports from the Community on 1 January 1992, as specified in Annex II.</article>
      <article number="ARTICLE 5" article_identifier="18294">1. The provisions concerning the abolition of customs duties on imports shall apply also to import duties of a fiscal nature. 

The Faroe Islands may replace an imports duty of a fiscal nature or the fiscal element of an import duty by an internal tax. 

2. The Faroe Islands may temorarily retain the import duties of a fiscal nature in existence on 1 May 1991, as mentioned in Annex II, part A. 


3. The Faroe Islands may temporarily introduce new import duties of a fiscal nature and increase the existing import duties of a fiscal nature, provided that such duties or duty increases respect the conditions laid down in Article 19. The Faroe Islands shall notify the Community of such changes. 


4. The Faroe Islands shall abolish all import duties of a fiscal nature in connection with the implementation of the reform described in Annex II and no later than 1 January 1993.</article>
      <article number="ARTICLE 6" article_identifier="18295">No new charge having an effect equivalent to a customs duty shall be introduced in trade between the Community and the Faroe Islands. Charges having an effect equivalent to customs duties on imports in trade between the Community and the Faroe Islands shall be abolished upon the entry into force of this Agreement.</article>
      <article number="ARTICLE 7" article_identifier="18296">No customs duty on exports or charge having equivalent effect shall be introduced in trade between the Community and the Faroe Islands. 

Customs duties on exports and charges having equivalent effect shall be abolished not later than 1 January 1992.</article>
      <article number="ARTICLE 8" article_identifier="18297">Protocol 1 lays down the tariff treatment and arrangements applicable to certain fish and fishery products released for free circulation in the Community or imported into the Faroe Islands.</article>
      <article number="ARTICLE 9" article_identifier="18298">Protocol 2 lays down the tariff treatment and arrangements applicable to certain products obtained by processing agricultural products.</article>
      <article number="ARTICLE 10" article_identifier="18299">1. In the event of specific rules being established as a result of the implementation of its agricultural policy or of any alteration of the current rules, the Contracting Party in question may adapt the arrangements resulting from this Agreement in respect of the products which are the subject of those rules or alterations. 


2. In such cases the Contracting Party in question shall take due account of the interests of the other contracting Party. To this end the Contracting Parties may consult each other within the Joint Committee provided for in Article 30.</article>
      <article number="ARTICLE 11" article_identifier="18300">Protocol 3 lays down the rules of origin.</article>
      <article number="ARTICLE 12" article_identifier="18301">A Contracting Party which is considering the reduction of the effective level of its duties or charges having equivalent effect applicable to third countries benefiting from most-favoured-nation treatment, or which is considering the suspension of their application, shall, as far as may be practicable, notify the Joint Committee not less than thirty days before such reduction or suspension comes into effect. It shall take note of any representations by the other Contracting Party regarding any distortions which might result therefrom.</article>
      <article number="ARTICLE 13" article_identifier="18302">1. No new quantitative restrictions on imports or measures having equivalent effect shall be introduced in trade between the Community and the Faroe Islands. 


2. The Contracting Parties shall abolish quantitative restrictions on imports and any measures having an effect equivalent to quantitative restrictions on imports not later than 1 January 1992.</article>
      <article number="ARTICLE 14" article_identifier="18303">1. The Community reserves the right to modify the arrangements applicable to the petroleum products falling within headings Nos. 2710, 2711, ex 2712 (excluding ozokerite, lignite wax and peat wax) and 2713 of the combined nomenclature upon adoption of a common definition of origin for petroleum products, upon adoption of decisions under the common commercial policy for the products in question or upon establishment of a common energy policy. 

In this event, the Community shall take due account of the interests of the Faroe Islands; to this end it shall inform the Joint Committee, which shall meet under the conditions set out in Article 32. 

2. The Faroe Islands reserve the right to take similar action should they be faced with like situations. 


3. Subject to paragraphs 1 and 2, this Agreement shall not prejudice the non-tariff rules applied to imports of petroleum products.</article>
      <article number="ARTICLE 15" article_identifier="18304">1. The Contracting Parties declare their readiness to foster, so far as their agricultural policies allow, the harmonious development of trade in agricultural products to which this Agreement does not apply. 


2. The Contracting Parties shall apply their rules in veterinary, health and plant health matters in a non-discriminatory fashion and shall not introduce any new measures that have the effect of unduly obstructing trade. 


3. TheContractingPartiesshallexamine,undertheconditionssetoutinArticle 33,anydifficulties that might arise in their trade in agricultural products and shall endeavour to seek appropriate solutions.</article>
      <article number="ARTICLE 16" article_identifier="18305">The Home Government of the Faroe Islands shall take the necessary control measures to ensure the correct application of the reference price fixed or to be fixed by the Community, referred to in Article 2 of Protocol 1. 

The Contracting Parties shall ensure the correct application of the definition of the concept of 'originating products' and methods of administrative cooperation, laid down in Protocol 3.</article>
      <article number="ARTICLE 17" article_identifier="18306">Protocol 4 lays down the special provisions applicable toimports of certain agricultural products other than those listed in Protocol 1.</article>
      <article number="ARTICLE 18" article_identifier="18307">The Contracting Parties reaffirm their commitment to grant each other most-favoured-nation treatment in accordance with the General Agreement on Tariffs and Trade (GATT). 

This Agreement shall not preclude the maintenance or establishment of customs unions, free trade areas or arrangements for frontier trade, except insofar as they alter the trade arrangements provided for in this Agreement, in particular the provisions concerning rules of origin.</article>
      <article number="ARTICLE 19" article_identifier="18308">The Contracting Parties shall refrain from any measure or practice of an internal fiscal nature establishing, whether directly or indirectly, discrimination between the products of one Contracting Party and like products originating in the territory of the other Contracting Party. 

Products exported to the territory of one of the Contracting Parties may not benefit from repayment of internal taxation in excess of the amount of direct or indirect taxation imposed on them.</article>
      <article number="ARTICLE 20" article_identifier="18309">Payments relating to trade in goods and the transfer of such payments to the Member State of the Community in which the creditor is resident or to the Faroe Islands shall be free from any restrictions.</article>
      <article number="ARTICLE 21" article_identifier="18310">This Agreement shall not preclude prohibitions or restrictions on imports, exports or goods in transit justified on grounds of public morality, law and order or public security, the protection of life and health of humans, animals or plants, the protection of national treasures of artistic, historic or archaeological value, the protection of industrial and commercial property, or rules relating to gold or silver. 

Such prohibitions or restrictions must not, however, constitute a means of arbitrary discrimination or a disguised restriction on trade between the Contracting Parties.</article>
      <article number="ARTICLE 22" article_identifier="18311">Nothing in this Agreement shall prevent a Contracting Party from taking any measures: 


(a) 	which it considers necessary to prevent the disclosure of information contrary to its essential security interests; 


(b) 	which relate to trade in arms, munitions or war materials or to research, development or production indispensable for defence purposes, provided that such measures do not impair the conditions of competition in respect of products not intended for specifically military purposes; 


(c) 	which it considers essential to its own security in time of war or serious international tension.</article>
      <article number="ARTICLE 23" article_identifier="18312">1. The Contracting Parties shall refrain from any measure likely to jeopardize the fulfilment of the objectives of this Agreement. 


2. They shall take any general or specific measures required to fulfil their obligations under this Agreement. 
If either Contracting Party considers that the other Contracting Party has failed to fulfil an obligation under this Agreement, it may take appropriate measures under the conditions and in accordance with the procedures laid down in Article 28.</article>
      <article number="ARTICLE 24" article_identifier="18313">1. The following are incompatible with the proper functioning of this Agreement insofar as they may affect trade between the Community and the Faroe Islands: 


(i) 	all agreements between undertakings, decisions by associations of undertakings and concerted practices between undertakings which have as their object or effect the prevention, restriction or distortion of competition as regards the production of, or trade in, goods; 


(ii) 	abuse by one or more undertakings of a dominant position in the territories of the Contracting Parties as a whole or in a substantial part thereof; 
(iii) 	any public aid which distorts, or threatens to distort, competition by favouring certain undertakings or the production of certain goods. 

2. Should a Contracting Party consider that a given practice is incompatible with this Article, it may take appropriate measures under the conditions and in accordance with the procedure laid down in Article 28.</article>
      <article number="ARTICLE 25" article_identifier="18314">Where an increase in imports of a given product is, or is likely to be, seriously detrimental to any production activity carried on in the territory of one of the Contracting Parties and where this increase is due to: 


(i) 	the partial or total reduction in the importing Contracting Party, as provided for in this Agreement, of customs duties and charges having equivalent effect levied on the product in question; and 


(ii) 	the fact that the duties or charges having equivalent effect levied by the exporting Contracting Party on imports of raw materials or intermediate products used in the manufacture of the product in question are significantly lower than the corresponding duties or charges levied by the importing Contracting Party, 
the Contracting Party concerned may take appropriate measures under the conditions and in accordance with the procedures laid down in Article 28.</article>
      <article number="ARTICLE 26" article_identifier="18315">If one of the Contracting Parties finds that dumping is taking place in trade with the other Contracting Party, it may take appropriate measures against this practice in accordance with the Agreement on Tariffs and Trade, under the conditions and in accordance with the procedures laid down in Article 28.</article>
      <article number="ARTICLE 27" article_identifier="18316">If serious disturbances arise in any sector of the economy or if difficulties arise which could bring about serious deterioration in the economic situation of a region, the Contracting Party concerned may take appropriate measures under the conditions and in accordance with the procedures laid down in Article 28.</article>
      <article number="ARTICLE 28" article_identifier="18317">1. In the event of a Contracting Party subjecting imports of products liable to give rise to the difficulties referred to in Articles 25 and 27 to an administrative procedure, the purpose of which is to provide rapid information on the trend of trade flows, it shall inform the other Contracting Party. 


2. In the cases specified in Articles 23 to 27, before taking the measures provided for therein or, in cases to which paragraph 3(d) applies, as soon as possible, the Contracting Party in question shall supply the Joint Committee with all relevant information required for a thorough examination of the situation with a view to seeking a solution acceptable to the Contracting Parties. 
In the selection of measures, priority must be given to those which least disturb the functioning of this Agreement. 

The safeguard measures shall be notified immediately to the Joint Committee and shall be the subject of periodical consultations within the Committee, particularly with a view to their abolition as soon as circumstances permit. 

3. 	For the implementation of paragraph 2, the following provisions shall apply: 

(a) 	as regards Article 24, either Contracting Party may refer the matter to the Joint Committee if it considers that a given practice is incompatible with the proper functioning of this Agreement within the meaning of Article 24 (1). 

The Contracting Parties shall provide the Joint Committee with all relevant information and shall give it the assistance it requires in order to examine the case and, where appropriate, to eliminate the practice objected to. 

If the Contracting Party in question fails to put an end to the practice objected to within the period fixed by the Joint Committee, or in the absence of agreement in the Joint Committee within three months of the matter being referred to it, the Contracting Party concerned may adopt anysafeguard measures itconsiders necessaryto deal with theserious difficulties resulting from the practices in question; in particular it may withdraw tariff concessions; 

(b) 	as regards Article 25, the difficulties arising from the situation referred to in that Article shall be referred for examination to the Joint Committee, which may take any decision needed to put an end to such difficulties. 

If the Joint Committee or the exporting Contracting Party has not taken a decision putting an end to the difficulties within thirty days of the matter being referred, the importing Contracting Party shall be authorized to levy a compensatory charge on the product imported. 

The compensatory charge shall be calculated according to the incidence on the value of the goods in question of the tariff disparities in respect of the raw materials or intermediate products incorporated therein; 


(c) 	asregardsArticle 26,consultationintheJointCommitteeshalltakeplacebeforetheContracting Party concerned takes the appropriate measures; 


(d) 	where exceptional circumstances requiring immediate action make prior examination impossible, the Contracting Party concerned may, in the situations specified in Articles 25, 26 and 27, and also in the case of export aids having a direct and immediate incidence on trade, apply forthwith the precautionary measures strictly necessary to remedy the situation.</article>
      <article number="ARTICLE 29" article_identifier="18318">Where one or more Member States of the Community or the Faroe Islands is in difficulties or is seriously threatened with difficulties as regards its balance of payments, the Contracting Party concerned may take the necessary safeguard measures. It shall inform the other Contracting Party forthwith.</article>
      <article number="ARTICLE 30" article_identifier="18319">1. A Joint Committee is hereby established which shall be responsible for the administration of this Agreement and shall ensure its proper implementation. For this purpose, it shall make recommendations and take decisions in the cases provided for in the Agreement. These decisions shall be put into effect by the Contracting Parties in accordance with their own rules. 


2. For purpose of the proper implementation of this Agreement, the Contracting Parties shall exchange information and, at the request of either Party, shall hold consultations within the Joint Committee. 


3. The Joint Committee shall adopt its own rules of procedure.</article>
      <article number="ARTICLE 31" article_identifier="18320">1. The Joint Committee shall consist of representatives of the Contracting Parties. 


2. The Joint Committee shall act by the mutual agreement.</article>
      <article number="ARTICLE 32" article_identifier="18321">1. Each Contracting Party shall preside in turn over the Joint Committee, in accordance with the agreements to be laid down in its rules of procedure. 


2. The Chairman shall convene meetings of the Joint Committee at least once a year in order to review the general functioning of this Agreement. 

The Joint Committee shall, in addition, meet whenever special circumstances so require, at the request of either Contracting Party, in accordance with the conditions to be laid down in its rules of procedure. 

3. In the event of modifications to the nomenclature of the customs tariffs of the Contracting Parties affecting products referred to in this Agreement, the Joint Committee may adopt the tariff nomenclature of these products to conform with such modifications. 


4. The Joint Committee may decide to set up any working party that can assist it in carrying out its duties.</article>
      <article number="ARTICLE 33" article_identifier="18322">1. Where a Contracting Party considers that it would be useful in the common interest of both Contracting Parties to develop the relations established by this Agreement by extending them to fields not covered thereby, it shall submit a reasoned request to the other Contracting Party. 

The Contracting Parties may instruct the Joint Committee to examine this request and, where appropriate, to make recommendations to them, particularly with a view to opening negotiations. 

2. The agreements resulting from the negotiations referred to in paragraph 1 will be subject to ratification or approval by the Contracting Parties in accordance with their own procedures.</article>
      <article number="ARTICLE 34" article_identifier="18323">At the request of the Faroe Islands, the Community will consider: 
-

improving the access possibilities for specific products, 
-

extending its tariff concessions for Faroese fishery products to include new fish species caught by Faroese fishing vessels based and operating in the North Atlantic, or to include fishery products pertaining thereto not currently produced by the Faroese fishing industry. These new fish species or fishery products could be imported free of duty into the Community, subject to the necessary quantitative limitations, should the new fish species or fishery products be of a sensitive nature in the Community.</article>
      <article number="ARTICLE 35" article_identifier="18324">The Annexes and Protocols to this Agreement shall form an integral part thereof.</article>
      <article number="ARTICLE 36" article_identifier="18325">Either Contracting Party may denounce this Agreement by notifying the other Contracting Party. The Agreement shall cease to be in force twelve months after the date of such notification.</article>
      <article number="ARTICLE 37" article_identifier="18326">This Agreement shall apply, on the one hand, to the territories to which the Treaty establishing the European Economic Community is applied and under the conditions laid down in that Treaty and, on the other hand, to the territory of the Faroe Islands.</article>
      <article number="ARTICLE 38" article_identifier="18327">This Agreement is drawn up in duplicate in the Danish, Dutch, English, French, German, Greek, Italian, Portuguese, Spanish and Faroese languages, each of these texts being equally authentic. 

This Agreement will be approved by the Contracting Parties in accordance with their own procedures. 

It shall enter into force on 1 January 1992, provided that the Contracting Parties have notified each other before that date that the procedures necessary to this end have been completed. After this date, this Agreement shall enter into force on the first day of the second month following such notification. 

The provisions applicable on 1 January 1992 shall be applied upon the entry into force of this Agreement if it enters into force after that date.</article>
    </chapter>
    <chapter chapter_identifier="2200">
      <article article_identifier="18328">Done at Brussels on the second day of December in the year one thousand nine hundred and ninety-one. 

For the Council of the European Communities 

For the Government of Denmark and the Home Government of the Faroe Islands</article>
    </chapter>
  </body>
</treaty>
