<?xml version="1.0" encoding="UTF-8"?>
<treaty>
  <meta>
    <name>EC - Tunisia Association Agreement of 1969</name>
    <type>Free Trade Agreement</type>
    <wto_rta_id>278</wto_rta_id>
    <treaty_identifier>240</treaty_identifier>
    <status>Inactive</status>
    <notification>GATT Art. XXIV</notification>
    <date_signed>1969-03-28</date_signed>
    <date_into_force>1969-09-01</date_into_force>
    <date_notification>1969-07-11</date_notification>
    <end_implementation/>
    <date_inactive>1976-07-01</date_inactive>
    <parties_original>
      <partyisocode n="1">BEL</partyisocode>
      <partyisocode n="2">DEU</partyisocode>
      <partyisocode n="3">FRA</partyisocode>
      <partyisocode n="4">ITA</partyisocode>
      <partyisocode n="5">LUX</partyisocode>
      <partyisocode n="6">NLD</partyisocode>
      <partyisocode n="7">TUN</partyisocode>
    </parties_original>
    <parties>
      <partyisocode n="1"/>
    </parties>
    <composition>Plurilateral</composition>
    <region>Europe; Africa</region>
    <parties_wto>Yes</parties_wto>
    <crossregional>Yes</crossregional>
    <language>en</language>
    <source lang="en" type="full text">http://sul-derivatives.stanford.edu/derivative?CSNID=90820122&amp;mediaType=application/pdf</source>
  </meta>
  <body>
    <chapter name="Preamble" chapter_identifier="2387">
      <article number="ARTICLE 1" article_identifier="19797">By the present Agreement an association is established between the 
European Economic Community and Tunisia.</article>
    </chapter>
    <chapter number="PART 1" name="Trade" chapter_identifier="2388">
      <article number="ARTICLE 2" article_identifier="19798">1. Products originating in Tunisia shall.upon importation into the Community 
benefit from the provisions set forth in Annexes 1 and 2. 



2. Products originating in the Community shall upon importation into Tunisia 
benefit from the provisions set forth in Lnnex 3. 



3. The Contracting Parties shall take all general or special measures 
calculated to ensure execution of the obligations arising out of the Agreement. 

They shall abstain from any action likely to jeopardize attainment of the 
aims of the Agreement.</article>
      <article number="ARTICLE 3" article_identifier="19799">Any measure or practice of an internal fiscal character that establishes, 
whether directly or indirectly, a discrimination as between the products of one 
Contracting Party and the like products originating in the other Contracting 
Party shall be prohibited.</article>
      <article number="ARTICLE 4" article_identifier="19800">1. Subject to special provisions in respect of frontier trade, the treatment 
accorded by Tunisia to products originating in the Community may in no case be 
less favourable than that accorded to products originating in the most-favoured 


third State. 


2. To the extent that export duties are charged on the products of one 
Contracting Party when consigned to the other Contracting Party,. those duties 
may not be in excess of those imposed on products consigned to the most-favoured 


third State. 


3. The provisions of paragraphs 1 and 2 shall not prevent the maintenance or 


establishment by Tunisia of customs unions or free-trade areas, to the extent 
that these do not have the effect of changing the trade regime, and in particular
the provisions concerning rules of origin, provided for by the present Agreement. 


In particular, these provisions shall not prevent the maintenance cr 
conclusion of agreements in furtherance of the progressive economic integration
of the Maghreb.</article>
      <article number="ARTICLE 5" article_identifier="19801">The provisions set forth in the protocol define the rules of origin
applicable to products covered by this Agreement.</article>
      <article number="ARTICLE 6" article_identifier="19802">Payments in respect of trade in goods and likewise the transfer of such 
payments to the member State in which the creditor resides or to Tunisia shall be 
authorized to the extent that such trade falls within the purview of this 
Agreement.</article>
      <article number="ARTICLE 7" article_identifier="19803">1. To the extent that protective measures prove necessary for the industrialization and development needs of Tunisia, the latter may withdraw concessions granted 
on the products concerned other than those included in list 5 of annex 3, subject 
to their replacement by other concessions so as to maintain the equilibrium of 



2. These withdrawal and replacement measures shall be taken after consultation 

the Agreement. 


in tho Association Council.</article>
      <article number="ARTICLE 8" article_identifier="19804">1. if serious disturbances occur in a sector of Tunisia's economic activity or 
threaten its external financial stability, or if difficulties arise that have the 
effect of altering the economic situation of any area of Tunisia, the latter may
take the necessary safeguard measures. 


These measures and their implementing modalities shall be notified without 


delay to the Association Council. 


2. If serious disturbances occur in a sector of the economic activity of the 


Community or of one or more of the member States, or threaten their external 
financial stability, or if difficulties arise that have the effect of altering


the economic situation of any area of the Community, the latter may take or 
authorize the member State or States concerned to take the necessary safeguard 


measures. 


These measures and their implementing modalities shall be notified without 


delay to the Association Council. 



3. For the implementation of the provisions of paragraphs 1 and 2, the measures 
selected must as a matter of priority be those causing the least possible
disturbance in the functioning of the Agreement. These measures must not exceed 
what is strictly necessary to remedy the difficulties which have arisen. 



4. Consultations may take place in the Association Council on measures taken in 
pursuance of paragraphs 1 and 2.</article>
      <article number="ARTICLE 9" article_identifier="19805">The provisions of this Agreement shall not prevent prohibitions or 


restrictions being imposed on imports, exports or transit on the grounds of public
morality, public order, public security, protection of human or animal life or 


health, the preservation of plant life, the protection of national treasures of 
artistic, historical or archaeological value, or the protection of industrial or 


commercial property. Such prohibitions or restrictions shall not, however,
constitute either a means of arbitrary discrimination or a disguised restriction 


on trade.</article>
    </chapter>
    <chapter number="PART II" name="General And Final Provisions" chapter_identifier="2389">
      <article number="ARTICLE 10" article_identifier="19806">1. An Association Council is hereby established to administer this Agreement 
and ensure its proper execution. To this end it shall make recommendations; it 
shall take decisions in the cases provided for in this Part. 



2. The Contracting Parties agree to inform each other and, on request by either 
of them, to consult in the Association Council with.a view to the proper 
implementation of this Agreement. 



3. The Association Council shall by decision establish its rules of procedure.</article>
      <article number="ARTICLE 11" article_identifier="19807">1. The Association Council shall consist, on the one hand, of the members of 
the Council and of members of the Commission of the European Communities and, on 
the other hand, of members of the Government of Tunisia. 


Members of the Association Council may delegate representatives under the 
conditions to be laid down in the rules of procedure. 


2. The decisions of the Association Council shall be taken by mutual agreement 
between the European Economic Community, on the one hand, and Tunisia, on the 
other hand.</article>
      <article number="ARTICLE 12" article_identifier="19808">1. The Association Council shall be presided over in turn by a member of the 
Council of the European Communities and a member of the Government of Tunisia. 



2. The Association Council shall be convened once a year by its Chairman. 

In addition, the Association Council shall meet whenever circumstances 
require, in the conditions set forth in its rules of procedure.</article>
      <article number="ARTICLE 13" article_identifier="19809">The Association Council may decide to set up any committee that can help it 
to discharge its tasks. 


The Association Council shall determine in its rules of procedure the 
composition, mandate and functioning of such committees.</article>
      <article number="ARTICLE 14" article_identifier="19810">1. The present agreement is concluded for a period of five years from the date 
of its entry into force. 



2. Not later than the end of the third year, negotiations may be initiated with 
a view to the conclusion of a new agreement on a broader basis.</article>
      <article number="ARTICLE 15" article_identifier="19811">The present Agreement may be denounced by either Contracting Party subject to 
sixmonths'advance notice.</article>
      <article number="ARTICLE 16" article_identifier="19812">1. The present Agreement shall apply to the European territories in which the 
Treaty establishing the European Economic Community is in operation, on the one 
hand, and to the Republic of Tunisia, on the other hand. 



2. It shall also apply to the French overseas departments in the sectors covered 
by this Agreement corresponding to those listed in paragraph 2, sub-paragraph 1 of 
Article 227 of the Treaty establishing the European Economic Community. 

The conditions governing the application to these departments of the provisions 
of the present Agreement concerning the ether sectors shall be determined subsequently by agreement between the Contracting Parties.</article>
      <article number="ARTICLE 17" article_identifier="19813">Annexes 1 to 3 and likewise the protocol relating to the definition of the 
concept of "products originating" and to the methods of administrative co-operation, 
annexed to the Agreement, shall form an integral part of the Agreement.</article>
      <article number="ARTICLE 18" article_identifier="19814">The present Agreement shall come into force on the first day of the month 
following the date on which the Contracting Parties notify each other that the 
necessary procedures for this purpose have been completed.</article>
      <article number="ARTICLE 19" article_identifier="19815">The present Agreement is drawn up in duplicate in the German, French, Italian,
Dutch and Arabic languages, each text being equally authentic.</article>
    </chapter>
    <chapter name="Conclusion" chapter_identifier="2390">
      <article article_identifier="19816">IN FAITH WHEREOF the undersigned plenipotentiaries have attached their signatures 


to the present Agreement. 
Done at Tunis on the twenty-eighth day of March, one thousand nine hundred and 
sixty-nine. 


For the Council of the European Communities, 
Gaston THORN Jean REY 


Subject to the reservation that the European Economic Community shall be 
definitely committed only after the other Contracting Party has been notified of 
the completion of the procedures required by the Treaty establishing the European 
Economic Community, more particularly the consultation of the Assembly. 


For the President of the Republic of Tunisia, 


Habib BOURGUIBA Jr. Ahmed BEN SALAH</article>
    </chapter>
  </body>
</treaty>
