<?xml version="1.0" encoding="UTF-8"?>
<treaty>
  <meta>
    <name>Estonia - Norway Free Trade Agreement</name>
    <type>Free Trade Agreement</type>
    <wto_rta_id>301</wto_rta_id>
    <treaty_identifier>258</treaty_identifier>
    <status>Inactive</status>
    <notification>GATT Art. XXIV</notification>
    <date_signed>1992-06-15</date_signed>
    <date_into_force>1992-06-15</date_into_force>
    <date_notification>1992-10-23</date_notification>
    <end_implementation/>
    <date_inactive>1996-06-01</date_inactive>
    <parties_original>
      <partyisocode n="1">EST</partyisocode>
      <partyisocode n="2">NOR</partyisocode>
    </parties_original>
    <parties>
      <partyisocode n="1"/>
    </parties>
    <composition>Bilateral</composition>
    <region>Europe</region>
    <parties_wto>Yes</parties_wto>
    <crossregional>No</crossregional>
    <language>en</language>
    <source lang="en" type="full text">http://sul-derivatives.stanford.edu/derivative?CSNID=91650218&amp;mediaType=application/pdf</source>
  </meta>
  <body>
    <chapter chapter_identifier="2456">
      <article article_identifier="20424">PREAMBLE 
The Kingdom of Norway 
and 


The Republic of Estonia, 
Recalling their intention to participate actively in the 


process of economic integration in Europe and expressing


their preparedness to co-operate in seeking ways and 


means to strengthen this multilateral process, 
Having regard to the Declaration signed by the EFTA 


States and Estonia in Geneva on 10 December 1991, 
Recalling the Trade Agreement between Norway and Estonia 


signed on 29 August 1925, in particular to the provision


contained therein that the Parties shall accord most-


favoured-nation treatment to each other, 
Recalling the importance of the traditional links between 


Norway and Estonia and the common values they share, and 
recognizing their wish to strengthen these links and to 


establish close and lasting relations, 
Desiring to create favourable conditions for the 


development and diversification of trade between them and 


for the promotion of commercial and economic co-operation


in areas of common interest on the basis of equality,


mutual benefit and international law, 
Resolved to develop further their relations in the field 


of trade in accordance with the principles of the General 


Agreement on Tariffs and Trade, 
Reaffirming their commitment to pluralistic democracy


based on the rule of law, human rights and fundamental 


freedoms and sharing the principles of the Final Act of 


the Helsinki Conference on Security and Co-operation in 


Europe and the Charter of Paris for a New Europe, 
Having regard to the emerging process of economic 


liberalization taking place in Europe aimed at the 


establishment of market economies, thus facilitating the 


integration of the European and world economy, 
Bearing in mind that this Agreement should contribute to 


the reduction of economic and social disparities, and to 


the establishment of an appropriate social dimension, 



Considering that no provision of this Agreement may be 


interpreted as exempting the Parties to this Agreement


from 	their obligations under other international 


agreements, 


Declaring their readiness to examine, in the light of any


relevant factor, the possibility of developing and 


deepening their relations in order to extend them to 


fields not covered by this Agreement, 


HAVE 	DECIDED, in pursuit of the above, to conclude this 


Agreement:</article>
    </chapter>
    <chapter chapter_identifier="2457">
      <article number="ARTICLE 1" name="Objectives" article_identifier="20425">1. Norway and Estonia shall gradually establish a free trade 


area in accordance with the provisions of this Agreement. 


2. 	The objectives of this Agreement are: 


(a) to promote, through the establishment of free trade 


according to the provisions of this Agreement, the 


harmonious development of economic relations between 


Norway and Estonia, and thus to foster the expansion


of reciprocal trade, the advance of economic 


activity, the improvement of living and employment


conditions, increased productivity, and financial 


stability; 



(b) to promote fair conditions of competition in the 



(c) to contribute, in this way, to European economic 

mutual trade between Norway and Estonia; 


integration and the harmonious development and 


expansion of world trade.</article>
      <article number="ARTICLE 2" name="Scope Of The Agreement" article_identifier="20426">This Agreement shall apply: 



(a) 	to products falling within Chapters 25 to 97 of the 
Harmonized Commodity Description and Coding system, 



(b) 	to fish and other marine products as provided

for in Annex I. 
originating in Norway or Estonia.</article>
      <article number="ARTICLE 3" name="Trade In Agricultural Products" article_identifier="20427">1. The Parties declare their readiness to foster, in so far 


as their agricultural policies allow, the harmonious 


development of trade in agricultural products. 


2. 	In pursuance of this objective the Parties have concluded 
an agreement providing for measures to facilitate trade 


concerning agricultural products (HS 1-24), and 


establishing free trade to specific processed


agricultural products for which this Agreement shall 


apply. 


3. 	The Parties shall apply their regulations in veterinary,


plan. health and health matters in a non-discriminatory


fashion, and shall not introduce any new measures that 


unduly obstruct trade.</article>
      <article number="ARTICLE 4" name="Rules Of Origin" article_identifier="20428">1. 	Protocol A2 lays down the rules of origin and related 


methods of administrative co-operation. 


2. 	The Parties shall take appropriate measures, including


arrangements for administrative co-operation, to ensure 


that the provisions of Article 3, 5, 6, 13 and Protocol A 


are effectively and harmoniously applied, and to reduce, 


as far as possible, the formalities imposed on trade, and 


to achieve mutually satisfactory solutions to any


difficulties arising out of the operation of those 


provisions.</article>
      <article number="ARTICLE 5" name="Prohibition And Abolition Of Customs Duties On Imports And Exports Of Charges Having Equivalent Effect" article_identifier="20429">1. 	No new customs duties on imports and exports or charges


having equivalent effect shall be introduced in trade 


between Norway and Estonia. 


2. 	Customs duties on imports and exports or charges having


equivalent effect shall be abolished upon the entry into 


force of this Agreement. 


3. 	The provisions of this Article shall also apply to 


customs ,duties of a fiscal nature. 


1 For processed agricultural products contained herein, the 


Parties price compensation system shall apply. 
Document is available for consultation in the Secretariat (Office No. 2077).</article>
      <article number="ARTICLE 6" name="Prohibition And Abolition Of Quantitative Restrictions" article_identifier="20430">on imports and exports or measures having


equivalentt effect 
1i. No new quantitative restrictions on imports and exports 


or measures having equivalent effect shall be introduced 


in trade between Norway and Estonia. 


2. 	Quantitative restrictions on imports and exports or 
measures having equivalent effect shall be abolished upon


the entry into force of this Agreement except as provided


for in Annex II.</article>
      <article number="ARTICLE 7" name="General Exceptions" article_identifier="20431">This Agreement shall not preclude prohibitions or 


restrictions on imports, exports, or goods in transit,


justified on grounds of public morality, public policy, 


or public security; protection of health and life of 


humans, animals or plants; protection of the environment;


protection of national treasures possessing artistic,


historic, or archaeological value, protection of 


intellectual property, or rules relating to gold or 


silver. Such prohibitions or restrictions shall not, 


however, constitute a means of arbitary discrimination 


or a 	disguised restriction on trade between the Parties.</article>
      <article number="ARTICLE 8" name="Internal Taxation" article_identifier="20432">1. The Parties shall refrain from any measure or practice of 


an internal fiscal nature establishing, whether directly


of indirectly, discrimination between the products


originating in one Party and like products originating in 


the other Party. 


2. 	Products exported to the territory of one of the Parties 


may not benefit from repayment of internal taxation in 


excess of the amount of direct or indirect taxation 


imposed on them.</article>
      <article number="ARTICLE 9" name="Payments" article_identifier="20433">1. 	Payments relating to trade in goods and the transfer of 
such payments to the territory of the Party where the 
creditor resides shall be free from any restrictions. 


Payments between the Parties shall be effected in freely


convertible currencies, unless otherwise agreed by


specific companies in specific cases. 


2. 	The Parties shall refrain from any currency exchange
restrictions or administrative restrictions on the grant, 


repayment, or acceptance of short and medium-term credits 


covering commerical transactions in which a resident 


participates.</article>
      <article number="ARTICLE 10" name="Rules Of Competition And Public Procurement" article_identifier="20434">1. 	The Parties shall make best endeavours to ensure fair 
competition in their mutual trade. Rules between the 


parties concerning competition between enterprises and 
public procurement shall be further elaborated in the 
Joint Committee, and put into effect not later than 31 
December 1995.</article>
      <article number="ARTICLE 11" name="State Aid" article_identifier="20435">1. 	The Parties shall not maintain or introduce export aid as 
listed in Annex III. 



2. 	The Joint Committee shall keep the situation regarding 

use of state aid under review, and shall with regard to 


other state aid than export aid, elaborate rules and put


these into effect not later than 31 December 1995. 


3. 	If a Party to this Agreement considers that a given


practice is incompatible with para 1, it may take 


appropriate measures under conditions and in accordance 


with 	the procedure laid down in Article 20.</article>
      <article number="ARTICLE 12" name="Protection Of Intellectual Property" article_identifier="20436">1. 	The Parties to this Agreement shall co-operate with the 


aim of gradually improving the non-discriminatory


protection of intellectual property rights, including 


measures for the grant and enforcement of such rights. 



Rules between the parties concerning the protection of 


intellectual property rights shall be elaborated and put
into effect not later than 31 December 1995. These rules 
shall ensure a level of protection similar to that 


prevailing in the member States of the European


Communitites and in the member states of the European


Free 	Trade Association. 


2. With respect to paragraph 1 of this Article, intellectual 


property rights shall include, in particular, protection


of copyright, comprising computer programmes, databases,


and neighboring rights; trademarks; geographical


indications; industrial designs; patents; topographies of 


integrated circuits; as well as undisclosed information 


on know-how.</article>
      <article number="ARTICLE 13" name="Promotion Of Trade And Economic Co-Operation" article_identifier="20437">The Parties shall promote trade and economic co-operation


between them, including fostering a favourable climate 
for investments, joint ventures, and sub-contracting, and 


facilitating trade promotion activities.</article>
      <article number="ARTICLE 15" name="Evolutionary Clause" article_identifier="20438">The Parties undertake to examine, in the light of any


relevant factor, the possibility of further developing


and deepening the co-operation under this Agreement and 


to extend it to areas not covered therein.</article>
      <article number="ARTICLE 15" name="Services And Investment" article_identifier="20439">1. 	The Parties to this Agreement recognize the growing
importance of certain trade related areas, such as 


services and investments. In their efforts to gradually


deepen and broaden their co-operation, in particular in 


the context of European integration, they will co-operate


with 	the aim of achieving a gradual liberalization and 


mutual opening of markets for investments and trade in 


services, in the mutual interest of the Parties. 


2. 	The Parties will at a later stage discuss in the Joint 
Committee possibilities to extend their trade relations 


to the fields of investment and trade in services.</article>
      <article number="ARTICLE 16" name="Dumping" article_identifier="20440">If a 	Party finds that dumping is taking place in trade. 


relations governed by this Agreement, it may take 


appropriate measures against that practice in accordance 
with Article VI of the General Agreement on Tariffs and 
Trade and agreements related to that Article, under the 


conditions and in accordance with the procedure laid down 


in Article 20.</article>
      <article number="ARTICLE 17" name="Emergency Action On Imports Of Particular Products" article_identifier="20441">If an increase in imports of a given product originating


in Norway or Estonia occurs in quantities or under 


conditions which cause, or are likely to cause: 


(a) 	serious injury to domestic producers of like or 


directly competitive products in the territory of 


the other Party, or 


(b) 	serious disturbances in any related sector of the 
economy or difficulties which could bring about 


serious deterioration in the economic situation of a 


region, 
the Party concerned may lake appropriate measures under 


the conditions and in accordance with the procedure laid 


down in Article 20.</article>
      <article number="ARTICLE 18" name="Re-Export And Serious Shortage" article_identifier="20442">Where compliance with the provisions of Article 5 and 
Article 6 leads to: 


(a) 	re-export towards a third country against which the 


exporting Party maintains for the product concerned 


quantitative export restrictions, export duties, or 


measures or charges having equivalent effect; or 


(b) 	a serious shortage, or threat thereof, of a product


essential to the exporting Party; 
and where the situations referred to above give rise or 


are likely to give rise to major difficulties for the 
exporting Party, that Party may take appropriate measures 


under the conditions and in accordance with the 
procedures laid down in Article 20.</article>
      <article number="ARTICLE 19" name="Balance Of Payments Difficulties" article_identifier="20443">1. 	Notwithstanding the provisions of Article 5 and Article 


6, a Party may, consistently with its other international 
obligations, introduce restrictive measures on trade if 


it is in serious balance of payments difficulties or 


under imminent threat thereof. Such measures shall be of 


a temporary nature. 


2. 	Measures taken in accordance with paragraph 1 of this 


Article shall be notified to the Joint Committee, if 


possible prior to their introduction. The Joint Committee 
shall, upon the request of the other Party, examine the 


need for maintaining the measures taken.</article>
      <article number="ARTICLE 20" name="Procedure For The Application Of Safeguard Measures" article_identifier="20444">1. 	Before initiating the procedure for the application of 


safeguard measures set out in this Article, the Parties 


shall endeavour to solve any differences between them 


through direct consultations. 


2. 	Without prejudice to paragraph 5 of this Article, a Party


which considers resorting to safeguard measures shall 


promptly notify the Joint Committee thereof and supply


all relevant information. Consultations shall take place


without delay in the Joint Committee with a view to 


finding a mutually acceptable solution. 


(a) 	As regards Article 11, the Party concerned shall 
give to the Joint Committee all the assistance 


required for the examiniation of the case and shall, 


where appropriate, eliminate the practice objected 


to. If the party in question fails to put an end to 


the practice objected to within the period fixed by


the Joint Committee or if the Joint Committee fails 


to reach an agreement within three months of the 


matter being referred to it, the Party concerned may


adopt the appropriate measures to deal with the 


difficulties resulting from the practice in 


question. 


(b) 	As regards Article 16, 17 and 18 the Joint Committee 


shall examine the situation and may take any


decision needed to put an end to the difficulties 
notified by the Party concerned. In the absence of 


such decision within thirty days of the matter being
referred to the Joint Committee, the Party concerned 
may adopt the measures necessary in order to remedy


the situation. 


(c) As regards Article 24, the Party concerned may take 


appropriate measures after the consultations have 


been concluded or a period of three months has 
elapsed from the date of notification. 


3. 	The safeguard measures taken shall be notified 
immediately to the Joint Committee. They shall be 


restricted with regard to their extent and to their 


duration to what is strictly necessary in order to 


rectify the situation giving rise to their application


and shall not be in excess of the injury caused by the 


practice or the difficulty in question. Priority shall be 


given to such measures as will least disturb the 
functioning of the Agreement. 


4. 	The safeguard measures taken shall be the object of 


regular consultations within the Joint Committee with a 


view 	to their relaxation, substitution, or abolition as 


soon 	as possible. 


5. 	Where exceptional circumstances requiring immediate 


action make prior examination impossible, the Party


concerned may, in the cases of Article 11, 16, 17 and 18 
apply forthwith the precautionary measures strictly 


necessary to remedy the situation. The measures shall be 


notified without delay, and consultations between the 


Parties shall take place as soon as possible within the 


Joint Committee.</article>
      <article number="ARTICLE 21" name="Restructuring Clause" article_identifier="20445">The Parties agree that exceptional measures of limited 


duration which derogate from the provisions of Article 5 


may be taken by Estonia in the form of increased customs 


duties in accordance with Annex IV.</article>
      <article number="ARTICLE 22" name="Security Exceptions" article_identifier="20446">Nothing in this Agreement shall prevent a Party from 


taking any measures which it considers necessary: 



(a) 	to prevent the disclosure of information contrary to 



(b) 	for the protection of its essential security

its essential security interests; 


interests or for the implementation of international 


obligations or national policies 


(i) relating to the traffic in arms,


ammunition, and implements of war, 


provided that such measures do not impair 



the conditions of competition in respect 
of products not intended for specifically
military purposes, and to such traffic in 


other goods, materials, and services as is 


carried on directly or indirectly for the 


purpose of supplying a military


establishment; or 


(ii) relating to the non-proliferation of 


biological and chemical weapons, nuclear 


weapons, or other nuclear explosive
devices; or 


(iii) 	taken in time of war or other serious 
international tension.</article>
      <article number="ARTICLE 23" name="The Joint Committee" article_identifier="20447">1. 	The implementation of this Agreement shall be supervised


and administered by a Joint Committee. 


2. 	The Joint Committee shall consist of representatives of 


Norway on the one hand and of representatives of Estonia, 
on the other. It shall act by mutual agreement and shall 
meet whenever necessary but at least once a year. Each 
Party may request that a meeting be held. 



3. 	The Joint Committee may decide to amend the Annexes and 
Protocols to this Agreement. 



4. 	The Joint Committee may decide to set up such 

subcommittees and working groups as it considers 


necessary 	to assist it in accomplishing its tasks.</article>
      <article number="ARTICLE 24" name="Fulfilment Of Obligations" article_identifier="20448">1. 	The Parties to this Agreement shall take all necessary 


measures to ensure the achievement of the objectives of 


the Agreement and the fulfilment of their obligations


under the 	Agreement. 


2. 	If either Party considers that the other Party has failed 
to fulfil an obligation under this Agreement, the Party 
concerned may take the appropriate measures under the 


conditions and in accordance with the procedures laid 
down in Article 20.</article>
      <article number="ARTICLE 25" name="Annexes And Protocols" article_identifier="20449">The Annexes I to IV and Protocol A to this Agreement are 


an integral part of it. 


Article 26 ⊥
Entry into force</article>
    </chapter>
    <chapter chapter_identifier="2458">
      <article article_identifier="20450">IN WITNESS WHEREOF the undersigned plenipotentiaries,


being duly authorized thereto, have signed the present


Agreement 


DONE at Tallinn .,.w............................,in two authentic 


copies in the English language 


For the Government of For the Government of 


the Republic of Estonia the Kingdom of Norway</article>
    </chapter>
  </body>
</treaty>
