<?xml version="1.0" encoding="UTF-8"?>
<treaty>
  <meta>
    <name>Romania - Turkey</name>
    <type>Free Trade Agreement</type>
    <wto_rta_id>345</wto_rta_id>
    <treaty_identifier>296</treaty_identifier>
    <status>Inactive</status>
    <notification>GATT Art. XXIV</notification>
    <date_signed>1997-04-29</date_signed>
    <date_into_force>1998-02-01</date_into_force>
    <date_notification>1998-05-18</date_notification>
    <end_implementation/>
    <date_inactive>2007-01-01</date_inactive>
    <parties_original>
      <partyisocode n="1">ROU</partyisocode>
      <partyisocode n="2">TUR</partyisocode>
    </parties_original>
    <parties>
      <partyisocode n="1"/>
    </parties>
    <composition>Bilateral</composition>
    <region>Europe</region>
    <parties_wto>Yes</parties_wto>
    <crossregional>No</crossregional>
    <language>en</language>
    <source lang="en" type="full text">http://docsonline.wto.org/imrd/gen_redirectsearchdirect.asp?RN=0&amp;searchtype=browse&amp;query=@meta_Symbol"WT/REG59/1"&amp;language=1&amp;ct=DDFEnglish</source>
    <source lang="es" type="full text">http://docsonline.wto.org/imrd/gen_redirectsearchdirect.asp?RN=0&amp;searchtype=browse&amp;query=@meta_Symbol"WT/REG59/1"&amp;language=3&amp;ct=DDFSpanish</source>
    <source lang="fr" type="full text">http://docsonline.wto.org/imrd/gen_redirectsearchdirect.asp?RN=0&amp;searchtype=browse&amp;query=@meta_Symbol"WT/REG59/1"&amp;language=2&amp;ct=DDFFrench</source>
  </meta>
  <body>
    <chapter name="Preamble" chapter_identifier="2605">
      <article number="ARTICLE 1" name="Objectives" article_identifier="21750">1. 	The objectives of this Agreement are: 


(a) 	to establish gradually a free-trade area between Turkey and Romania, covering substantially all trade between them in a transitional period ending on 1.1.2002 at the latest in accordance with the provisions of the present Agreement and in conformity with Article XXIV of the General Agreement on Tariffs and Trade 1994 and WTO; 


(b) 	to promote, through the expansion of reciprocal trade, the harmonious development of the economic relations between Turkey and Romania; 


(c) 	to provide fair conditions of competition for trade between Turkey and Romania; 


(d) 	to contribute in this way, by the removal of barriers to trade, to the harmonious development and expansion of world trade; 


(e) 	to enhance cooperation between Turkey and Romania.</article>
    </chapter>
    <chapter number="CHAPTER I" name="Industrial Products" chapter_identifier="2606">
      <article number="ARTICLE 2" name="Scope" article_identifier="21751">1. The provisions of this Chapter shall apply to industrial products originating in the Parties. The term "industrial products" means for the purpose of this Agreement the products falling within Chapters 25 to 97 of the Harmonized Commodity Description and Coding System with the exception of the products listed in Annex I. 


2. 	The provisions of Articles 3 to 9 do not apply to products mentioned in Articles 10 and 11.</article>
      <article number="ARTICLE 3" name="Customs Duties On Imports" article_identifier="21752">1. No new customs duty on imports shall be introduced nor shall those already applied be increased in trade between the Parties from the date of entry into force of this Agreement. 


2. Customs duties on imports applicable in Romania to products originating in Turkey which are listed in Annex II shall be abolished on the entry into force of this Agreement. 


3. Customs duties on imports applicable in Romania to products originating in Turkey listed in Annexes III and IV shall be gradually abolished in accordance with the timetable provided in these Annexes. 


4. Customs duties on imports applicable in Romania to products originating in Turkey which are not listed in Annexes II, III and IV shall be gradually abolished in accordance with the following timetable: 

-to 80 per cent on the entry into force of this Agreement 
-to 60 per cent on 1.1.1998; 
-to 50 per cent on 1.1.1999; 
-to 35 per cent on 1.1.2000; 
-to 20 per cent on 1.1.2001; 
-to 0 per cent on 1.1.2002. 


5. Customs duties on imports applicable in Turkey to products originating in Romania which are not listed in Annex V shall be abolished on the entry into force of this Agreement. 


6. Customs duties on imports applicable in Turkey to products originating in Romania which are listed in Annex V shall be abolished in accordance with the timetable provided in that Annex. 


7. Any change in Turkish and Romanian commitments to the European Community in this regard shall be referred to the Joint Committee.</article>
      <article number="ARTICLE 4" name="Basic Duties" article_identifier="21753">1. For each product the basic duty to which successive reductions set out in this Agreement are to be applied shall be the most-favoured-nation rate of duty in force on 1.1.1997. 


2. If after entry into force of this Agreement, any tariff reduction is applied on an erga omnes basis, in particular reductions resulting from the tariff agreement concluded within the WTO such reduced duties shall replace the basic duties referred to in paragraph 1 as from that date when such reductions are applied. 


3. The reduced duties calculated in accordance with paragraph 2 shall be applied rounded to the first decimal place. 


4. The Parties shall communicate to each other their respective customs duties.</article>
      <article number="ARTICLE 5" name="Charges Equivalent To Duties" article_identifier="21754">1. No new charge having effect equivalent to customs duty on imports shall be introduced in trade between the Parties from the date of entry into force of this Agreement. 


2. All charges having effect equivalent to customs duties on imports shall be abolished on the date of entry into force of this Agreement, except for the charge of 0.5 per cent ad valorem for customs formalities applied by Romania, which will be reduced to 0.25 per cent on the date of entry into force of this Agreement and eliminated by the end of 1997 at the latest.</article>
      <article number="ARTICLE 6" name="Fiscal Duties" article_identifier="21755">The provisions of Article 3 shall also apply to customs duties of a fiscal nature.</article>
      <article number="ARTICLE 7" name="Customs Duties On Exports And Charges Having Equivalent Effect" article_identifier="21756">1. No new customs duty on exports or charge having equivalent effect shall be introduced in trade between Turkey and Romania. 


2. All charges having effect equivalent to customs duties on exports shall be abolish on the date of entry into force of this Agreement, except for the charge of 0.5 per cent ad valorem for customs formalities applied by Romania, which will be reduced to 0.25 per cent on the date of entry into force of this Agreement and eliminated by the end of 1997 at the latest.</article>
      <article number="ARTICLE 8" name="Quantitative Restrictions On Imports And Measures Having Equivalent Effect" article_identifier="21757">1. No new quantitative restriction on imports or measures having equivalent effect shall be introduced in trade between the Parties from the date of entry into force of this Agreement. 


2. All quantitative restrictions and measures having equivalent effect on imports of products originating in the Parties shall be abolished on the date of entry into force of this Agreement.</article>
      <article number="ARTICLE 9" name="Quantitative Restrictions On Exports And Measures Having Equivalent Effect" article_identifier="21758">1. No new quantitative restriction on exports or measures having equivalent effect shall be introduced nor shall those be made more restrictive in trade between the Parties from the date of entry into force of this Agreement. 


2. Quantitative restrictions on exports to Romania and any measures having equivalent effect shall be abolished by Turkey on the date of entry into force of this Agreement. 


3. Quantitative restrictions on exports to Turkey and any measures having equivalent effect shall be abolished by Romania upon entry into force of this Agreement except for those listed in Annex VI which shall be progressively reduced and shall be eliminated at the latest by 1998.</article>
      <article number="ARTICLE 10" name="Trade In Textile Products" article_identifier="21759">Protocol A lays down the arrangements applicable to the textile products referred to therein. Article 11 Trade in Iron and Steel Products Protocol B lays down the arrangements applicable to the iron and steel products referred to therein.</article>
    </chapter>
    <chapter number="CHAPTER II" name="Agricultural And Fishery Products" chapter_identifier="2607">
      <article number="ARTICLE 12" name="Scope" article_identifier="21760">1. The provisions of this Chapter shall apply to agricultural and fishery products originating in the Parties. 


2. The term "agricultural products" means the products listed n Chapters 1-24 of the Combined Nomenclature and the products listed in Annex I of this Agreement.</article>
      <article number="ARTICLE 13" name="Processed Agricultural Products" article_identifier="21761">Protocol C lays down the trade arrangements for processed agricultural products which are listed in such a Protocol.</article>
      <article number="ARTICLE 14" name="Exchange Of Concessions" article_identifier="21762">1. The Parties grant each other the concessions specified in the Annexes VII and VIII in accordance with the provisions of this Chapter and provisions laid down in this Protocol. 


2. Taking account of: 
-the role of agriculture in their economies, 

-the development of trade in agricultural products between the Parties, 

-the particular sensitivity of the agricultural products, 

-the rules of their agricultural policies, 

-the consequences of the Uruguay Round of Multilateral Trade Negotiations under the 

World Trade Organization, 

the Parties to this Agreement declare their readiness to foster, in so far as their agricultural policies allow, the harmonious development of trade in agricultural products and to discuss this issue periodically in the Joint Committee. 

3. Turkey and Romania shall not apply quantitative restrictions on imports of agricultural products in their mutual trade from the entry into force of this Agreement.</article>
      <article number="ARTICLE 15" name="Concessions And Agricultural Policies" article_identifier="21763">1. Without prejudice to the concessions granted under Article 13 and 14, the provisions of Chapter II shall not restrict in any way the pursuance of the respective agricultural policies of the Parties or the taking of any measures under such policies, including the implementation of the results of the World Trade Organization. 


2. The Parties shall notify to the Joint Committee, changes in their respective agricultural policies pursued or measures applied which may affect the conditions of agricultural trade between them as provided for in this Agreement.  Prompt consultations shall be held, upon request of any Party to examine the situation.</article>
      <article number="ARTICLE 16" name="Specific Safeguards" article_identifier="21764">Notwithstanding other provisions of this Agreement and, in particular, Article 28, if given the particular sensitivity of the agricultural markets, imports of products originating in a Party, which are the subject to concessions granted under this Agreement, cause serious disturbance to the markets of the other Party, the Party concerned shall enter into consultations immediately to find the appropriate solution.  Pending such solution, the Party concerned may take the measures it deems necessary.</article>
    </chapter>
    <chapter number="CHAPTER III" name="Services And Investment" chapter_identifier="2608">
      <article number="ARTICLE 17" article_identifier="21765">1. The Parties recognize the growing importance of certain areas, such as services and investments.  In their efforts to gradually develop and broaden their cooperation, in particular in the context of European integration, they will cooperate with the aim of achieving gradual liberalization and mutual opening of markets for investments and trade in services, taking into account relevant WTO provisions. 


2. Turkey and Romania will discuss in the Joint Committee this cooperation with the aim to develop and deepen their relations under the Agreement.</article>
    </chapter>
    <chapter number="CHAPTER IV" name="Common Provisions" chapter_identifier="2609">
      <article number="ARTICLE 18" name="Rules Of Origin And Cooperation In Customs Administration" article_identifier="21766">1. Protocol D lays down the rules of origin and methods of administrative cooperation. 


2. The Parties to this Agreement shall take appropriate measures, including regular reviews by the Joint Committee and arrangements for administrative cooperation, to ensure that the provisions of this Protocol and Articles 3 to 9 and 14, 19 and 20 are effectively and harmoniously applied and reduce as far as possible the formalities imposed on trade and to achieve mutually satisfactory solutions to any difficulties arising from the operation of those provisions.</article>
      <article number="ARTICLE 19" name="Internal Taxation" article_identifier="21767">1. The Parties shall refrain from any measure or practice of an internal fiscal nature establishing, whether directly or indirectly, discrimination between the products and like products originating in the Parties. 


2. Products exported to the territory of one of the Parties may not benefit from repayment of internal taxes in excess of the amount of direct or indirect taxes imposed on them.</article>
      <article number="ARTICLE 20" name="General Exceptions" article_identifier="21768">This Agreement shall not preclude prohibitions or restrictions on imports, exports or goods in transit justified on grounds of public morality, public order or public security, the protection of human, animal or plant life or health and of environment, the protection of national treasures possessing artistic, historic or archaeological value, protection of intellectual, industrial and commercial property, or rules relating to gold or silver or the conservation of exhaustible natural resources if such measures are made effective in conjunction with restrictions on domestic production or consumption.  Such prohibitions or restrictions shall not, however, constitute a means of arbitrary discrimination or a disguised restriction on trade between the Parties.</article>
      <article number="ARTICLE 21" name="Security Exceptions" article_identifier="21769">Nothing in this Agreement shall prevent a Party from taking any measures which it considers necessary: 


(a) 	to prevent the disclosure of information contrary to its essential security interests; 


(b) 	which relate to the production of, or trade in, arms, ammunition or war materials or to research, development or production indispensable for defense purposes, provided that such measures do not impair the conditions of competition in respect of products not intended for specifically military purposes; 


(c) 	which it considers essential to its own security in the event of serious internal disturbances affecting the maintenance of law and order, in time of war or serious internal tension constituting threat of war or in order to carry out obligations it has accepted for the purpose of maintaining peace and international security.</article>
      <article number="ARTICLE 22" name="State Monopolies" article_identifier="21770">The Parties shall adjust progressively any state monopoly of commercial character so as to ensure that by 1998 no discrimination regarding the conditions under which goods are procured and marketed exists between nationals of the Parties. The Joint Committee will review progress in this area annually.</article>
      <article number="ARTICLE 23" name="Payments" article_identifier="21771">1. The Parties undertake to authorize, in freely convertible currency, any payments on the current account of balance of payments to the extent that the transactions underlying the payments concern movements of goods. 


2. Any measure concerning account of balance of payments taken by Turkey and Romania relevant to the movement of goods shall be in conformity with the conditions laid down in Article VIII of the Articles of Agreement of the International Monetary Fund whenever it is applicable to respective countries within the context of the current relations with the Fund.</article>
      <article number="ARTICLE 24" name="Rules Of Competition Concerning Undertakings" article_identifier="21772">1. The following are incompatible with the proper functioning of this Agreement, insofar as they may affect trade between the Parties: 


(a) 	all agreements between undertakings, decisions by associations of undertakings and concerted practices between undertakings which have as their object or effect the prevention, restriction or distortion of competition; 


(b) 	abuse by one or more undertakings of a dominant position in the territories of the Parties as a whole or in a substantial part thereof; 


(c) 	any public aid which distorts or threatens to distort competition by favouring certain undertakings or the production of certain goods. 

2. Any practices contrary to this Article shall be assessed on the basis of criteria arising from the application of the rules of Articles 85, 86 and 92 of the Treaty establishing the European Economic Community. 


3. The Joint Committee shall, within three years of the entry into force of this Agreement adopt the necessary rules for the implementation of paragraph 1 and 2. 


4. 	(a) For the purpose of applying the provisions of paragraph 1, point (c), the Parties recognize that during the first five years after the entry into force of the Agreement, any public aid granted by Romania shall be assessed taking into account the fact that Romania shall be regarded as an area identical to those areas of Turkey described in Article 92(3)(a) of the Treaty establishing the European Economic Community. The Joint Committee shall taking into account the economic situation of Romania, decide whether that period should be extended by further periods of five years. 

(b) 	Each Party shall ensure transparency in the area of public aid inter alia by reporting annually to the other Party on the total amount and the distribution of the aid given and by providing, upon request, information on aid schemes.  Upon request by one Party, the other Party shall provide information on particular individual cases of public aid. 

5. With regard to agricultural products referred to in Chapter II, paragraph 1(c) of this Article does not apply. 


6. If Turkey or Romania considers that a particular practice is incompatible with the terms of paragraph 1, and; 
-is not adequately dealt with under the implementing rules referred to in paragraph 2, or 

-in the absence of such rules, and if such practice causes or threatens to cause serious prejudice to the interest of the other Party or material injury to its domestic industry, 

it may take appropriate measures after consultation within the Joint Committee or after 30 working days following referral for such consultation. 

In the case of practices imcompatible with paragraph 1(c) of this Article, such appropriate measures may, where the WTO/GATT 1994 applies thereto, only be adopted in conformity with the procedures and under the conditions laid down by the WTO/GATT 1994 and any other relevant instrument negotiated under its auspices, which are applicable between the Parties. 

7. Notwithstanding any provisions to the contrary adopted in conformity with paragraph 2, the Parties shall exchange information taking into account the limitations imposed by the requirements of professional and business secrecy.</article>
      <article number="ARTICLE 25" name="Public Procurement" article_identifier="21773">1. The Parties consider the liberalization of their respective public procurement markets an objective of this Agreement. 


2. 	The Joint Committee will review progress in this area annually.</article>
      <article number="ARTICLE 26" name="Intellectual, Industrial And Commercial Property" article_identifier="21774">1. Pursuant to the provisions of this Article, the Parties shall grant and ensure adequate and effective protection of intellectual, industrial and commercial property rights by the end of 1998 in accordance with the highest international standards and multilateral conventions referred to in Annex IX, including effective means of enforcing such rights. 


2. The Parties to this Agreement shall take all necessary measures to enforce these rights against trade distortion, infringement, and particularly against counterfeiting and piracy. 


3. The Joint Committee shall keep the implementation of intellectual property rights under review.  At the request of one of the Parties to this Agreement consultations will take place in the Joint Committee on any matter concerning intellectual property rights. 


4. Upon entry into force of the Agreement treatment no less favourable than that granted to any third country under any bilateral agreement shall be granted by both Parties.</article>
      <article number="ARTICLE 27" name="Dumping" article_identifier="21775">If a Party finds that dumping, within the meaning of Article VI of the General Agreement on Tariffs and Trade is taking place in trade relations governed by this Agreement, it may take appropriate measures against that practice in accordance with the Agreement relating to the application of Article VI of the General Agreement on Tariffs and Trade and agreements with related internal legislation and with the conditions and procedures laid down in Article 32.</article>
      <article number="ARTICLE 28" name="Emergency Action On Imports Of Particular Products" article_identifier="21776">Where any product is being imported in such increased quantities and under such conditions as to cause, or threaten to cause: 


(a) 	serious injury to domestic producers of like or directly competitive products in the territory of the importing Party, or 


(b) 	serious disturbances in any sector of the economy or difficulties which could bring about serious deterioration in the economic situation of a region, 
the Party concerned may take appropriate measures under the conditions and in accordance with the procedure laid down in Article 32.</article>
      <article number="ARTICLE 29" name="Structural Adjustment" article_identifier="21777">1. Exceptional measures of limited duration which derogate from the provisions of Article 3 may be taken by any of the Parties in the form of increased customs duties. 


2. These measures may only concern infant industries, or certain sectors undergoing restructuring or facing serious difficulties, particularly where these difficulties produce important social problems. 


3. Customs duties on imports applicable in Turkey and Romania to products originating in each Party introduced by these measures may not exceed 25 per cent ad valorem and shall maintain an element of preference for products originating in the  Parties.  The total value of imports of the products which are subject to these measures may not exceed 15 per cent of total imports of industrial products from the other Party as defined in Chapter I, during the last year for which statistics are available. 


4. These measures shall be applied for a period not exceedng five years unless a longer duration is authorized by the Joint Committee.  They shall cease to apply at the latest at the expiration of the transitional period. 


5. No such measures can be introduced in respect of a product if more than five years have elapsed since the elimination of all duties and quantitative restrictions or charges or measures having an equivalent effect concerning that product. 


6. Turkey and Romania shall inform the Joint Committee of any exceptional measures it intends to take and, upon request of the other Party, consultations shall be held within the Joint Committee on such measures and the sectors to which they apply before they are applied.  When taking such measures the Party concerned shall provide the Joint Committee with a calendar for the elimination of the customs duties introduced under this Article. This schedule shall provide for phasing out of these duties starting at the latest two years after their introduction, at equal annual rates.  The Joint Committee may decide on a different schedule.</article>
      <article number="ARTICLE 30" name="Re-Export And Serious Shortage" article_identifier="21778">Where compliance with the provisions of Articles 7 and 9 lead to: 


(a) 	Re-export towards a third country against which the exporting Party maintains for the product concerned quantitative export restrictions, export duties or measures or charges having equivalent effect; or 


(b) 	A serious shortage, or threat thereof, of a product essential to the exporting Party; 
and where the situations referred to above give rise or are likely to give rise to major difficulties for the exporting Party, that Party may take appropriate measures under the conditions and in accordance with the procedures laid down in Article 32.  The measures shall be non-discriminatory and be eliminated when conditions no longer justify their maintenance.</article>
      <article number="ARTICLE 31" name="Fulfilment Of Obligations" article_identifier="21779">1. The Parties shall take any general or specific measures required to fulfill their obligation under this Agreement.  They shall ensure that the objectives set out in the Agreement are attained. 


2. If either Party considers that the other Party has failed to fulfill an obligation under the Agreement, it may take appropriate measures.  Before so doing, except in case of special urgency, it shall supply the Joint Committee with all relevant information required for thorough examination of the situation with a view to seeking a solution acceptable to the Parties.  In the selection of measures, priority must be given to those which least disturb the functioning of the Agreement.  These measures shall be the subject of consultations within the Joint Committee if the other Party so requests.</article>
      <article number="ARTICLE 32" name="Procedure For The Application Of Safeguard Measures" article_identifier="21780">1. In the event of Turkey and Romania subjecting imports of products liable to give rise to the difficulties referred to in Article 28 to an administrative procedure having as its purpose the rapid provision of information on the trend of trade flows, it shall inform the other Party. 


2. In the cases specified in Articles 27, 28, 29 and 30 before taking measures provided for therein or, in cases to which paragraph 3(d) applies, as soon as possible, Turkey or Romania, as the case may be shall supply the Joint Committee with all relevant information, with a view to seeking a solution acceptable to the two Parties. 
In the selection of measures, priority must be given to those which least disturb the functioning of this Agreement. 

The safeguard measures shall be notified immediately to the Joint Committee and  shall be the subject of periodic consultations within that body, particularly with a view to establishing a timetable for their abolition as soon as circumstances permit. 

3. 	For the implementation of paragraph 2, the following provisions shall apply: 


(a) 	The difficulties arising from the situation referred to in Article 28 shall be referred for examination to the Joint Committee, which may take any decision needed to put an end to such difficulties. 

If the Joint Committee or the exporting Party has not taken a decision putting an end to the difficulties or no other satisfactory solution has been reached within 30 days of the matter being referred, the importing Party may adopt the appropriate measures to remedy the problem. These measures must not exceed the scope of what is necessary to remedy the difficulties which have arisen. 

(b) 	As regards Article 27, the Joint Commitee shall be informed of the dumping case as soon as the authorities of investigating Party have initiated an investigation.  When no end has been put to the dumping or no other satisfactory solution has been reached within 30 days of the matter being referred to the Joint Committee, the importing Party may adopt the appropriate measures. 


(c) 	As regards Article 30, the difficulties arising from the situation referred to in that Article shall be referred for examination to the Joint Committee. 

The Joint Committee may take any decision needed to put an end to the difficulties. If it has not taken such a decision within 30 days of the matter being referred to it, the exporting Party may apply appropriate measures on the exportation of the product concerned. 

(d) 	Where exceptional circumstances requiring immediate action make prior information or examination as the case may be, impossible, Turkey or Romania, whichever is concerned, may, in the situations specified in Articles 24, 27, 28, 29, 30 and 33 apply forthwith the precautionary and provisional measures strictly necessary to deal with the situation, and the Joint Committee will be informed immediately.</article>
      <article number="ARTICLE 33" name="Balance Of Payments Difficulties" article_identifier="21781">1. The Parties shall endeavour to avoid the imposition of restrictive measures including measures relating to imports for balance of payments purposes.  In the event of their introduction, the Party having introduced the same shall present to the other Party a time schedule for their removal. 


2. Where Turkey or Romania is in serious balance of payments difficulties, or under imminent threat thereof, Turkey or Romania, as the case may be, may, in accordance with the conditions established under the General Agreement on Tarrifs and Trade and with Article VIII of the Articles of the International Monetary Fund, adopt restrictive measures, including measures relating to imports, which shall be of limited duration and may not go beyond what is necessary to remedy the balance of payments situation.  Turkey or Romania, as the case may be, shall inform the other Party forthwith.</article>
      <article number="ARTICLE 34" name="Evolutionary Clause" article_identifier="21782">Where a Party considers that it would be useful in the interest of the economies of the Parties to develop and deepen the relations established by this Agreement by extending them to fields not covered thereby, it shall submit a reasoned request to the other Party.  The Parties may instruct the Joint Committee to examine such a request and, where appropriate, to make recommendations, particularly with a view to opening negotiations.</article>
      <article number="ARTICLE 35" name="Establishment Of The Joint Committee" article_identifier="21783">1. A Joint Committee is hereby established in which each Party shall be represented.  The Joint Committee shall be responsible for the administration of this Agreement and shall ensure its proper implementation. 


2. For the purpose of the proper implementation of this Agreement, the Parties shall exchange information and, at the request of any Party, shall hold consultations within the Joint Committee. The Joint Committee shall keep under review the possibility of further removal of the obstacles to trade between the Parties. 


3. The Joint Committee may take decisions in the cases provided for in this Agreement.  On other matters the Joint Committee may make recommendations.</article>
      <article number="ARTICLE 36" name="Procedures Of The Joint Committee" article_identifier="21784">1. For the proper implementation of this Agreement, the Joint Committee shall meet at an appropriate level whenever necessary but at least once a year.  Each Party may request a meeting to be held. 


2. The Joint Committee shall act by common agreement. 


3. If a representative in the Joint Committee of a Party has accepted a decision subject to the fulfilment of constitutional requirements the decision shall enter into force, if no later date is contained therein, on the day the lifting of the reservation notified. 


4. For the purpoes of this Agreement, the Joint Committee shall adopt its rules of procedure which shall, inter alia, contain provisions for convening meetings and for the designation of the Chairman and his term of office. 


5. The Joint Committee may decide to set up such sub-committees and working parties as it considers necessary to assist it in accomplishing its tasks.</article>
      <article number="ARTICLE 37" name="Trade Relations Governed By Other Agreements" article_identifier="21785">1. This Agreement shall not prevent the maintenance or establishment of customs unions, free-trade areas or arrangements for frontier trade to the extent that these do not negatively affect the trade regime and, in particular, the provisions concerning rules of origin provided for by this Agreement. 


2. Consultations between the Parties shall take place within the Joint Committee concerning agreements establishing such customs unions or free-trade areas and, where requested, on the major issues to their respective trade policies with third countries.</article>
      <article number="ARTICLE 38" name="Annexes And Protocols" article_identifier="21786">1. The Annexes, Protocols and Joint Declarations to this Agreement are an integral part of this Agreement. 


2. 	The Joint Committee may decide to modify and amend the Annexes and Protocols.</article>
      <article number="ARTICLE 39" name="Territorial Application" article_identifier="21787">This Agreement shall apply to the territories of the Parties to this Agreement.</article>
      <article number="ARTICLE 40" name="Amendments" article_identifier="21788">Amendments to this Agreement other than those referred to in paragraph 3 of Article 35, and paragraph 2 of Article 38, which are approved by the Joint Committee shall be submitted to the Parties for acceptance and shall enter into force if accepted by both Parties.</article>
      <article number="ARTICLE 41" name="Entry Into Force" article_identifier="21789">1. This Agreement will be approved by the Paries in accordance with their own procedures. 


2. This Agreement shall enter into force on the first day of the second month following the day on which the Parties notify each other that the procedures referred to in the first paragraph of this Article have been completed.</article>
      <article number="ARTICLE 42" name="Validity And Terminiation" article_identifier="21790">This Agreement is concluded for an unlimited period. 

Each Party may terminate this Agreement by a written notification to the other Party. The termination shall take effect six months after the date of such notification.</article>
    </chapter>
    <chapter name="Conclusion" chapter_identifier="2610">
      <article article_identifier="21791">IN WITNESS WHEREOF the undersigned plenipotentiaties, being duly authorized thereto, have signed the present Agreement. 

DONE at Ankara, on 29th April, 1997, in three originals, each in the Turkish, Romanian and English languages, all texts being equally authentic.  In cases of differences in interpretation the English text shall prevail. 

For the Republic of Turkey For the Republic of Hungary Record of Understanding 

In case either Party agrees with the European Union to accelerate the reduction of tariffs or the removal of the quantitative restrictions concerning industrial products falling within the Chapter 25 to 97 of Harmonized Commodity Description and Coding System with the exception of the products listed in Annex I, the Parties shall consult about the terms and conditions of extending such liberalization to each other in conjunction with changed in their reduction schedule for sensitive products. 

JOINT DECLARATION 

The Romanian Side informed the Turkish Side on the anti-dumping duties imposed by Turkey on the products mentioned below originationg in Romania. 

Products 



Date of Imposition 
8311 10 10 

Welding Electrodes 

28.11.1990 
7003/7004/7005 

Flat Glasses 

12.02.1991 
7614 

Aluminium Conductors 

09.07.1991 
5503 20 00 

Polyester Fibres 

20.05.1992 
5506 20 00 

Polyester Fibres 

20.05.1992 
3904 10 00 00 00 

PVC 

January 1995 
3901 10 90 00 11 

Polyethylene (Low Density) 

January 1995 
At the same time, the Romanian Side underlined that at present Romania is in a stage of free market economy, repsectively the condtions are different compared with thoses existing when such duties were imposed by Turkey (under planned economy conditions in Romania). In addition for some products more than 5 years have elapsed since the imposition of such duties. 

In view of these, the Romanian Side requested the review of the anti-dumping duties imposed on products mentioned above with a view to their elimination. 

The Turkish Side, noting the Romanian request, informed the Romanian Side that since both Turkey and Romania are members of the WTO, Turkey shall honor all rights of the Romanian Side stemming from the Agreement on Implementation of Article VI of the General Agreement on Tariffs and Trade 1994 (Anti-Dumping Agreement) and the Agreement Establishing the WTO. In this connection, Turkey shall observe Article 11 of the Anti-Dumping Agreement concerning the review of the anti-dumping duties upon the application of the Romanian Side for the initiation of review of the anti-dumping duties imposed on products originating in Romania.  Turkey shall examine the application of the Romanian Side urgently and with goodwill with a view to eliminate the anti-dumping duties in the light of the above mentioned Agreements. 

JOINT DECLARATION 

Without prejudice to Article 8 of this Agreement, Parties will retain the provisions of their import regime which is in force before the entry into force of this Agreement for a certain period of time for the products listed in Annex A and B to this Declaration.</article>
    </chapter>
  </body>
</treaty>
