<?xml version="1.0" encoding="UTF-8"?>
<treaty>
  <meta>
    <name>Central European Free Trade Agreement (CEFTA) - Accession of Croatia</name>
    <type>Free Trade Agreement</type>
    <wto_rta_id>54</wto_rta_id>
    <treaty_identifier>48</treaty_identifier>
    <status>Inactive</status>
    <notification>GATT Art. XXIV</notification>
    <date_signed>2002-12-05</date_signed>
    <date_into_force>2003-03-01</date_into_force>
    <date_notification>2004-02-23</date_notification>
    <end_implementation/>
    <date_inactive>2007-01-01</date_inactive>
    <parties_original>
      <partyisocode n="1">BGR</partyisocode>
      <partyisocode n="2">CZE</partyisocode>
      <partyisocode n="3">HRV</partyisocode>
      <partyisocode n="4">HUN</partyisocode>
      <partyisocode n="5">POL</partyisocode>
      <partyisocode n="6">ROU</partyisocode>
      <partyisocode n="7">SVK</partyisocode>
      <partyisocode n="8">SVN</partyisocode>
    </parties_original>
    <parties>
      <partyisocode n="1"/>
    </parties>
    <composition>Plurilateral</composition>
    <region>Europe</region>
    <parties_wto>Yes</parties_wto>
    <crossregional>No</crossregional>
    <related_agreement_wto_id n="1">4</related_agreement_wto_id>
    <language>en</language>
    <source lang="en" type="full text">http://docsonline.wto.org/imrd/gen_redirectsearchdirect.asp?RN=0&amp;searchtype=browse&amp;query=@meta_Symbol"WT/REG11/12"&amp;language=1&amp;ct=DDFEnglish</source>
    <source lang="es" type="full text">http://docsonline.wto.org/imrd/gen_redirectsearchdirect.asp?RN=0&amp;searchtype=browse&amp;query=@meta_Symbol"WT/REG11/12"&amp;language=3&amp;ct=DDFSpanish</source>
    <source lang="fr" type="full text">http://docsonline.wto.org/imrd/gen_redirectsearchdirect.asp?RN=0&amp;searchtype=browse&amp;query=@meta_Symbol"WT/REG11/12"&amp;language=2&amp;ct=DDFFrench</source>
  </meta>
  <body>
    <chapter chapter_identifier="683">
      <article article_identifier="5883">AGREEMENT ON ACCESSION OF THE REPUBLIC OF CROATIA 
TO THE CENTRAL EUROPEAN FREE TRADE AGREEMENT 


Preamble 


The Republic of Bulgaria, the Czech Republic, the Republic of Hungary, the Republic of Poland, Romania, the Slovak Republic and the Republic of Slovenia, on the one side, and the Republic of Croatia, on the other side, (hereinafter called “the Parties”), 

Reaffirming their commitment to the principles of a market economy, which constitutes the basis for their relations; 

Considering the positive development of the mutual economic co-operation between the Parties; 

Wishing to contribute to the process of integration in Europe through the extension of the Central European Free Trade Agreement; 

Having in mind the Declarations of Prime Ministers, done on 16 November 2001 in Bucharest; 

Recalling the official request of the Republic of Croatia on 20 July 2001 to accede to the Central European Free Trade Agreement; 

Taking into account the Agreement Amending the Central European Free  Trade Agreement, signed in Brno on 11 September 1995; 

In accordance with the provisions of Article 39a of the Central European Free Trade Agreement; 

Have agreed as follows:</article>
    </chapter>
    <chapter chapter_identifier="684">
      <article number="ARTICLE 1" article_identifier="5884">The Republic of Croatia shall accede to the Central European Free Trade Agreement.</article>
      <article number="ARTICLE 2" article_identifier="5885">The Republic of Croatia shall accept the Central European Free Trade Agreement with all its amendments and modifications signed before the signature of this Agreement and shall apply it in accordance with the provisions of this Agreement.</article>
      <article number="ARTICLE 3" article_identifier="5886">References in the Central European Free Trade Agreement to its Parties and where all states are explicitly mentioned shall be understood to include the Republic of Croatia.</article>
      <article number="ARTICLE 4" article_identifier="5887">1. In order to implement the provisions of paragraph 2 of  Article 3 of the Central European Free Trade Agreement Protocols 32, 33, 34, 35, 36 and 37 to the Central European Free Trade Agreement are hereby established and attached to this Agreement. 


2. 	Provisions for the abolition of customs duties on imports between: 
-the Republic of Bulgaria on the one side and the Republic of Croatia on the other side are laid down in Protocol 32, 

-the Czech Republic and the Slovak Republic on the one side and the Republic of Croatia on the other side are laid down in Protocol 33, 

-the Republic of Hungary on the one side and the Republic of Croatia on the other side are laid down in Protocol 34, 

-the Republic of Poland on the one side and the Republic of Croatia on the other side are laid down in Protocol 35, 

-Romania on the one side and the Republic of Croatia on the other side are laid down in Protocol 36, 

-	the Republic of Slovenia on the one side and the Republic of Croatia on the other side are laid down in Protocol 37.</article>
      <article number="ARTICLE 5" article_identifier="5888">1. In order to implement the provisions of paragraph 1 of Article 12 of the Central European Free Trade Agreement Protocols 38, 39, 40, 41, 42 and 43 to the Central European Free Trade Agreement are hereby established and attached to this Agreement. 


2. 	Provisions for granting mutual agricultural concessions between: 
-	the Republic of Bulgaria on the one side and the Republic of Croatia on the other side are laid down in Protocol 38, 

-the Czech Republic and the Slovak Republic on the one side and the Republic of Croatia on the other side are laid down in Protocol 39, 

-the Republic of Hungary on the one side and the Republic of Croatia on the other side are laid down in Protocol 40, 

-the Republic of Poland on the one side and the Republic of Croatia on the other side are laid down in Protocol 41, 

-Romania on the one side and the Republic of Croatia on the other side are laid down in Protocol 42, 

-the Republic of Slovenia on the one side and the Republic of Croatia on the other side are laid down in Protocol 43.</article>
      <article number="ARTICLE 6" article_identifier="5889">With reference to Article 16 of the Central European Free Trade Agreement Protocol 7a concerning the definition of the concept of “originating products” and methods of administrative cooperation is hereby established and attached to this Agreement. Protocol 7a shall apply instead of Protocol 7 in respect of trade between the Parties if the product contains materials originating in Croatia as well as in respect of trade between the Republic of Croatia and any other Party.</article>
      <article number="ARTICLE 7" article_identifier="5890">1. References to co-operation in customs administration mentioned in paragraph 2 of Article 16 of the Central European Free Trade Agreement shall be understood that the mutual assistance between administrative authorities in customs matters of the Republic of Slovenia and the Republic of Croatia shall take place in accordance with the provisions of Annex I to Article 7 of this Agreement. 


2. References to co-operation in customs administration mentioned in paragraph 2 of Article 16 of the Central European Free Trade Agreement shall be understood that the mutual assistance between administrative authorities in customs matters of the Republic of Bulgaria and the Republic of Croatia shall take place in accordance with the provisions of Annex II to Article 7 of this Agreement.</article>
      <article number="ARTICLE 8" article_identifier="5891">This Agreement shall constitute an integral part of the Central European Free Trade Agreement.</article>
      <article number="ARTICLE 9" article_identifier="5892">1. This Agreement shall enter into force on the sixtieth day after receiving by the Depositary of the last notification of the Parties to the Central European Free Trade Agreement and of the Republic of Croatia on the completion of procedures necessary for that purpose. 


2. The Depositary shall, without any delay, notify all Parties of the completion of procedures necessary for entry into force of this Agreement. 


3. Pending the entry into force of this Agreement according to paragraph 1 of this Article this Agreement shall be applied from 1 March 2003, provided that Romania shall notify the other Parties, prior to 1 February 2003, that its internal legal requirements for entry into force of this Agreement are fulfilled and that Romania shall apply this Agreement from 1 March 2003. 


4. As from the date of entry into force of this Agreement the free trade agreements concluded 
between: 


-

the Republic of Bulgaria and the Republic 4 December 2001; 

of 

Croatia 

signed 



at 

Sofia 

on 
-

the Czech Republic 12 November 2001; 

and 

the 

Republic 

of 

Croatia 

signed 

at 

Prague 

on 
-

the Republic of Hungary22 February 2001; 

and the 

Republic of Croatia signed 

at 

Zagreb 

on 
-

the Republic of Poland7 November 2001; 

 and the Republic of Croatia signed 

at 

Warsaw 

on 
-

the Slovak Republic 6 November 2001; 

and 

the 

Republic 

of Croatia signed a



t Bratislava 

on 
-

the Republic of Slovenia and the Republic of Croatia signed 12 December 1997, 

at 

Zagreb 

on 
shall cease to be in force or shall not enter into force by mutual consent of the Parties concerned expressed in this Agreement. 

5. As from the date of the application of this Agreement the free trade agreements mentioned in paragraph 4 of this Article shall not be applied between their Contracting Parties.</article>
    </chapter>
    <chapter chapter_identifier="685">
      <article article_identifier="5893">IN WITNESS WHEREOF the undersigned plenipotentiaries, being duly authorized thereto, have signed this Agreement. 

DONE at Zagreb this 5 day of December 2002 in a single authentic copy in the English language which shall be deposited with the Government of the Republic of Poland. The Depositary shall transmit certified copies to all Parties. 

For the Republic of Bulgaria For the Republic of Croatia For the Czech Republic For the Republic of Hungary For the Republic of Poland  For Romania For the Slovak Republic For the Republic of Slovenia</article>
    </chapter>
  </body>
</treaty>
