<?xml version="1.0" encoding="UTF-8"?>
<treaty>
  <meta>
    <name>EC - Slovenia Cooperation Agreement</name>
    <type>Free Trade Agreement</type>
    <wto_rta_id>272</wto_rta_id>
    <treaty_identifier>234</treaty_identifier>
    <status>Inactive</status>
    <notification>GATT Art. XXIV</notification>
    <date_signed>1993-04-05</date_signed>
    <date_into_force>1993-07-19</date_into_force>
    <date_notification>1995-08-01</date_notification>
    <end_implementation/>
    <date_inactive>1997-01-01</date_inactive>
    <parties_original>
      <partyisocode n="1">BEL</partyisocode>
      <partyisocode n="2">DEU</partyisocode>
      <partyisocode n="3">DNK</partyisocode>
      <partyisocode n="4">ESP</partyisocode>
      <partyisocode n="5">FRA</partyisocode>
      <partyisocode n="6">GBR</partyisocode>
      <partyisocode n="7">GRC</partyisocode>
      <partyisocode n="8">IRL</partyisocode>
      <partyisocode n="9">ITA</partyisocode>
      <partyisocode n="10">LUX</partyisocode>
      <partyisocode n="11">NLD</partyisocode>
      <partyisocode n="12">PRT</partyisocode>
      <partyisocode n="13">SVN</partyisocode>
    </parties_original>
    <parties>
      <partyisocode n="1"/>
    </parties>
    <composition>Plurilateral</composition>
    <region>Europe</region>
    <parties_wto>Yes</parties_wto>
    <crossregional>No</crossregional>
    <language>en</language>
    <source lang="en" type="full text">http://docsonline.wto.org/imrd/gen_redirectsearchdirect.asp?RN=0&amp;searchtype=browse&amp;query=@meta_Symbol"WT/REG10/1"&amp;language=1&amp;ct=DDFEnglish</source>
    <source lang="es" type="full text">http://docsonline.wto.org/imrd/gen_redirectsearchdirect.asp?RN=0&amp;searchtype=browse&amp;query=@meta_Symbol"WT/REG10/1"&amp;language=3&amp;ct=DDFSpanish</source>
    <source lang="fr" type="full text">http://docsonline.wto.org/imrd/gen_redirectsearchdirect.asp?RN=0&amp;searchtype=browse&amp;query=@meta_Symbol"WT/REG10/1"&amp;language=2&amp;ct=DDFFrench</source>
  </meta>
  <body>
    <chapter name="Preamble" chapter_identifier="2341">
      <article number="ARTICLE 1" article_identifier="19451">The object of this Agreement between the Community and Slovenia is to promote overall cooperation between the Contracting Parties with a view to contributing to the economic and social development of Slovenia and helping to strengthen relations between the Parties. To this end, provisions and measures will be adopted and implemented in the fields of economic, technical and financial cooperation and trade. 

Respect for the democratic principles and human rights established by the Helsinki Final Act and the Charter of Paris for a New Europe shall inspire the domestic and international policies of the Community and Slovenia, and shall constitute an essential element of this Agreement.</article>
    </chapter>
    <chapter number="TITLE I" name="Economic, Technical And Financial Cooperation" chapter_identifier="2342">
      <article number="ARTICLE 2" article_identifier="19452">The Community and Slovenia shall institute cooperation with the aim of contributing to the development of Slovenia by efforts complementary to those made by Slovenia itself and of strengthening existing economic links between Slovenia and the Community on as broad a basis as possible, for the mutual benefit of the Contracting Parties.</article>
      <article number="ARTICLE 3" article_identifier="19453">In order to achieve the cooperation referred to in Article 2, account shall be taken, in particular, of Slovenia's development objectives and priorities.</article>
      <article number="ARTICLE 4" article_identifier="19454">1. The purpose of cooperation between the Community and Slovenia in the field of industry shall be to promote in particular: 

-Community involvement in the efforts made by Slovenia to modernize and restructure its industry with a view to encouraging the transition to a market economy, 

-market surveys and trade promotion by both Contracting Parties on their respective markets and on the markets of third countries, 

-encouragement of the transfer and development of technology in Slovenia, 

-the encouragement and fostering of cooperation in long-term production between economic operators of the two Parties in order to establish more stable and balanced links between the respective economies, 

-efforts to find appropriate ways and means of removing non-tariff and non-quota barriers on both sides which are likely to impede access to either market, 

-the putting up for tender of goods and services contracts, 

-the organization of contacts and meetings between industrial policy-makers, promoters and economic operators in order to encourage the establishment of new relations in the field of industry, in accordance with the objectives of this Agreement, 

-the exchange of available information on short and medium-term prospects and forecasts for production, consumption and trade. 


2. The Contracting Parties shall encourage the development and strengthening of small and medium-sized enterprises (SMEs) and cooperation between Community and Slovenian SMEs. 

To this end they shall encourage the exchange of information and the transfer of technology, in particular by establishing appropriate links (Business Cooperation Centre, Business Cooperation Network, Euro-Info, conferences and so on). 

3. The Contracting Parties shall take steps to promote and protect each other's investments in their respective territories and in this regard shall endeavour to conclude reciprocal investment promotion and protection agreements to their mutual advantage. 


4. The aim of cooperation in the field of energy between the Community and Slovenia shall be to encourage in particular the participation of the Contracting Parties' economic operators in research, production and processing programmes in connection with Slovenia's energy resources and any other projects of mutual interest.</article>
      <article number="ARTICLE 5" article_identifier="19455">1. The Community and Slovenia shall endeavour to continue to develop and strengthen scientific and technological cooperation under the programme of European cooperation in the field of scientific and technical research (COST). 


2. In addition, the Contracting Parties are prepared to consider cooperation in certain areas of research where the Community is carrying out scientific and technical programmes.</article>
      <article number="ARTICLE 6" article_identifier="19456">1. 	The main aims of cooperation in agriculture between the Community and Slovenia shall be: 

-to encourage scientific and technical cooperation on projects of mutual interest, including projects in third countries, 

-	in particular, to promote mutually advantageous investment projects and in that connection encourage efforts to find points of complementarity. 

2. 	To this end the Community and Slovenia shall: -step up the exchange of information on their agricultural policy guidelines, including short and medium-term production, consumption and trade-forecasts, -facilitate and encourage the study of practical schemes for cooperation in the mutual interest of both Contracting Parties, 

-	encourage the improvement and broadening of contacts between economic operators.</article>
      <article number="ARTICLE 7" article_identifier="19457">1. 	In the field of transport, the Community and Slovenia shall examine the scope: -forimprovinganddevelopinginternaltransportservices,includingcombinedtransport, 

notably in order to achieve complementarity, and 
-for implementing specific schemes of mutual interest in this field. 


2. Cooperation shall also aim to encourage the improvement and development of infrastructure, to the mutual benefit of the Contracting Parties. 
To this end the Community and Slovenia shall exchange information on projects of mutual interest to build trunk roads, and encourage cooperation in their execution. 

3. In addition, the Community and Slovenia shall: 

-hold exchanges of views and information on the development of their respective transport policies, 

-encourage cooperation between Adriatic ports on the basis of mutual interest.</article>
      <article number="ARTICLE 8" article_identifier="19458">The Community and Slovenia shall encourage exchanges of information on tourism and participation in joint studies on possible ways of developing this sector, and shall promote contacts between their competent bodies and tourist trade associations, with a view to increasing tourist traffic.</article>
      <article number="ARTICLE 9" article_identifier="19459">With the aim of improving the quality and circumstances of life, the environment and living conditions of both Contracting Parties, pooling technical know-how on environmental matters and encouraging cooperation on econological problems, the Community and Slovenia shall exchange information on developments in their respective policies and shall encourage the joint implementation of specific priority schemes.</article>
      <article number="ARTICLE 10" article_identifier="19460">The Community and Slovenia shall encourage exchanges of information on developments in their respective fisheries policies and the implementation of projects of mutual interest, with the aim of promoting and strengthening cooperation in this sector.</article>
      <article number="ARTICLE 11" article_identifier="19461">1. In the context of financial cooperation, the Community and Slovenia shall exchange information on and undertake joint analyses of their medium-term economic policies, balance-of-payments trends and the policies which determine them, and capital market trends operators in European centres, with the aim of promoting the activities of economic operators. 

They shall exchange information in the Cooperation Council set up in Article 38 on general conditions capable of having an influence on capital flows earmarked for financing investment projects in various sectors of mutual interest. 

2. The Community shall participate in the financing of capital projects of mutual interest which take account of the objectives of this Agreement, under the conditions laid down in the Protocol on financial cooperation.</article>
      <article number="ARTICLE 12" article_identifier="19462">1. Within the limits of their powers, the Contracting Parties shall make efforts to encourage and promote cooperation in the following fields: 

-information, 

-development of human resources, education and training, 

-statistics and customs, 

-telecommunications, 

-standardization. 


2. The Community shall help to approximate Slovenia's laws with those of the Community by providing appropriate technical assistance. 


3. The administrative authorities of the Contracting Parties shall assist each other in the customs field, in accordance with the provisions of the Protocol on the definition of the concept of originating products and on methods of administrative cooperation.</article>
      <article number="ARTICLE 13" article_identifier="19463">1. The Cooperation Council shall periodically define the general guidelines of cooperation for the purpose of attaining the aims set out in this Agreement. 


2. The Cooperation Council shall be responsible for seeking ways and means of establishing cooperation in the areas defined by this Agreement.</article>
    </chapter>
    <chapter number="TITLE II" name="Trade" chapter_identifier="2343">
      <article number="ARTICLE 14" article_identifier="19464">In the field of trade, the object of this Agreement is to promote trade between the Contracting Parties, taking account of the respective levels of development and of the need to ensure a better balance in their trade, with a view to improving the conditions for access for Slovenian products to the Community market.</article>
      <article number="ARTICLE 15" article_identifier="19465">Subject to the special provisions laid down in respect of certain products in Articles 16 and 17, products originating in Slovenia other than those listed in Annex II to the Treaty establishing the European Economic Community and in Annex A to this Agreement shall be imported into the Community free of quantitative restrictions and measures having equivalent effect, and of customs duties and charges having equivalent effect.</article>
      <article number="ARTICLE 16" article_identifier="19466">1. The Community shall establish the tariff arrangements for imports of the products originating in Slovenia listed in Annexes C I, C II, C III, C IV, D and E, subject to the conditions and within the limits of the ceilings or quotas which it shall set annually. 


2. The Community shall set quantitative import quotas for the textile products listed in Annex F. If necessary, these products will be covered by a separate agreement concluded between the Community and Slovenia.</article>
      <article number="ARTICLE 17" article_identifier="19467">Import duties, namely customs duties and levies (variable components) applied to imports into the Community of the products listed in Annex B shall be those indicated for each of them in that Annex.</article>
      <article number="ARTICLE 18" article_identifier="19468">1. For certain products, referred to in Article 15, which it considers to be sensitive, the Community reserves the right to call upon the Cooperation Council to determine such special conditions for access to its market as may prove necessary. 

The Cooperation Council shall determine the conditions in question within a period not exceeding three months from the date of notification. Failing a decision by the Cooperation Council within that period, the Community may take the necessary measures. However, such measures may not be wider in scope than those applicable, in respect of the products in question, pursuant to the provisions of Article 16 (1) under the conditions laid down by it. 

2. For the purposes of implementing paragraph 1, the Contracting Parties shall hold periodic exchanges of information in the Cooperation Council before determining, if appropriate, special conditions for access by the products concerned to the markets of each of the Contracting Parties. The Contracting Parties shall notably exchange information on trade flows and medium and long-term production and export forecasts. 


3. The Cooperation Council shall examine periodically the measures taken under paragraph 1 to ascertain whether they are compatible with the objectives of the Agreement.</article>
      <article number="ARTICLE 19" article_identifier="19469">The products referred to in the Agreement originating in Slovenia may not be given more favourable treatment when imported into the Community than that given by the Member States among themselves.</article>
      <article number="ARTICLE 20" article_identifier="19470">In the field of trade, Slovenia shall grant the Community treatment no less favourable than most-favoured-nation treatment.</article>
      <article number="ARTICLE 21" article_identifier="19471">This Agreement shall not affect the implementation of the specific arrangements governing the movement of goods laid down in frontier agreements previously concluded between one or more Member States and the Socialist Federal Republic of Yugoslavia.</article>
      <article number="ARTICLE 22" article_identifier="19472">1. The Contracting Parties shall inform each other when this Agreement is signed of the provisions relating to the trade arrangements they apply. 


2. Slovenia shall be entitled to introduce into its trade arrangements with the Community new customsduties and charges having equivalenteffect or new quantitative restrictions and measures having equivalent effect, and to increase the duties and charges or the quantitative restrictions and measures having equivalent effect applied to products originating in or intended for the Community, in so far as such measures are necessitated by Slovenia's industrialization and development. In accordance with the objectives of this Agreement, the measures selected by Slovenia shall be those which least harm the trade and economic interests of the Community. 


3. SloveniashallinformtheCommunityofthemeasuresinquestionsothatappropriatediscussions may be held on them at a suitable time. 


4. The Cooperation Council shall examine periodically the measures taken by Slovenia under paragraph 2.</article>
      <article number="ARTICLE 23" article_identifier="19473">The concept of originating products for the purposes of implementing Titles II and III and the methods of administrative cooperation relating thereto are laid down in the Protocol on originating products.</article>
      <article number="ARTICLE 24" article_identifier="19474">In the event of modifications to the nomenclature of the customs tariffs of the Contracting Parties affecting products referred to in this Agreement, the Cooperation Council may adapt the tariff nomenclature of these products to conform with such modifications, provided the real advantages resulting from this Agreement are maintained.</article>
      <article number="ARTICLE 25" article_identifier="19475">The Contracting Parties shall refrain from any internal tax establishing, whether directly or indirectly, discrimination between the products of one Contracting Party and like products originating in the territory of the other Contracting Party. 

Products exported to the territory of one of the Contracting Parties may not benefit from repayment of internal taxes in excess of the amount of direct or indirect taxes imposed upon them.</article>
      <article number="ARTICLE 26" article_identifier="19476">Payments relating to commercial transactions carried out in accordance with foreign trade and exchange regulations and the transfer of such payments to the Member State of the Community in which the creditor is resident or to Slovenia shall be free from any restrictions.</article>
      <article number="ARTICLE 27" article_identifier="19477">Slovenia shall take measures guaranteeing effective and appropriate protection of intellectual, industrial and commercial policy, at a level similar to that which exists in the Community, and shall accede to international conventions on intellectual, industrial and commercial property.</article>
      <article number="ARTICLE 28" article_identifier="19478">The Agreement shall not preclude prohibitions or restrictions on imports, exports or goods in transit justified on grounds of public morality, public policy or public security; the protection of health and life of humans, animals or plants; the protection of national treasures possessing artistic, historic or archaeological value; the protection of intellectual, industrial and commercial property, or rules relating to gold or silver. Such prohibitions or restrictions must not, however, constitute a means of arbitrary discrimination or a disguised restriction on trade between the Contracting Parties.</article>
      <article number="ARTICLE 29" article_identifier="19479">1. If one of the Contracting Parties finds that dumping is taking place in trade with the other Contracting Party, it may, pursuant to the Agreement on implementation of Article VI of the General Agreement on Tariffs and Trade (GATT), taking appropriate measures against this practice in accordance with the procedures laid down in Article 32. 


2. In the event of measures being taken against subsidies, the Contracting Parties undertake to observe the provisions of the Agreement on the interpretation and application of Articles VI, XVI and XXIII of GATT.</article>
      <article number="ARTICLE 30" article_identifier="19480">If serious disturbances arise in any sector of the economy or if difficulties arise which might bring about a serious deterioration in theeconomic situation of a region, the Contracting Party concerned may take the necessary safeguard measures under the conditions and in accordance with the procedures laid down in Article 32.</article>
      <article number="ARTICLE 31" article_identifier="19481">In the event of a Contracting Party subjecting imports of products liable to give rise to the difficulties referred to in Article 30 to an administrative procedure aimed at providing rapid information on the trend of trade flows, it shall inform the other Contracting Party.</article>
      <article number="ARTICLE 32" article_identifier="19482">1. With regard to Article 29 (1), the Cooperation Council must be informed of a case of dumping as soon as the authorities of the importing Contracting Party have started the investigation. If the dumping has not ceased or if no other satisfactory solution has been found within 30 days following notification of the matter to the Cooperation Council, the importing Contracting Party may adopt appropriate measures. 


2. In the cases specified in Article 30, before taking the measures provided for therein or, in cases to which paragraph 3 applies, as soon as possible, the Contracting Party in question shall supply the Cooperation Council with all relevant information required for a thorough examination of the situation, with a view to seeking a solution acceptable to the Contracting Parties. Consultations shall take place in the Cooperation Council before the Contracting Party concerned takes the appropriate measures, should the other Contracting Party so request. 


3. Where exceptional circumstances require immediate action making prior examination impossible, the Contracting Party concerned may, in the situations specified in Articles 29 and 30, apply forthwith such precautionary measures as are strictly necessary to remedy the situation. 


4. In the selection of measures, priority must be given to those which least disturb the functioning of the Agreement. Such measures must not exceed the limits of what is strictly necessary to counteract the difficulties which have arisen. 
The safeguard measures shall be notified immediately to the Cooperation Council, which shall hold periodic consultations on them, particularly with a view to their abolition as soon as circumstances permit.</article>
      <article number="ARTICLE 33" article_identifier="19483">In the event of a sudden and very substantial worsening of a trade imbalance which is liable to jeopardize the smooth functioning of this Agreement, the Contracting Parties shall hold special consultations within the Cooperation Council to examine the difficulties that have arisen with a view to keeping this Agreement functioning as normally as possible.</article>
      <article number="ARTICLE 34" article_identifier="19484">Where one or more Member States of the Community or Slovenia is in serious difficulties or is seriously threatened with difficulties as regards its balance of payments, the Contracting Party concerned may take the necessary safeguard measures. In the selection of measures, priority must be given to those which least disturb the functioning of the Agreement. They shall be notified immediately to the other Contracting Party and shall be the subject of periodic consultations within the Cooperation Council, particularly with a view to their abolition as soon as circumstances permit.</article>
    </chapter>
    <chapter number="TITLE III" name="Provisions Relating To The Osimo Agreements And Concerning Economic Cooperation Between Slovenia And Italy" chapter_identifier="2344">
      <article number="ARTICLE 35" article_identifier="19485">In order to promote regional cooperation, the Community and Slovenia shall give particular attention, as part of the implementation of their cooperation, to activities which come within the scope of the Agreements signed at Osimo on 10 November 1975 by the Italian Republic and the Socialist Federal Republic of Yugoslavia and to the transfrontier cooperation initiatives which form part of the general framework of economic cooperation between Italy and Slovenia. 

In particular, the Contracting Parties shall take account of their mutual interest in attaining the objectives referred to in the first subparagraph in the selection of projects that are to receive financial assistance in the context of cooperation.</article>
      <article number="ARTICLE 36" article_identifier="19486">1. Without prejudice to the possible use of the safeguard clause, the Community, within the framework of Community provisions governing free zones, and Slovenia shall grant free access to their markets to products that have obtained originating products, in the free frontier zones, zones which could be created by agreement between the Italian Republic and Republic of Slovenia within the meaning of the Agreement on the promotion of economic cooperation, signed in Osimo in 1975. 


2. They shall, as far as possible, avoid applying to those products measures they might take pursuant to Article 18 or 22 or the provisions referred to in Article 16 for the products listed in Annexes C I, C II, C III and C IV.</article>
      <article number="ARTICLE 37" article_identifier="19487">For the purposes of the implementation of Articles 35 and 36, the Community and Slovenia shall cooperate in accordance with the cooperation objectives referred to in Article 35.</article>
    </chapter>
    <chapter number="TITLE IV" name="General And Final Provisions" chapter_identifier="2345">
      <article number="ARTICLE 38" article_identifier="19488">1. A Cooperation Council is hereby established. It shall have the power, for the purpose of attaining the objectives set out in this Agreement, to take decisions in the cases provided for in the Agreement. 

The decisions taken shall be binding on the Contracting Parties, which shall take such measures as are required to implement them. 

2. The Cooperation Council may also formulate any resolutions, recommendations or opinions which it considers desirable for the attainment of the common objectives and the smooth functioning of this Agreement. 


3. 	The Cooperation Council shall adopt its own rules of procedure.</article>
      <article number="ARTICLE 39" article_identifier="19489">1. The Cooperation Council shall be composed of representatives of the Community on the one hand, and of representatives of Slovenia, on the other. 

The European Investment Bank shall participate in the work of the Cooperation Council where matters falling within its competence arise. 

2. Members of the Cooperation Council may be represented as laid down in its rules of procedure. 


3. The Cooperation Council shall act by mutual agreement between the Community, on the one hand, and Slovenia, on the other.</article>
      <article number="ARTICLE 40" article_identifier="19490">1. The office of Chairman of the Cooperation Council shall be held alternately by each of the Contracting Parties in accordance with the conditions to be laid down in the rules of procedure. 


2. Meetings of the Cooperation Council shall be called once a year by its Chairman. 
The Cooperation Council shall hold whatever additional meetings may be necessary, at the request of either Contracting Party, as laid down in its rules of procedure.</article>
      <article number="ARTICLE 41" article_identifier="19491">1. The Cooperation Council shall be assisted in the performance of its duties by a Cooperation Committee. 


2. It may decide to set up any other committee that can assist it in carrying out its duties. 


3. In its rules of procedure, the Cooperation Council shall determine the composition and duties of such committees and how they shall function.</article>
      <article number="ARTICLE 42" article_identifier="19492">Where, in the course of the exchanges of information provided for in this Agreement, problems arise or seem likely to arise in the general functioning of the Agreement, particularly in the field of trade, consultations shall take place between the Contracting Parties in the Cooperation Council with a view to avoiding market disturbances as far as possible.</article>
      <article number="ARTICLE 43" article_identifier="19493">Either Contracting Party shall provide, if so requested by the other Contracting Party, all relevant informationon anyagreements itconcludes containingtariff ortrade provisions,and onany amendments to its customs tariff or external trade arrangements. 

Where such amendments or agreements have a direct and specific impact on the functioning of the Agreement, appropriate consultations shall be held within the Cooperation Council at the request of the other Contracting Party so that the interests of the Contracting Parties may be taken into consideration.</article>
      <article number="ARTICLE 44" article_identifier="19494">When the Community concludes an association or cooperation agreement having a direct and specific impact on the functioning of this Agreement, appropriate consultations shall be held within the Cooperation Council so that the Community may take into consideration the interests of the Contracting Parties as defined by this Agreement. 

In the event of a third country acceding to the Community, appropriate consultations shall be held within the Cooperation Council so that the interests of the Contracting Parties as defined by this Agreement may be taken into consideration.</article>
      <article number="ARTICLE 45" article_identifier="19495">1. The Contracting Parties shall take any general or specific measures required to fulfil their obligations under this Agreement. They shall see to it that the objectives of this Agreement are attained. 


2. If either Contracting Party considers that the other Contracting Party has failed to fulfil an obligation under this Agreement, it may take appropriate measures. Before doing so, it shall supply the Cooperation Council with all relevant information required for a thorough examination of the situation, with a view to seeking a solution acceptable to the Contracting Parties. 


3. In the selection of measures, priority must be given to those which least disturb the functioning of this Agreement. These measures shall be notified immediately to the Cooperation Council, which shall hold consultations on them if the other Contracting Party so requests.</article>
      <article number="ARTICLE 46" article_identifier="19496">1. Any dispute which arises between the Contracting Parties concerning the interpretation of this Agreement may be placed before the Cooperation Council. 


2. If the Cooperation Council fails to settle the dispute at its next meeting, either Contracting Party may notify the other of the appointment of an arbitrator; the other Party must then appoint a second arbitrator within two months. 
The Cooperation Council shall appoint a third arbitrator. 
The decisions of the arbitrators shall be taken by majority vote. 
Each Party to the dispute must take the measures required for the implementation of the 
&gt;arbitrators' decision.</article>
      <article number="ARTICLE 47" article_identifier="19497">In the fields covered by this Agreement: -the arrangements applied by Slovenia in respect of the Community shall not give rise 

to any discrimination between the Member States and their nationals, whether natural or legal persons, -the arrangements applied by the Community in respect of Slovenia shall not give rise to any discrimination between Slovenian nationals, whether natural or legal persons.</article>
      <article number="ARTICLE 48" article_identifier="19498">Annexes A, B, C I, C II, C III, C IV, D, E and F, the Protocol on originating products and the declarations and Exchanges of Letters which appear in the Final Act shall form an integral part of this Agreement.</article>
      <article number="ARTICLE 49" article_identifier="19499">This Agreement is concluded for an unlimited period. Either Contracting Party may denounce this Agreement by notifying the other Contracting Party. 

This Agreement shall cease to apply six months after the date of such notification. The Parties reserve the right to suspend this Agreement in whole or in part, with immediate effect, if a serious breach of its essential provisions occurs.</article>
      <article number="ARTICLE 50" article_identifier="19500">The Contracting Parties shall examine, at the earliest opportunity, the possibility of concluding a 'Europe Agreement' establishing an association, with the particular aim of achieving a gradual and reciprocal removal of barriers to the bulk of their trade.</article>
      <article number="ARTICLE 51" article_identifier="19501">This Agreement shall apply, on the one hand, to the territories in which the Treaty establishing the European Economic Community is applied and under the conditions laid down in that Treaty and, on the other hand, to the territory of the Republic of Slovenia.</article>
      <article number="ARTICLE 52" article_identifier="19502">This Agreement is drawn up in duplicate in the Danish, Dutch, English, French, German, Greek, Italian, Portuguese, Spanish and Slovenian languages, each of these texts being equally authentic.</article>
      <article number="ARTICLE 53" article_identifier="19503">This Agreement shall be approved by the Contracting Parties in accordance with their own procedures. This Agreement shall enter into force on the first day of the second month following notification that the procedures referred to in the first paragraph have been completed.</article>
    </chapter>
  </body>
</treaty>
