<?xml version="1.0" encoding="UTF-8"?>
<treaty>
  <meta>
    <name>Egypt - Turkey</name>
    <type>Free Trade Agreement</type>
    <wto_rta_id>2</wto_rta_id>
    <treaty_identifier>2</treaty_identifier>
    <status>In Force</status>
    <notification>Enabling Clause</notification>
    <date_signed>2005-12-27</date_signed>
    <date_into_force>2007-03-01</date_into_force>
    <date_notification>2007-10-05</date_notification>
    <end_implementation>2020-12-30</end_implementation>
    <date_inactive/>
    <parties_original>
      <partyisocode n="1">EGY</partyisocode>
      <partyisocode n="2">TUR</partyisocode>
    </parties_original>
    <parties>
      <partyisocode n="1">EGY</partyisocode>
      <partyisocode n="2">TUR</partyisocode>
    </parties>
    <composition>Bilateral</composition>
    <region>Africa; Europe</region>
    <parties_wto>Yes</parties_wto>
    <crossregional>Yes</crossregional>
    <language>en</language>
    <source lang="en" type="full text">http://rtais.wto.org/rtadocs/2/TOA/English/Egypt-TurkeyAgreement.doc</source>
    <source lang="en" type="annex">http://rtais.wto.org/rtadocs/2/AnnexAndRelatedDocs/English/Egypt - Turkey Annexes.zip</source>
  </meta>
  <body>
    <chapter name="Preamble" chapter_identifier="18">
      <article number="ARTICLE 1" name="Objectives" article_identifier="176">The Parties shall gradually establish a free trade area between them in a transitional period not exceeding twelve years starting from the entry into force of this Agreement in accordance with the provisions of this Agreement and in conformity with Article XXIV of the GATT 1994 and the other multilateral agreements on trade in goods annexed to the Agreement establishing the WTO.
         
The objectives of this Agreement are:
         
to increase and enhance the economic co-operation between the Partiesto raise the living standards of the population of the two countries;
         
to eliminate difficulties and restrictions on trade in goods, including the agricultural products;
         
to promote, through the expansion of reciprocal trade, the harmonious development of the economic relations between the Parties;
         
to provide fair conditions of competition in trade between the Parties;
         
to create conditions for further encouragement of investments particularly for the development of joint investments in both countries;
         
to promote trade and co-operation between the Parties in third country markets.</article>
      <article number="ARTICLE 2" name="Basic Duties And Classification Of Goods" article_identifier="177">In trade between the Parties covered by this Agreement, the Parties shall apply their respective customs classification of goods for imports into them.
    
For each product the basic duty to which successive reductions set out in this Agreement are to be applied shall be the Most Favoured Nation (MFN) duty that is in force in the Parties on 1 January 2005.
    
If after 1 January 2005, any tariff reduction is applied on an erga omnes basis, in particular, reductions resulting from the tariff negotiations in the WTO, such reduced duties shall replace the basic duties referred to in paragraph 2 as from that date when such reductions are applied.
    
The Parties shall communicate to each other their respective basic duties.</article>
    </chapter>
    <chapter number="CHAPTER I" name="Industrial Products" chapter_identifier="19">
      <article number="ARTICLE 3" name="Scope" article_identifier="178">The provisions of this Chapter shall apply to products originating in the territory of each Party falling within Chapters 25 to 97 of the Harmonized Commodity Description and Coding System with the exception of the products listed in Annex I of this Agreement.</article>
      <article number="ARTICLE 4" name="Customs Duties On Imports And Charges Having Equivalent Effect" article_identifier="179">Customs duties and charges having equivalent effect on imports shall be abolished in accordance with the provisions of Protocol I to this Agreement.
    
From the date of entry into force of this Agreement no new customs duties on imports or charges having equivalent effect shall be introduced, nor shall those already applied be increased in trade between the Parties.</article>
      <article number="ARTICLE 5" name="Customs Duties Of A Fiscal Nature" article_identifier="180">The provisions concerning the abolition of customs duties on imports shall also apply to customs duties of a fiscal nature.</article>
      <article number="ARTICLE 6" name="Quantitative Restrictions On Imports And Measures Having Equivalent Effect" article_identifier="181">All quantitative restrictions on imports and measures having equivalent effect shall be abolished between the Parties upon the date of entry into force of this Agreement.
    From the date of the entry into force of this Agreement no new quantitative restriction on imports or measure having equivalent effect shall be introduced in trade between the Parties.</article>
      <article number="ARTICLE 7" name="Customs Duties On Exports And Charges Having Equivalent Effect" article_identifier="182">All customs duties on exports and any charges having equivalent effect shall be abolished between the Parties upon entry into force of this Agreement.
    
No new customs duties on exports or charges having equivalent effect shall be introduced in trade between the Parties from the date of entry into force of this Agreement.</article>
      <article number="ARTICLE 8" name="Quantitative Restrictions On Exports And Measures Having Equivalent Effect" article_identifier="183">All quantitative restrictions on exports and any measures having equivalent effect shall be abolished between the Parties upon the date of entry into force of this Agreement.
    
From the date of the entry into force of this Agreement no new quantitative restriction on exports or measure having equivalent effect shall be introduced in trade between the Parties.</article>
    </chapter>
    <chapter number="CHAPTER II" name="Basic Agricultural, Processed Agricultural And Fishery Products" chapter_identifier="20">
      <article number="ARTICLE 9" name="Scope" article_identifier="184">The provisions of this Chapter shall apply to basic agricultural, processed agricultural and fishery products originating in the territory of each Party.
    
The term "basic agricultural, processed agricultural and fishery products" (hereinafter referred to as agricultural products) means, for the purpose of this Agreement, the products falling within Chapters 01 to 24 of the Harmonized Commodity Description and Coding System and the products listed in Annex I of this Agreement.</article>
      <article number="ARTICLE 10" name="Exchange Of Concessions" article_identifier="185">The Parties to this Agreement declare their readiness to foster, in so far as their agricultural policies allow, the harmonious development of trade in agricultural products and to discuss this issue periodically in the Joint Committee.
    
In pursuance of this objective Protocol II providing the reciprocal concessions granted under this Agreement to facilitate trade in agricultural products has been concluded between the Parties.
    
Taking into account the role of agriculture in their respective economies; the development of trade in agricultural products between the Parties; the rules of their respective agricultural policies, the Parties shall progressively establish a greater liberalization of their trade in agricultural products of interest to both Parties.
    
During the annual meeting of the Joint Committee the Parties shall examine the situation in order to implement the objective set out in the paragraph 3, taking into consideration the development of the liberalization of trade in agricultural products under the WTO.
    
The Parties shall notify to the Joint Committee of the changes in their respective agricultural policies pursued or measures applied, which may affect the conditions of agricultural trade between the Parties as provided for in this Agreement. On the request of a Party prompt consultations within the Joint Committee shall be held to examine the situation.</article>
      <article number="ARTICLE 11" name="Sanitary And Phytosanitary Measures" article_identifier="186">The Parties shall not apply their regulations in sanitary and phytosanitary matters as an arbitrary or unjustifiable discrimination or a disguised restriction on trade between them. The Parties shall apply their sanitary measures within the rules and procedures of the GATT 1994 and the other relevant WTO agreements.</article>
    </chapter>
    <chapter number="CHAPTER III" name="Common Provisions" chapter_identifier="21">
      <article number="ARTICLE 12" name="Internal Taxation" article_identifier="187">The Parties commit themselves to apply any internal taxes and other charges and regulations in accordance with Article III of the GATT 1994 and other relevant WTO Agreements.
    
Exporters may not benefit from repayment of internal taxation in excess of the amount of direct or indirect taxation imposed on products exported to the territory of one of the Parties.</article>
      <article number="ARTICLE 13" name="Trade Relations Governed By Other Agreements" article_identifier="188">This Agreement shall not prevent the maintenance or establishment of customs unions, free trade areas or arrangements for cross-border trade of the Parties with third countries to the extent that these do not negatively affect the trade regime and in particular the provisions concerning rules of origin provided for in this Agreement.
    
Consultations between the Parties shall take place within the Joint Committee concerning agreements establishing customs unions or free trade areas and, where appropriate, on other major issues related to their respective trade policies with third countries. Such consultations shall take place so as to ensure that account is taken of the mutual interests of the Parties stated in this Agreement.</article>
      <article number="ARTICLE 14" name="Structural Adjustment" article_identifier="189">Exceptional measures of limited duration, which derogate from the provisions of Article 4, may be taken by Egypt in the form of increased customs duties.
    
These measures may only concern infant industries, or certain sectors undergoing restructuring or facing serious difficulties, particularly where these difficulties produce important social problems.
    
Customs duties applicable on imports into Egypt to products originating in Turkey introduced by these measures may not exceed 25% ad valorem and shall maintain an element of preference for products originating in Turkey. The total value of imports of the products, which are subject to these measures, may not exceed 20 % of total imports of industrial products from Turkeyas defined in Article 3, during the last year for which statistics are available.
    
These measures shall be applied for a period not exceeding five years unless a longer duration is authorized by the Joint Committee. They shall cease to apply at the latest on the expiry of the transitional period.
    
No such measures can be introduced in respect of a product if more than three years have elapsed since the elimination of all duties and quantitative restrictions or charges or measures having an equivalent effect concerning that product.
    
Egypt shall inform the Joint Committee of any exceptional measures she intends to take. At the request of Turkey, consultations shall be held in the Joint Committee on such measures and the sectors to which they apply before they are applied. When taking such measures Egypt shall provide the Joint Committee with a schedule for the elimination of the customs duties introduced under this Article. This schedule shall provide for a phasing out of these duties starting at the latest two years after their introduction, at equal rates. The Joint Committee may decide on a different schedule.</article>
      <article number="ARTICLE 15" name="Dumping" article_identifier="190">If a Party finds that dumping, within the meaning of Article VI of GATT 1994 is taking place in trade relations governed by this Agreement, it may take appropriate measures against that practice in accordance with Article VI of the GATT 1994 and the rules established by agreements related to that Article.</article>
      <article number="ARTICLE 16" name="Safeguard Measures" article_identifier="191">Where any product is being imported into either of the Parties in such increased quantities, each Party retains its rights and obligations under Article XIX of GATT 1994 and the WTO Agreement on Safeguard Measures. This Agreement does not confer any additional rights or obligations on the Parties with regard to safeguard measures.
    
The provisions of Article XIX of GATT 1994 and the WTO Agreement on Safeguards shall apply between the Parties.</article>
      <article number="ARTICLE 17" name="Re-Export And Serious Shortage" article_identifier="192">Where compliance with the provisions of Article 7 and 8leads to:
    
re-export towards a third country against which the exporting Party  maintains, for the product concerned, quantitative export restrictions, export duties or measures or charges having equivalent effect; or
    
a serious shortage, or threat thereof, of a product essential to the exporting Party;
    
and where the situations referred to above give rise or are likely to give rise to major difficulties for the exporting Party, that Party may take appropriate measures according to the procedures laid down in paragraph 2.
  
The difficulties arising from the situations referred to in paragraph 1 shall be submitted for examination to the Joint Committee. The Committee may take any decision needed to put an end to the difficulties. If it has not taken such a decision within thirty days of the matter being referred to it, the exporting Party may apply appropriate measures on the exportation of the product concerned. The measures shall be nondiscriminatory and be eliminated when conditions no longer justify their maintenance.</article>
      <article number="ARTICLE 18" name="General Exceptions" article_identifier="193">This Agreement shall not preclude prohibitions or restrictions on imports, exports or goods in transit justified on grounds of public morality, public policy or public security; the protection of health and life of humans, animals or plants; the protection of national treasures possessing artistic, historic or archaeological value; the protection of intellectual, industrial and commercial property. Such prohibitions or restrictions must not, however, constitute a means of arbitrary discrimination or a disguised restriction on trade between the Parties.</article>
      <article number="ARTICLE 19" name="Balance Of Payments Difficulties" article_identifier="194">Where either Party is in a serious balance of payments difficulties or under threat thereof, the Party concerned may in accordance with the conditions laid down within the framework of WTO/GATT 1994 and with Articles VIII and XIV of the Articles of Agreement of International Monetary Fund, adopt restrictive measures, which shall be of limited duration and may not go beyond what is necessary to remedy the balance of payments situation. The Party concerned shall inform the other Party forthwith of their introduction and present to the other Party, as soon as possible, a time schedule of their removal.</article>
      <article number="ARTICLE 20" name="Rules Of Origin And Co-Operation Between The Customs Administrations" article_identifier="195">The Parties agreed to apply the harmonized preferential rules of origin in the context of the System of Pan-Euro-Med Cumulation of Origin in the mutual trade.
      Protocol III lays down the rules of origin and methods of administrative co-operation.</article>
    </chapter>
    <chapter number="CHAPTER IV" name="State Monopolies, Competition Rules, Payments And Other Economic Provisions" chapter_identifier="22">
      <article number="ARTICLE 21" name="Payments And Transfers" article_identifier="196">Any payment arising from trade of goods, services and rights to non-material goods between the Parties shall be made in convertible currency, in accordance with the respective national legislation of the Parties.</article>
      <article number="ARTICLE 22" name="Rules Of Competition Concerning Undertakings" article_identifier="197">The following are incompatible with the proper functioning of this Agreement, insofar as they may affect trade between the Parties:
    
all agreements between undertakings, decisions by associations of undertakings and concerted practices between undertakings which have as their object or effect the prevention, restriction or distortion of competition;
    
abuse by one or more undertakings of dominant position in the territories of the Parties as a whole or in a substantial part thereof;
    
any public aid which distorts, or threatens to distort, competition by favoring certain undertakings or the production of certain goods.
    
The Joint Committee shall, within five years of the entry into force of this Agreement, adopt by decision the necessary rules for the implementation of paragraph 1. Until these rules are adopted, the provisions of Article 23 shall be applied as regard the implementation of paragraph 1.c).
    
Each Party shall ensure transparency in the area of public aid, inter alia by reporting annually to the other Party on the total amount and the distribution of the aid given and by providing, upon request, information on aid schemes. Upon request by one Party, the other Party shall provide information on particular individual cases of public aid.
    
If any Party considers that a particular practice is incompatible with the terms of the first paragraph of this Article, and:
    
is not adequately dealt with under the implementing rules referred to in paragraph 2, or
    
in the absence of such rules, and if such practice causes or threatens to cause serious prejudice to the interest of the other Party or material injury to its domestic industry, including its services industry,
    
it may take appropriate measures after consultation within the Joint Committee or after thirty working days following referral for such consultation.
  
With reference to practices incompatible with paragraph 1.c), such appropriate measures, when the WTO rules are applicable to them, may only be adopted in accordance with the procedures and under the conditions laid down by the WTO or by any other relevant instrument negotiated under its auspices and applicable to the Parties.
  
Notwithstanding any provisions to the contrary adopted in conformity with this Article, the Parties shall exchange information taking into account the limitations imposed by the requirements of professional and business secrecy.</article>
      <article number="ARTICLE 23" name="Subsidies" article_identifier="198">The rights and obligations of the Parties in respect of subsidies shall be governed by Articles VI and XVI of the GATT 1994, the WTO Agreement on Subsidies and Countervailing Measures and the WTO Agreement on Agriculture.
         
If a Party finds that subsidies are granted which affect bilateral trade, the Party concerned may take appropriate measures in accordance with the above mentioned Agreements.</article>
      <article number="ARTICLE 24" name="Intellectual Property Rights" article_identifier="199">The Parties to this Agreement shall grant and ensure adequate, effective and non-discriminatory protection of intellectual property rights, including measures for the enforcement of such rights against infringement thereof, counterfeiting and piracy, in accordance with the provisions of this Article and the relevant international agreements.
         
The Parties to this Agreement shall accord to each other’s nationals treatment no less favorable than that they accord to their own nationals. Exemption from this obligation must be in accordance with the substantive provisions of Article 3 of the TRIPS Agreement.
         
The Parties to this Agreement shall grant to each other’s nationals treatment no less favorable than that accorded to nationals of any other country. Exemptions from this obligation must be in accordance with the substantive provisions of the TRIPS Agreement, in particular Articles 4 and 5 thereof.
         
The implementation of this Article shall be regularly reviewed by the Parties. If problems in the area of intellectual property affecting trading conditions were to occur, urgent consultations shall be undertaken, at the request of either Party, with a view to reaching mutually satisfactory solutions.</article>
      <article number="ARTICLE 25" name="State Monopolies" article_identifier="200">The Parties shall progressively adjust any state monopoly of a commercial character so as to ensure that by the end of the fifth year following the entry into force of this Agreement, no discrimination regarding the conditions under which goods are procured and marketed will exist between nationals of the Parties. 
         
The Joint Committee shall be informed about the measures adopted to implement this objective.</article>
      <article number="ARTICLE 26" name="Public Procurement" article_identifier="201">The Parties agree on the objective of a progressive liberalization of public procurement. The Joint Committee will hold consultations on the implementation of this objective.</article>
      <article number="ARTICLE 27" name="Technical Regulations" article_identifier="202">The rights and obligations of the Parties in respect of technical regulations, standards and conformity assessment shall be governed by the WTO Agreement on Technical Barriers to Trade.
    
The Parties shall strengthen their co-operation in the field of technical regulations, standards and conformity assessment, with a view to increasing the mutual understanding of their respective systems and facilitating access to their respective markets. The Parties shall consult each other in the Joint Committee in view of the implementation of the objective set out in this Article.
    
Without prejudice to paragraph 1, the Parties agree to hold immediate consultations in the framework of the Joint Committee where either Party has taken measures which are likely to create, or have created an obstacle to trade, in order to find an appropriate solution in conformity with the WTO Agreement on Technical Barriers to Trade.</article>
      <article number="ARTICLE 28" name="Investment Promotion" article_identifier="203">The Parties recognize the importance of promoting investment and technology flows between them as a means of achieving economic growth and development. Co-operation in this respect shall include:
  
appropriate means of identifying investment opportunities and information channels on investment regulations;
    
the provision of information on the Parties’ measures promoting investment abroad (technical assistance, financial support, investment insurance, etc.);
    
the planning and implementation of development projects, including for the participation of foreign investors;
    
encouraging the creation of joint ventures, especially for SMEs and, when appropriate, the conclusion of agreements between Turkey and Egypt.</article>
    </chapter>
    <chapter number="CHAPTER V" name="Trade In Services" chapter_identifier="23">
      <article number="ARTICLE 29" article_identifier="204">The Parties shall aim at achieving gradual liberalization and the opening of their markets for trade in services in accordance with the provisions of the WTO General Agreement on Trade in Services (GATS), taking into account ongoing work under the auspices of the WTO.
    
The Parties shall, at regular intervals in the Joint Committee, review relevant services sectors and consider further liberalization of trade in services, taking into account international developments.</article>
    </chapter>
    <chapter number="CHAPTER VI" name="Institutional And Final Provisions" chapter_identifier="24">
      <article number="ARTICLE 30" name="Establishment Of The Joint Committee" article_identifier="205">A Joint Committee is hereby established in which each Party shall be represented. The Joint Committee shall be responsible for the administration of this Agreement and shall ensure its proper implementation.
     
For the purpose of the proper implementation of this Agreement, the Parties shall exchange information and, at the request of any Party, shall hold consultations within the Joint Committee. The Joint Committee shall keep under review the possibility of further removal of the obstacles to trade between the Parties.
     
The Joint Committee may take decisions in the cases provided for in this Agreement. On other matters the Joint Committee may make recommendations.</article>
      <article number="ARTICLE 31" name="Procedures Of The Joint Committee" article_identifier="206">For the proper implementation of this Agreement, the Joint Committee shall meet at an appropriate level whenever necessary upon request but at least once a year. Either Party may request a meeting to be held.
     
The Joint Committee shall act by consensus.
     
If a representative in the Joint Committee of a Party to this Agreement has accepted a decision subject to reservation of the fulfillment of constitutional requirements the decision shall enter into force, if no later date is contained therein, on the date of the receipt of the written notification stating that such requirements have been fulfilled.
     
The Joint Committee shall adopt its rules of procedure, which shall, inter-alia, contain provisions for convening meetings, and for the designation of its co-chairman.
     
The Joint Committee may decide to set up such sub-committees and working parties, as it considers necessary to assist it in accomplishing its tasks.</article>
      <article number="ARTICLE 32" name="Security Exceptions" article_identifier="207">Nothing in this Agreement shall prevent a Party from taking any measures:
  
which it considers necessary to prevent the disclosure of information contrary to its essential security interests;
    
which relate to the production of, or trade in, arms, munitions or war materials or to research, development or production indispensable for  defense purposes, provided that such measures do not impair the conditions of competition in respect of products not intended for specifically military purposes;
    
which it considers essential to its own security in the event of serious internal disturbances affecting the maintenance of law and order, in time of war or serious international tension constituting threat of war or in order to carry out obligations it has accepted for the purpose of maintaining peace and international security.</article>
      <article number="ARTICLE 33" name="Fulfillment Of Obligations" article_identifier="208">The Parties shall take all necessary measures to ensure the achievement of the objectives of this Agreement and the fulfillment of their obligations under this Agreement. Should any divergence with respect to the interpretation and application of this Agreement arise, the Parties shall make every effort through cooperation and consultations to arrive at a mutually satisfactory solution.
    
Either Party may request consultations with the other Party regarding any actual or proposed measure or any other matter that it considers might affect the operation of this Agreement. The Party requesting consultations shall at the same time notify the other Party in writing thereof and supply all relevant information.
    
The consultations shall take place in the Joint Committee, if any of the Parties so request, within 10 days from the receipt of the notification referred to in paragraph 2, with a view to finding a commonly acceptable solution.</article>
      <article number="ARTICLE 34" name="Dispute Settlement" article_identifier="209">Either Party may refer to the Joint Committee any dispute relating to the application or interpretation of this Agreement.
    
The Joint Committee may settle the dispute by means of decision.
    
Each Party shall be bound to take measures involved in carrying out the decision referred to in paragraph 2.
    
In the event if it not being possible to settle the dispute in accordance with paragraph 2, either Party may notify the other of the appointment of an arbitrator; the other Party must then appoint a second arbitrator within two months.
    
The Joint Committee shall appoint a third arbitrator.
    
The arbitrators’ decisions shall be taken by majority vote.
    
Each Party to the dispute shall take the steps required to implement the decision of the arbitrators.</article>
      <article number="ARTICLE 35" name="Evolutionary Clause" article_identifier="210">Where either Party considers that it would be useful and in the interest of the economies of the Parties to develop the relations established by this Agreement by extending them to fields not covered thereby, it shall submit a request to the other Party. The Joint Committee shall examine this request and, where appropriate, to make recommendations, particularly with a view to opening negotiations.
    
Agreements resulting from the procedure referred to in paragraph 1 will be subject to ratification or approval by the Parties to this Agreement in accordance with their national legislation.</article>
      <article number="ARTICLE 36" name="Amendments" article_identifier="211">Amendments to this Agreement, as well as to its Annexes and Protocols, shall enter into force on the date of receipt of the latter written notification through diplomatic channels, by which the Parties inform each other that all necessary requirements foreseen by their national legislation for the entry into force of this Agreement have been fulfilled.</article>
      <article number="ARTICLE 37" name="Protocols And Annexes" article_identifier="212">Protocols and Annexes to this Agreement shall form an integral part thereof. The Joint Committee may decide to amend the Protocols and Annexes in accordance with the national legislation of the Parties.</article>
      <article number="ARTICLE 38" name="Validity And Termination" article_identifier="213">This Agreement is concluded for an unlimited period.
    
Either party may denounce this Agreement by a written notification to the other Party. The Agreement shall terminate on the first day of the sixth month following the date when the other Party received the denunciationnotice.</article>
      <article number="ARTICLE 39" name="Entry Into Force" article_identifier="214">This Agreement shall enter into force on the first day of the second month, following the date of the receipt of the latter written notification through diplomatic channels, by which the Parties inform each other that all necessary requirements foreseen by their national legislation for the entry into force of this Agreement have been fulfilled.</article>
    </chapter>
    <chapter name="Conclusion" chapter_identifier="25">
      <article article_identifier="215">IN WITNESS WHEREOF the undersigned plenipotentiaries, being duly authorized thereto, have signed this Agreement.
  
DONE at................, this....day of ….…..., in two originals each in the Turkish, Arabic and English languages, all texts being equally authentic. In case of any divergence in the interpretation of this Agreement, the English text shall prevail.
  
For the Republic of Turkey    For the Arab Republic of Egypt
  
Kürşad TÜZMEN     Rachid Mohamed RACHID
  
State Minister  Minister of Foreign Trade and Industry</article>
    </chapter>
  </body>
</treaty>
